time_ms,takeoff,urm_is_reliable,air_gps_hour,air_gps_minute,air_gps_second,air_gps_centisecond,air_gps_latitude_deg,air_gps_longitude,air_gps_altitude_m,air_gps_groundspeed_ms,air_gps_heading_deg,filtered_bmp_altitude_m,filtered_urm_altitude_m,filtered_airspeed_ms,air_bmp_pressure_hPa,air_bmp_temperature_deg,air_bmp_altitude_m,air_sdp_differentialPressure_Pa,air_sdp_airspeed_ms,air_AoA_angle_deg,air_AoS_angle_deg,ics_angle,fslg_is_alive,fslg_bno_qw,fslg_bno_qx,fslg_bno_qy,fslg_bno_qz,fslg_bno_roll,fslg_bno_pitch,fslg_bno_yaw,fslg_lsm_roll,fslg_lsm_pitch,fslg_lsm_yaw,fslg_bmp_pressure_hPa,fslg_temperature_deg,fslg_bmp_altitude_m,fslg_bno_accx_mss,fslg_bno_accy_mss,fslg_bno_accz_mss,fslg_lsm_accx_mss,fslg_lsm_accy_mss,fslg_lsm_accz_mss,bno_cal_system,bno_cal_gyro,bno_cal_accel,bno_cal_mag,under_is_alive,under_bmp_pressure_hPa,under_bmp_temperature_deg,under_bmp_altitude_m,under_urm_altitude_m,under_tsd20_altitude_m
10,0,1,2,3,4,5,6,7,8,9,10,11,12,13,13,13,13,13,13,13,13,13,13,13,13,13,13,13,13,13,13,13,13,13,13,13,13,13,13,13,13,13,13,13,13,13,13,13,13,13,13,13
20,0,2,3,4,5,6,7,8,9,10,11,12,13,14,15,16,17,18,19,20,21,22,23,24,25,26,27,28,29,30,31,32,33,34,35,36,37,38,39,40,41,42,43,44,45,46,47,48,49,50,51,52
30,0,3,4,5,6,7,8,9,10,11,12,13,14,15,16,17,18,19,20,21,22,23,24,25,26,27,28,29,30,31,32,33,34,35,36,37,38,39,40,41,42,43,44,45,46,47,48,49,50,51,52,53
40,0,4,5,6,7,8,9,10,11,12,13,14,15,16,17,18,19,20,21,22,23,24,25,26,27,28,29,30,31,32,33,34,35,36,37,38,39,40,41,42,43,44,45,46,47,48,49,50,51,52,53,54
50,0,5,6,7,8,9,10,11,12,13,14,15,16,17,18,19,20,21,22,23,24,25,26,27,28,29,30,31,32,33,34,35,36,37,38,39,40,41,42,43,44,45,46,47,48,49,50,51,52,53,54,55
60,0,6,7,8,9,0,3,2,1,0,-1,-2,-3,-4,-5,-6,-7,-8,-9,-10,-11,-12,-13,-14,-15,-16,-17,-18,-19,-20,-21,-22,-23,-24,-25,-26,-27,-28,-29,-30,-31,-32,-33,-34,-35,-36,-37,-38,-39,-40,-41,-42
70,0,7,8,9,0,1,-1,-3,-5,-7,-9,-11,-13,-15,-17,-19,-21,-23,-25,-27,-29,-31,-33,-35,-37,-39,-41,-43,-45,-47,-49,-51,-53,-55,-57,-59,-61,-63,-65,-67,-69,-71,-73,-75,-77,-79,-81,-83,-85,-87,-89,-91
80,1,8,9,0,1,2,-2,-4,-6,-8,-10,-12,-14,-16,-18,-20,-22,-24,-26,-28,-30,-32,-34,-36,-38,-40,-42,-44,-46,-48,-50,-52,-54,-56,-58,-60,-62,-64,-66,-68,-70,-72,-74,-76,-78,-80,-82,-84,-86,-88,-90,-92
90,1,9,0,1,2,3,0,-1,-2,-3,-4,-5,-6,-7,-8,-9,-10,-11,-12,-13,-14,-15,-16,-17,-18,-19,-20,-21,-22,-23,-24,-25,-26,-27,-28,-29,-30,-31,-32,-33,-34,-35,-36,-37,-38,-39,-40,-41,-42,-43,-44,-45
100,1,0,1,2,3,4,5,6,7,8,9,10,11,12,13,14,15,16,17,18,19,20,21,22,23,24,25,26,27,28,29,30,31,32,33,34,35,36,37,38,39,40,41,42,43,44,45,46,47,48,49,50
110,1,1,2,3,4,5,6,7,8,9,10,11,12,13,14,15,16,17,18,19,20,21,22,23,24,25,26,27,28,29,30,31,32,33,34,35,36,37,38,39,40,41,42,43,44,45,46,47,48,49,50,51
120,1,2,3,4,5,6,7,8,9,10,11,12,13,14,15,16,17,18,19,20,21,22,23,24,25,26,27,28,29,30,31,32,33,34,35,36,37,38,39,40,41,42,43,44,45,46,47,48,49,50,51,52
130,1,3,4,5,6,7,8,9,10,11,12,13,14,15,16,17,18,19,20,21,22,23,24,25,26,27,28,29,30,31,32,33,34,35,36,37,38,39,40,41,42,43,44,45,46,47,48,49,50,51,52,53
140,2,4,5,6,7,8,9,10,11,12,13,14,15,16,17,18,19,20,21,22,23,24,25,26,27,28,29,30,31,32,33,34,35,36,37,38,39,40,41,42,43,44,45,46,47,48,49,50,51,52,53,54
150,2,5,6,7,8,9,10,11,12,13,14,15,16,17,18,19,20,21,22,23,24,25,26,27,28,29,30,31,32,33,34,35,36,37,38,39,40,41,42,43,44,45,46,47,48,49,50,51,52,53,54,55
160,2,6,7,8,9,0,3,2,1,0,-1,-2,-3,-4,-5,-6,-7,-8,-9,-10,-11,-12,-13,-14,-15,-16,-17,-18,-19,-20,-21,-22,-23,-24,-25,-26,-27,-28,-29,-30,-31,-32,-33,-34,-35,-36,-37,-38,-39,-40,-41,-42
170,2,7,8,9,0,1,-1,-3,-5,-7,-9,-11,-13,-15,-17,-19,-21,-23,-25,-27,-29,-31,-33,-35,-37,-39,-41,-43,-45,-47,-49,-51,-53,-55,-57,-59,-61,-63,-65,-67,-69,-71,-73,-75,-77,-79,-81,-83,-85,-87,-89,-91
180,2,8,9,0,1,2,-2,-4,-6,-8,-10,-12,-14,-16,-18,-20,-22,-24,-26,-28,-30,-32,-34,-36,-38,-40,-42,-44,-46,-48,-50,-52,-54,-56,-58,-60,-62,-64,-66,-68,-70,-72,-74,-76,-78,-80,-82,-84,-86,-88,-90,-92
190,3,9,0,1,2,3,0,-1,-2,-3,-4,-5,-6,-7,-8,-9,-10,-11,-12,-13,-14,-15,-16,-17,-18,-19,-20,-21,-22,-23,-24,-25,-26,-27,-28,-29,-30,-31,-32,-33,-34,-35,-36,-37,-38,-39,-40,-41,-42,-43,-44,-45
200,3,0,1,2,3,4,5,6,7,8,9,10,11,12,13,14,15,16,17,18,19,20,21,22,23,24,25,26,27,28,29,30,31,32,33,34,35,36,37,38,39,40,41,42,43,44,45,46,47,48,49,50
210,3,1,2,3,4,5,6,7,8,9,10,11,12,13,14,15,16,17,18,19,20,21,22,23,24,25,26,27,28,29,30,31,32,33,34,35,36,37,38,39,40,41,42,43,44,45,46,47,48,49,50,51
220,3,2,3,4,5,6,7,8,9,10,11,12,13,14,15,16,17,18,19,20,21,22,23,24,25,26,27,28,29,30,31,32,33,34,35,36,37,38,39,40,41,42,43,44,45,46,47,48,49,50,51,52
230,3,3,4,5,6,7,8,9,10,11,12,13,14,15,16,17,18,19,20,21,22,23,24,25,26,27,28,29,30,31,32,33,34,35,36,37,38,39,40,41,42,43,44,45,46,47,48,49,50,51,52,53
240,4,4,5,6,7,8,9,10,11,12,13,14,15,16,17,18,19,20,21,22,23,24,25,26,27,28,29,30,31,32,33,34,35,36,37,38,39,40,41,42,43,44,45,46,47,48,49,50,51,52,53,54
250,4,5,6,7,8,9,10,11,12,13,14,15,16,17,18,19,20,21,22,23,24,25,26,27,28,29,30,31,32,33,34,35,36,37,38,39,40,41,42,43,44,45,46,47,48,49,50,51,52,53,54,55
260,4,6,7,8,9,0,3,2,1,0,-1,-2,-3,-4,-5,-6,-7,-8,-9,-10,-11,-12,-13,-14,-15,-16,-17,-18,-19,-20,-21,-22,-23,-24,-25,-26,-27,-28,-29,-30,-31,-32,-33,-34,-35,-36,-37,-38,-39,-40,-41,-42
270,4,7,8,9,0,1,-1,-3,-5,-7,-9,-11,-13,-15,-17,-19,-21,-23,-25,-27,-29,-31,-33,-35,-37,-39,-41,-43,-45,-47,-49,-51,-53,-55,-57,-59,-61,-63,-65,-67,-69,-71,-73,-75,-77,-79,-81,-83,-85,-87,-89,-91
280,4,8,9,0,1,2,-2,-4,-6,-8,-10,-12,-14,-16,-18,-20,-22,-24,-26,-28,-30,-32,-34,-36,-38,-40,-42,-44,-46,-48,-50,-52,-54,-56,-58,-60,-62,-64,-66,-68,-70,-72,-74,-76,-78,-80,-82,-84,-86,-88,-90,-92
290,5,9,0,1,2,3,0,-1,-2,-3,-4,-5,-6,-7,-8,-9,-10,-11,-12,-13,-14,-15,-16,-17,-18,-19,-20,-21,-22,-23,-24,-25,-26,-27,-28,-29,-30,-31,-32,-33,-34,-35,-36,-37,-38,-39,-40,-41,-42,-43,-44,-45
300,5,0,1,2,3,4,5,6,7,8,9,10,11,12,13,14,15,16,17,18,19,20,21,22,23,24,25,26,27,28,29,30,31,32,33,34,35,36,37,38,39,40,41,42,43,44,45,46,47,48,49,50
310,5,1,2,3,4,5,6,7,8,9,10,11,12,13,14,15,16,17,18,19,20,21,22,23,24,25,26,27,28,29,30,31,32,33,34,35,36,37,38,39,40,41,42,43,44,45,46,47,48,49,50,51
320,5,2,3,4,5,6,7,8,9,10,11,12,13,14,15,16,17,18,19,20,21,22,23,24,25,26,27,28,29,30,31,32,33,34,35,36,37,38,39,40,41,42,43,44,45,46,47,48,49,50,51,52
330,5,3,4,5,6,7,8,9,10,11,12,13,14,15,16,17,18,19,20,21,22,23,24,25,26,27,28,29,30,31,32,33,34,35,36,37,38,39,40,41,42,43,44,45,46,47,48,49,50,51,52,53
340,6,4,5,6,7,8,9,10,11,12,13,14,15,16,17,18,19,20,21,22,23,24,25,26,27,28,29,30,31,32,33,34,35,36,37,38,39,40,41,42,43,44,45,46,47,48,49,50,51,52,53,54
350,6,5,6,7,8,9,10,11,12,13,14,15,16,17,18,19,20,21,22,23,24,25,26,27,28,29,30,31,32,33,34,35,36,37,38,39,40,41,42,43,44,45,46,47,48,49,50,51,52,53,54,55
360,6,6,7,8,9,0,3,2,1,0,-1,-2,-3,-4,-5,-6,-7,-8,-9,-10,-11,-12,-13,-14,-15,-16,-17,-18,-19,-20,-21,-22,-23,-24,-25,-26,-27,-28,-29,-30,-31,-32,-33,-34,-35,-36,-37,-38,-39,-40,-41,-42
370,6,7,8,9,0,1,-1,-3,-5,-7,-9,-11,-13,-15,-17,-19,-21,-23,-25,-27,-29,-31,-33,-35,-37,-39,-41,-43,-45,-47,-49,-51,-53,-55,-57,-59,-61,-63,-65,-67,-69,-71,-73,-75,-77,-79,-81,-83,-85,-87,-89,-91
380,7,8,9,0,1,2,-2,-4,-6,-8,-10,-12,-14,-16,-18,-20,-22,-24,-26,-28,-30,-32,-34,-36,-38,-40,-42,-44,-46,-48,-50,-52,-54,-56,-58,-60,-62,-64,-66,-68,-70,-72,-74,-76,-78,-80,-82,-84,-86,-88,-90,-92
390,7,9,0,1,2,3,0,-1,-2,-3,-4,-5,-6,-7,-8,-9,-10,-11,-12,-13,-14,-15,-16,-17,-18,-19,-20,-21,-22,-23,-24,-25,-26,-27,-28,-29,-30,-31,-32,-33,-34,-35,-36,-37,-38,-39,-40,-41,-42,-43,-44,-45
400,7,0,1,2,3,4,5,6,7,8,9,10,11,12,13,14,15,16,17,18,19,20,21,22,23,24,25,26,27,28,29,30,31,32,33,34,35,36,37,38,39,40,41,42,43,44,45,46,47,48,49,50
410,6.961538462,5.076923077,4.538461538,4.153846154,3.923076923,3.846153846,3.384615385,3.076923077,2.769230769,2.461538462,2.153846154,1.846153846,1.538461538,1.230769231,0.973076923,0.715384615,0.457692308,0.2,-0.057692308,-0.315384615,-0.573076923,-0.830769231,-1.088461538,-1.346153846,-1.603846154,-1.861538462,-2.119230769,-2.376923077,-2.634615385,-2.892307692,-3.15,-3.407692308,-3.665384615,-3.923076923,-4.180769231,-4.438461538,-4.696153846,-4.953846154,-5.211538462,-5.469230769,-5.726923077,-5.984615385,-6.242307692,-6.5,-6.757692308,-7.015384615,-7.273076923,-7.530769231,-7.788461538,-8.046153846,-8.303846154,-8.561538462
420,7.153564728,5.105065666,4.540337711,4.1369606,3.894934334,3.814258912,3.330206379,3.00750469,2.684803002,2.362101313,2.039399625,1.716697936,1.393996248,1.071294559,0.802251407,0.533208255,0.264165103,-0.004878049,-0.273921201,-0.542964353,-0.812007505,-1.081050657,-1.350093809,-1.619136961,-1.888180113,-2.157223265,-2.426266417,-2.695309568,-2.96435272,-3.233395872,-3.502439024,-3.771482176,-4.040525328,-4.30956848,-4.578611632,-4.847654784,-5.116697936,-5.385741088,-5.65478424,-5.923827392,-6.192870544,-6.461913696,-6.730956848,-7,-7.269043152,-7.538086304,-7.807129456,-8.076172608,-8.34521576,-8.614258912,-8.883302064,-9.152345216
430,7.345590994,5.133208255,4.542213884,4.120075047,3.866791745,3.782363977,3.275797373,2.938086304,2.600375235,2.262664165,1.924953096,1.587242026,1.249530957,0.911819887,0.631425891,0.351031895,0.070637899,-0.209756098,-0.490150094,-0.77054409,-1.050938086,-1.331332083,-1.611726079,-1.892120075,-2.172514071,-2.452908068,-2.733302064,-3.01369606,-3.294090056,-3.574484053,-3.854878049,-4.135272045,-4.415666041,-4.696060038,-4.976454034,-5.25684803,-5.537242026,-5.817636023,-6.098030019,-6.378424015,-6.658818011,-6.939212008,-7.219606004,-7.5,-7.780393996,-8.060787992,-8.341181989,-8.621575985,-8.901969981,-9.182363977,-9.462757974,-9.74315197
440,7.537617261,5.161350844,4.544090056,4.103189493,3.838649156,3.750469043,3.221388368,2.868667917,2.515947467,2.163227017,1.810506567,1.457786116,1.105065666,0.752345216,0.460600375,0.168855535,-0.122889306,-0.414634146,-0.706378987,-0.998123827,-1.289868668,-1.581613508,-1.873358349,-2.165103189,-2.45684803,-2.748592871,-3.040337711,-3.332082552,-3.623827392,-3.915572233,-4.207317073,-4.499061914,-4.790806754,-5.082551595,-5.374296435,-5.666041276,-5.957786116,-6.249530957,-6.541275797,-6.833020638,-7.124765478,-7.416510319,-7.708255159,-8,-8.291744841,-8.583489681,-8.875234522,-9.166979362,-9.458724203,-9.750469043,-10.04221388,-10.33395872
450,7.729643527,5.189493433,4.545966229,4.08630394,3.810506567,3.718574109,3.166979362,2.799249531,2.4315197,2.063789869,1.696060038,1.328330206,0.960600375,0.592870544,0.289774859,-0.013320826,-0.31641651,-0.619512195,-0.92260788,-1.225703565,-1.52879925,-1.831894934,-2.134990619,-2.438086304,-2.741181989,-3.044277674,-3.347373358,-3.650469043,-3.953564728,-4.256660413,-4.559756098,-4.862851782,-5.165947467,-5.469043152,-5.772138837,-6.075234522,-6.378330206,-6.681425891,-6.984521576,-7.287617261,-7.590712946,-7.89380863,-8.196904315,-8.5,-8.803095685,-9.10619137,-9.409287054,-9.712382739,-10.01547842,-10.31857411,-10.62166979,-10.92476548
460,7.921669794,5.217636023,4.547842402,4.069418386,3.782363977,3.686679174,3.112570356,2.729831144,2.347091932,1.96435272,1.581613508,1.198874296,0.816135084,0.433395872,0.118949343,-0.195497186,-0.509943715,-0.824390244,-1.138836773,-1.453283302,-1.767729831,-2.08217636,-2.396622889,-2.711069418,-3.025515947,-3.339962477,-3.654409006,-3.968855535,-4.283302064,-4.597748593,-4.912195122,-5.226641651,-5.54108818,-5.855534709,-6.169981238,-6.484427767,-6.798874296,-7.113320826,-7.427767355,-7.742213884,-8.056660413,-8.371106942,-8.685553471,-9,-9.314446529,-9.628893058,-9.943339587,-10.25778612,-10.57223265,-10.88667917,-11.2011257,-11.51557223
470,8.11369606,5.245778612,4.549718574,4.052532833,3.754221388,3.65478424,3.058161351,2.660412758,2.262664165,1.864915572,1.467166979,1.069418386,0.671669794,0.273921201,-0.051876173,-0.377673546,-0.703470919,-1.029268293,-1.355065666,-1.680863039,-2.006660413,-2.332457786,-2.658255159,-2.984052533,-3.309849906,-3.63564728,-3.961444653,-4.287242026,-4.6130394,-4.938836773,-5.264634146,-5.59043152,-5.916228893,-6.242026266,-6.56782364,-6.893621013,-7.219418386,-7.54521576,-7.871013133,-8.196810507,-8.52260788,-8.848405253,-9.174202627,-9.5,-9.825797373,-10.15159475,-10.47739212,-10.80318949,-11.12898687,-11.45478424,-11.78058161,-12.10637899
480,8.305722326,5.273921201,4.551594747,4.03564728,3.726078799,3.622889306,3.003752345,2.590994371,2.178236398,1.765478424,1.35272045,0.939962477,0.527204503,0.114446529,-0.222701689,-0.559849906,-0.896998124,-1.234146341,-1.571294559,-1.908442777,-2.245590994,-2.582739212,-2.91988743,-3.257035647,-3.594183865,-3.931332083,-4.2684803,-4.605628518,-4.942776735,-5.279924953,-5.617073171,-5.954221388,-6.291369606,-6.628517824,-6.965666041,-7.302814259,-7.639962477,-7.977110694,-8.314258912,-8.651407129,-8.988555347,-9.325703565,-9.662851782,-10,-10.33714822,-10.67429644,-11.01144465,-11.34859287,-11.68574109,-12.02288931,-12.36003752,-12.69718574
490,8.497748593,5.30206379,4.553470919,4.018761726,3.69793621,3.590994371,2.94934334,2.521575985,2.09380863,1.666041276,1.238273921,0.810506567,0.382739212,-0.045028143,-0.393527205,-0.742026266,-1.090525328,-1.43902439,-1.787523452,-2.136022514,-2.484521576,-2.833020638,-3.1815197,-3.530018762,-3.878517824,-4.227016886,-4.575515947,-4.924015009,-5.272514071,-5.621013133,-5.969512195,-6.318011257,-6.666510319,-7.015009381,-7.363508443,-7.712007505,-8.060506567,-8.409005629,-8.75750469,-9.106003752,-9.454502814,-9.803001876,-10.15150094,-10.5,-10.84849906,-11.19699812,-11.54549719,-11.89399625,-12.24249531,-12.59099437,-12.93949343,-13.2879925
500,8.689774859,5.330206379,4.555347092,4.001876173,3.669793621,3.559099437,2.894934334,2.452157598,2.009380863,1.566604128,1.123827392,0.681050657,0.238273921,-0.204502814,-0.56435272,-0.924202627,-1.284052533,-1.643902439,-2.003752345,-2.363602251,-2.723452158,-3.083302064,-3.44315197,-3.803001876,-4.162851782,-4.522701689,-4.882551595,-5.242401501,-5.602251407,-5.962101313,-6.32195122,-6.681801126,-7.041651032,-7.401500938,-7.761350844,-8.12120075,-8.481050657,-8.840900563,-9.200750469,-9.560600375,-9.920450281,-10.28030019,-10.64015009,-11,-11.35984991,-11.71969981,-12.07954972,-12.43939962,-12.79924953,-13.15909944,-13.51894934,-13.87879925
510,8.881801126,5.358348968,4.557223265,3.984990619,3.641651032,3.527204503,2.840525328,2.382739212,1.924953096,1.467166979,1.009380863,0.551594747,0.09380863,-0.363977486,-0.735178236,-1.106378987,-1.477579737,-1.848780488,-2.219981238,-2.591181989,-2.962382739,-3.33358349,-3.70478424,-4.075984991,-4.447185741,-4.818386492,-5.189587242,-5.560787992,-5.931988743,-6.303189493,-6.674390244,-7.045590994,-7.416791745,-7.787992495,-8.159193246,-8.530393996,-8.901594747,-9.272795497,-9.643996248,-10.015197,-10.38639775,-10.7575985,-11.12879925,-11.5,-11.87120075,-12.2424015,-12.61360225,-12.984803,-13.35600375,-13.7272045,-14.09840525,-14.469606
520,9.073827392,5.386491557,4.559099437,3.968105066,3.613508443,3.495309568,2.786116323,2.313320826,1.840525328,1.367729831,0.894934334,0.422138837,-0.05065666,-0.523452158,-0.906003752,-1.288555347,-1.671106942,-2.053658537,-2.436210131,-2.818761726,-3.201313321,-3.583864916,-3.96641651,-4.348968105,-4.7315197,-5.114071295,-5.496622889,-5.879174484,-6.261726079,-6.644277674,-7.026829268,-7.409380863,-7.791932458,-8.174484053,-8.557035647,-8.939587242,-9.322138837,-9.704690432,-10.08724203,-10.46979362,-10.85234522,-11.23489681,-11.61744841,-12,-12.38255159,-12.76510319,-13.14765478,-13.53020638,-13.91275797,-14.29530957,-14.67786116,-15.06041276
530,9.265853659,5.414634146,4.56097561,3.951219512,3.585365854,3.463414634,2.731707317,2.243902439,1.756097561,1.268292683,0.780487805,0.292682927,-0.195121951,-0.682926829,-1.076829268,-1.470731707,-1.864634146,-2.258536585,-2.652439024,-3.046341463,-3.440243902,-3.834146341,-4.22804878,-4.62195122,-5.015853659,-5.409756098,-5.803658537,-6.197560976,-6.591463415,-6.985365854,-7.379268293,-7.773170732,-8.167073171,-8.56097561,-8.954878049,-9.348780488,-9.742682927,-10.13658537,-10.5304878,-10.92439024,-11.31829268,-11.71219512,-12.10609756,-12.5,-12.89390244,-13.28780488,-13.68170732,-14.07560976,-14.4695122,-14.86341463,-15.25731707,-15.65121951
540,9.457879925,5.442776735,4.562851782,3.934333959,3.557223265,3.4315197,2.677298311,2.174484053,1.671669794,1.168855535,0.666041276,0.163227017,-0.339587242,-0.842401501,-1.247654784,-1.652908068,-2.058161351,-2.463414634,-2.868667917,-3.273921201,-3.679174484,-4.084427767,-4.489681051,-4.894934334,-5.300187617,-5.705440901,-6.110694184,-6.515947467,-6.92120075,-7.326454034,-7.731707317,-8.1369606,-8.542213884,-8.947467167,-9.35272045,-9.757973734,-10.16322702,-10.5684803,-10.97373358,-11.37898687,-11.78424015,-12.18949343,-12.59474672,-13,-13.40525328,-13.81050657,-14.21575985,-14.62101313,-15.02626642,-15.4315197,-15.83677298,-16.24202627
550,9.649906191,5.470919325,4.564727955,3.917448405,3.529080675,3.399624765,2.622889306,2.105065666,1.587242026,1.069418386,0.551594747,0.033771107,-0.484052533,-1.001876173,-1.4184803,-1.835084428,-2.251688555,-2.668292683,-3.084896811,-3.501500938,-3.918105066,-4.334709193,-4.751313321,-5.167917448,-5.584521576,-6.001125704,-6.417729831,-6.834333959,-7.250938086,-7.667542214,-8.084146341,-8.500750469,-8.917354597,-9.333958724,-9.750562852,-10.16716698,-10.58377111,-11.00037523,-11.41697936,-11.83358349,-12.25018762,-12.66679174,-13.08339587,-13.5,-13.91660413,-14.33320826,-14.74981238,-15.16641651,-15.58302064,-15.99962477,-16.41622889,-16.83283302
560,9.841932458,5.499061914,4.566604128,3.900562852,3.500938086,3.367729831,2.5684803,2.03564728,1.502814259,0.969981238,0.437148218,-0.095684803,-0.628517824,-1.161350844,-1.589305816,-2.017260788,-2.44521576,-2.873170732,-3.301125704,-3.729080675,-4.157035647,-4.584990619,-5.012945591,-5.440900563,-5.868855535,-6.296810507,-6.724765478,-7.15272045,-7.580675422,-8.008630394,-8.436585366,-8.864540338,-9.29249531,-9.720450281,-10.14840525,-10.57636023,-11.0043152,-11.43227017,-11.86022514,-12.28818011,-12.71613508,-13.14409006,-13.57204503,-14,-14.42795497,-14.85590994,-15.28386492,-15.71181989,-16.13977486,-16.56772983,-16.9956848,-17.42363977
570,10.03395872,5.527204503,4.5684803,3.883677298,3.472795497,3.335834897,2.514071295,1.966228893,1.418386492,0.87054409,0.322701689,-0.225140713,-0.772983114,-1.320825516,-1.760131332,-2.199437148,-2.638742964,-3.07804878,-3.517354597,-3.956660413,-4.395966229,-4.835272045,-5.274577861,-5.713883677,-6.153189493,-6.59249531,-7.031801126,-7.471106942,-7.910412758,-8.349718574,-8.78902439,-9.228330206,-9.667636023,-10.10694184,-10.54624765,-10.98555347,-11.42485929,-11.8641651,-12.30347092,-12.74277674,-13.18208255,-13.62138837,-14.06069418,-14.5,-14.93930582,-15.37861163,-15.81791745,-16.25722326,-16.69652908,-17.1358349,-17.57514071,-18.01444653
580,10.22598499,5.555347092,4.570356473,3.866791745,3.444652908,3.303939962,2.459662289,1.896810507,1.333958724,0.771106942,0.208255159,-0.354596623,-0.917448405,-1.480300188,-1.930956848,-2.381613508,-2.832270169,-3.282926829,-3.73358349,-4.18424015,-4.634896811,-5.085553471,-5.536210131,-5.986866792,-6.437523452,-6.888180113,-7.338836773,-7.789493433,-8.240150094,-8.690806754,-9.141463415,-9.592120075,-10.04277674,-10.4934334,-10.94409006,-11.39474672,-11.84540338,-12.29606004,-12.7467167,-13.19737336,-13.64803002,-14.09868668,-14.54934334,-15,-15.45065666,-15.90131332,-16.35196998,-16.80262664,-17.2532833,-17.70393996,-18.15459662,-18.60525328
590,10.41801126,5.583489681,4.572232645,3.849906191,3.416510319,3.272045028,2.405253283,1.82739212,1.249530957,0.671669794,0.09380863,-0.484052533,-1.061913696,-1.639774859,-2.101782364,-2.563789869,-3.025797373,-3.487804878,-3.949812383,-4.411819887,-4.873827392,-5.335834897,-5.797842402,-6.259849906,-6.721857411,-7.183864916,-7.64587242,-8.107879925,-8.56988743,-9.031894934,-9.493902439,-9.955909944,-10.41791745,-10.87992495,-11.34193246,-11.80393996,-12.26594747,-12.72795497,-13.18996248,-13.65196998,-14.11397749,-14.57598499,-15.0379925,-15.5,-15.9620075,-16.42401501,-16.88602251,-17.34803002,-17.81003752,-18.27204503,-18.73405253,-19.19606004
600,10.61003752,5.61163227,4.574108818,3.833020638,3.38836773,3.240150094,2.350844278,1.757973734,1.165103189,0.572232645,-0.020637899,-0.613508443,-1.206378987,-1.799249531,-2.27260788,-2.745966229,-3.219324578,-3.692682927,-4.166041276,-4.639399625,-5.112757974,-5.586116323,-6.059474672,-6.532833021,-7.00619137,-7.479549719,-7.952908068,-8.426266417,-8.899624765,-9.372983114,-9.846341463,-10.31969981,-10.79305816,-11.26641651,-11.73977486,-12.21313321,-12.68649156,-13.15984991,-13.63320826,-14.1065666,-14.57992495,-15.0532833,-15.52664165,-16,-16.47335835,-16.9467167,-17.42007505,-17.8934334,-18.36679174,-18.84015009,-19.31350844,-19.78686679
610,10.80206379,5.639774859,4.575984991,3.816135084,3.360225141,3.208255159,2.296435272,1.688555347,1.080675422,0.472795497,-0.135084428,-0.742964353,-1.350844278,-1.958724203,-2.443433396,-2.928142589,-3.412851782,-3.897560976,-4.382270169,-4.866979362,-5.351688555,-5.836397749,-6.321106942,-6.805816135,-7.290525328,-7.775234522,-8.259943715,-8.744652908,-9.229362101,-9.714071295,-10.19878049,-10.68348968,-11.16819887,-11.65290807,-12.13761726,-12.62232645,-13.10703565,-13.59174484,-14.07645403,-14.56116323,-15.04587242,-15.53058161,-16.01529081,-16.5,-16.98470919,-17.46941839,-17.95412758,-18.43883677,-18.92354597,-19.40825516,-19.89296435,-20.37767355
620,10.99409006,5.667917448,4.577861163,3.799249531,3.332082552,3.176360225,2.242026266,1.619136961,0.996247655,0.373358349,-0.249530957,-0.872420263,-1.495309568,-2.118198874,-2.614258912,-3.110318949,-3.606378987,-4.102439024,-4.598499062,-5.094559099,-5.590619137,-6.086679174,-6.582739212,-7.07879925,-7.574859287,-8.070919325,-8.566979362,-9.0630394,-9.559099437,-10.05515947,-10.55121951,-11.04727955,-11.54333959,-12.03939962,-12.53545966,-13.0315197,-13.52757974,-14.02363977,-14.51969981,-15.01575985,-15.51181989,-16.00787992,-16.50393996,-17,-17.49606004,-17.99212008,-18.48818011,-18.98424015,-19.48030019,-19.97636023,-20.47242026,-20.9684803
630,11.18611632,5.696060038,4.579737336,3.782363977,3.303939962,3.144465291,2.187617261,1.549718574,0.911819887,0.273921201,-0.363977486,-1.001876173,-1.639774859,-2.277673546,-2.785084428,-3.29249531,-3.799906191,-4.307317073,-4.814727955,-5.322138837,-5.829549719,-6.3369606,-6.844371482,-7.351782364,-7.859193246,-8.366604128,-8.874015009,-9.381425891,-9.888836773,-10.39624765,-10.90365854,-11.41106942,-11.9184803,-12.42589118,-12.93330206,-13.44071295,-13.94812383,-14.45553471,-14.96294559,-15.47035647,-15.97776735,-16.48517824,-16.99258912,-17.5,-18.00741088,-18.51482176,-19.02223265,-19.52964353,-20.03705441,-20.54446529,-21.05187617,-21.55928705
640,11.37814259,5.724202627,4.581613508,3.765478424,3.275797373,3.112570356,2.133208255,1.480300188,0.82739212,0.174484053,-0.478424015,-1.131332083,-1.78424015,-2.437148218,-2.955909944,-3.47467167,-3.993433396,-4.512195122,-5.030956848,-5.549718574,-6.0684803,-6.587242026,-7.106003752,-7.624765478,-8.143527205,-8.662288931,-9.181050657,-9.699812383,-10.21857411,-10.73733583,-11.25609756,-11.77485929,-12.29362101,-12.81238274,-13.33114447,-13.84990619,-14.36866792,-14.88742964,-15.40619137,-15.9249531,-16.44371482,-16.96247655,-17.48123827,-18,-18.51876173,-19.03752345,-19.55628518,-20.0750469,-20.59380863,-21.11257036,-21.63133208,-22.15009381
650,11.57016886,5.752345216,4.583489681,3.748592871,3.247654784,3.080675422,2.07879925,1.410881801,0.742964353,0.075046904,-0.592870544,-1.260787992,-1.928705441,-2.596622889,-3.12673546,-3.65684803,-4.1869606,-4.717073171,-5.247185741,-5.777298311,-6.307410882,-6.837523452,-7.367636023,-7.897748593,-8.427861163,-8.957973734,-9.488086304,-10.01819887,-10.54831144,-11.07842402,-11.60853659,-12.13864916,-12.66876173,-13.1988743,-13.72898687,-14.25909944,-14.78921201,-15.31932458,-15.84943715,-16.37954972,-16.90966229,-17.43977486,-17.96988743,-18.5,-19.03011257,-19.56022514,-20.09033771,-20.62045028,-21.15056285,-21.68067542,-22.21078799,-22.74090056
660,11.76219512,5.780487805,4.585365854,3.731707317,3.219512195,3.048780488,2.024390244,1.341463415,0.658536585,-0.024390244,-0.707317073,-1.390243902,-2.073170732,-2.756097561,-3.297560976,-3.83902439,-4.380487805,-4.92195122,-5.463414634,-6.004878049,-6.546341463,-7.087804878,-7.629268293,-8.170731707,-8.712195122,-9.253658537,-9.795121951,-10.33658537,-10.87804878,-11.4195122,-11.96097561,-12.50243902,-13.04390244,-13.58536585,-14.12682927,-14.66829268,-15.2097561,-15.75121951,-16.29268293,-16.83414634,-17.37560976,-17.91707317,-18.45853659,-19,-19.54146341,-20.08292683,-20.62439024,-21.16585366,-21.70731707,-22.24878049,-22.7902439,-23.33170732
670,11.95422139,5.808630394,4.587242026,3.714821764,3.191369606,3.016885553,1.969981238,1.272045028,0.574108818,-0.123827392,-0.821763602,-1.519699812,-2.217636023,-2.915572233,-3.468386492,-4.02120075,-4.574015009,-5.126829268,-5.679643527,-6.232457786,-6.785272045,-7.338086304,-7.890900563,-8.443714822,-8.996529081,-9.54934334,-10.1021576,-10.65497186,-11.20778612,-11.76060038,-12.31341463,-12.86622889,-13.41904315,-13.97185741,-14.52467167,-15.07748593,-15.63030019,-16.18311445,-16.73592871,-17.28874296,-17.84155722,-18.39437148,-18.94718574,-19.5,-20.05281426,-20.60562852,-21.15844278,-21.71125704,-22.26407129,-22.81688555,-23.36969981,-23.92251407
680,12.14624765,5.836772983,4.589118199,3.69793621,3.163227017,2.984990619,1.915572233,1.202626642,0.489681051,-0.22326454,-0.936210131,-1.649155722,-2.362101313,-3.075046904,-3.639212008,-4.203377111,-4.767542214,-5.331707317,-5.89587242,-6.460037523,-7.024202627,-7.58836773,-8.152532833,-8.716697936,-9.280863039,-9.845028143,-10.40919325,-10.97335835,-11.53752345,-12.10168856,-12.66585366,-13.23001876,-13.79418386,-14.35834897,-14.92251407,-15.48667917,-16.05084428,-16.61500938,-17.17917448,-17.74333959,-18.30750469,-18.87166979,-19.4358349,-20,-20.5641651,-21.12833021,-21.69249531,-22.25666041,-22.82082552,-23.38499062,-23.94915572,-24.51332083
690,12.33827392,5.864915572,4.590994371,3.681050657,3.135084428,2.953095685,1.861163227,1.133208255,0.405253283,-0.322701689,-1.05065666,-1.778611632,-2.506566604,-3.234521576,-3.810037523,-4.385553471,-4.961069418,-5.536585366,-6.112101313,-6.687617261,-7.263133208,-7.838649156,-8.414165103,-8.989681051,-9.565196998,-10.14071295,-10.71622889,-11.29174484,-11.86726079,-12.44277674,-13.01829268,-13.59380863,-14.16932458,-14.74484053,-15.32035647,-15.89587242,-16.47138837,-17.04690432,-17.62242026,-18.19793621,-18.77345216,-19.34896811,-19.92448405,-20.5,-21.07551595,-21.65103189,-22.22654784,-22.80206379,-23.37757974,-23.95309568,-24.52861163,-25.10412758
700,12.53030019,5.893058161,4.592870544,3.664165103,3.106941839,2.92120075,1.806754221,1.063789869,0.320825516,-0.422138837,-1.165103189,-1.908067542,-2.651031895,-3.393996248,-3.980863039,-4.567729831,-5.154596623,-5.741463415,-6.328330206,-6.915196998,-7.50206379,-8.088930582,-8.675797373,-9.262664165,-9.849530957,-10.43639775,-11.02326454,-11.61013133,-12.19699812,-12.78386492,-13.37073171,-13.9575985,-14.54446529,-15.13133208,-15.71819887,-16.30506567,-16.89193246,-17.47879925,-18.06566604,-18.65253283,-19.23939962,-19.82626642,-20.41313321,-21,-21.58686679,-22.17373358,-22.76060038,-23.34746717,-23.93433396,-24.52120075,-25.10806754,-25.69493433
710,12.72232645,5.92120075,4.594746717,3.64727955,3.07879925,2.889305816,1.752345216,0.994371482,0.236397749,-0.521575985,-1.279549719,-2.037523452,-2.795497186,-3.553470919,-4.151688555,-4.749906191,-5.348123827,-5.946341463,-6.544559099,-7.142776735,-7.740994371,-8.339212008,-8.937429644,-9.53564728,-10.13386492,-10.73208255,-11.33030019,-11.92851782,-12.52673546,-13.1249531,-13.72317073,-14.32138837,-14.919606,-15.51782364,-16.11604128,-16.71425891,-17.31247655,-17.91069418,-18.50891182,-19.10712946,-19.70534709,-20.30356473,-20.90178236,-21.5,-22.09821764,-22.69643527,-23.29465291,-23.89287054,-24.49108818,-25.08930582,-25.68752345,-26.28574109
720,12.91435272,5.94934334,4.596622889,3.630393996,3.05065666,2.857410882,1.69793621,0.924953096,0.151969981,-0.621013133,-1.393996248,-2.166979362,-2.939962477,-3.712945591,-4.322514071,-4.932082552,-5.541651032,-6.151219512,-6.760787992,-7.370356473,-7.979924953,-8.589493433,-9.199061914,-9.808630394,-10.41819887,-11.02776735,-11.63733583,-12.24690432,-12.8564728,-13.46604128,-14.07560976,-14.68517824,-15.29474672,-15.9043152,-16.51388368,-17.12345216,-17.73302064,-18.34258912,-18.9521576,-19.56172608,-20.17129456,-20.78086304,-21.39043152,-22,-22.60956848,-23.21913696,-23.82870544,-24.43827392,-25.0478424,-25.65741088,-26.26697936,-26.87654784
730,13.10637899,5.977485929,4.598499062,3.613508443,3.022514071,2.825515947,1.643527205,0.855534709,0.067542214,-0.720450281,-1.508442777,-2.296435272,-3.084427767,-3.872420263,-4.493339587,-5.114258912,-5.735178236,-6.356097561,-6.977016886,-7.59793621,-8.218855535,-8.839774859,-9.460694184,-10.08161351,-10.70253283,-11.32345216,-11.94437148,-12.56529081,-13.18621013,-13.80712946,-14.42804878,-15.04896811,-15.66988743,-16.29080675,-16.91172608,-17.5326454,-18.15356473,-18.77448405,-19.39540338,-20.0163227,-20.63724203,-21.25816135,-21.87908068,-22.5,-23.12091932,-23.74183865,-24.36275797,-24.9836773,-25.60459662,-26.22551595,-26.84643527,-27.4673546
740,13.29840525,6.005628518,4.600375235,3.596622889,2.994371482,2.793621013,1.589118199,0.786116323,-0.016885553,-0.81988743,-1.622889306,-2.425891182,-3.228893058,-4.031894934,-4.664165103,-5.296435272,-5.928705441,-6.56097561,-7.193245779,-7.825515947,-8.457786116,-9.090056285,-9.722326454,-10.35459662,-10.98686679,-11.61913696,-12.25140713,-12.8836773,-13.51594747,-14.14821764,-14.7804878,-15.41275797,-16.04502814,-16.67729831,-17.30956848,-17.94183865,-18.57410882,-19.20637899,-19.83864916,-20.47091932,-21.10318949,-21.73545966,-22.36772983,-23,-23.63227017,-24.26454034,-24.89681051,-25.52908068,-26.16135084,-26.79362101,-27.42589118,-28.05816135
750,13.49043152,6.033771107,4.602251407,3.579737336,2.966228893,2.761726079,1.534709193,0.716697936,-0.101313321,-0.919324578,-1.737335835,-2.555347092,-3.373358349,-4.191369606,-4.834990619,-5.478611632,-6.122232645,-6.765853659,-7.409474672,-8.053095685,-8.696716698,-9.340337711,-9.983958724,-10.62757974,-11.27120075,-11.91482176,-12.55844278,-13.20206379,-13.8456848,-14.48930582,-15.13292683,-15.77654784,-16.42016886,-17.06378987,-17.70741088,-18.35103189,-18.99465291,-19.63827392,-20.28189493,-20.92551595,-21.56913696,-22.21275797,-22.85637899,-23.5,-24.14362101,-24.78724203,-25.43086304,-26.07448405,-26.71810507,-27.36172608,-28.00534709,-28.64896811
760,13.68245779,6.061913696,4.60412758,3.562851782,2.938086304,2.729831144,1.480300188,0.64727955,-0.185741088,-1.018761726,-1.851782364,-2.684803002,-3.51782364,-4.350844278,-5.005816135,-5.660787992,-6.31575985,-6.970731707,-7.625703565,-8.280675422,-8.93564728,-9.590619137,-10.24559099,-10.90056285,-11.55553471,-12.21050657,-12.86547842,-13.52045028,-14.17542214,-14.830394,-15.48536585,-16.14033771,-16.79530957,-17.45028143,-18.10525328,-18.76022514,-19.415197,-20.07016886,-20.72514071,-21.38011257,-22.03508443,-22.69005629,-23.34502814,-24,-24.65497186,-25.30994371,-25.96491557,-26.61988743,-27.27485929,-27.92983114,-28.584803,-29.23977486
770,13.87448405,6.090056285,4.606003752,3.545966229,2.909943715,2.69793621,1.425891182,0.577861163,-0.270168856,-1.118198874,-1.966228893,-2.814258912,-3.662288931,-4.510318949,-5.176641651,-5.842964353,-6.509287054,-7.175609756,-7.841932458,-8.508255159,-9.174577861,-9.840900563,-10.50722326,-11.17354597,-11.83986867,-12.50619137,-13.17251407,-13.83883677,-14.50515947,-15.17148218,-15.83780488,-16.50412758,-17.17045028,-17.83677298,-18.50309568,-19.16941839,-19.83574109,-20.50206379,-21.16838649,-21.83470919,-22.50103189,-23.1673546,-23.8336773,-24.5,-25.1663227,-25.8326454,-26.49896811,-27.16529081,-27.83161351,-28.49793621,-29.16425891,-29.83058161
780,14.06651032,6.118198874,4.607879925,3.529080675,2.881801126,2.666041276,1.371482176,0.508442777,-0.354596623,-1.217636023,-2.080675422,-2.943714822,-3.806754221,-4.669793621,-5.347467167,-6.025140713,-6.702814259,-7.380487805,-8.058161351,-8.735834897,-9.413508443,-10.09118199,-10.76885553,-11.44652908,-12.12420263,-12.80187617,-13.47954972,-14.15722326,-14.83489681,-15.51257036,-16.1902439,-16.86791745,-17.54559099,-18.22326454,-18.90093809,-19.57861163,-20.25628518,-20.93395872,-21.61163227,-22.28930582,-22.96697936,-23.64465291,-24.32232645,-25,-25.67767355,-26.35534709,-27.03302064,-27.71069418,-28.38836773,-29.06604128,-29.74371482,-30.42138837
790,14.25853659,6.146341463,4.609756098,3.512195122,2.853658537,2.634146341,1.317073171,0.43902439,-0.43902439,-1.317073171,-2.195121951,-3.073170732,-3.951219512,-4.829268293,-5.518292683,-6.207317073,-6.896341463,-7.585365854,-8.274390244,-8.963414634,-9.652439024,-10.34146341,-11.0304878,-11.7195122,-12.40853659,-13.09756098,-13.78658537,-14.47560976,-15.16463415,-15.85365854,-16.54268293,-17.23170732,-17.92073171,-18.6097561,-19.29878049,-19.98780488,-20.67682927,-21.36585366,-22.05487805,-22.74390244,-23.43292683,-24.12195122,-24.81097561,-25.5,-26.18902439,-26.87804878,-27.56707317,-28.25609756,-28.94512195,-29.63414634,-30.32317073,-31.01219512
800,14.45056285,6.174484053,4.61163227,3.495309568,2.825515947,2.602251407,1.262664165,0.369606004,-0.523452158,-1.416510319,-2.30956848,-3.202626642,-4.095684803,-4.988742964,-5.689118199,-6.389493433,-7.089868668,-7.790243902,-8.490619137,-9.190994371,-9.891369606,-10.59174484,-11.29212008,-11.99249531,-12.69287054,-13.39324578,-14.09362101,-14.79399625,-15.49437148,-16.19474672,-16.89512195,-17.59549719,-18.29587242,-18.99624765,-19.69662289,-20.39699812,-21.09737336,-21.79774859,-22.49812383,-23.19849906,-23.8988743,-24.59924953,-25.29962477,-26,-26.70037523,-27.40075047,-28.1011257,-28.80150094,-29.50187617,-30.20225141,-30.90262664,-31.60300188
810,14.64258912,6.202626642,4.613508443,3.478424015,2.797373358,2.570356473,1.208255159,0.300187617,-0.607879925,-1.515947467,-2.424015009,-3.332082552,-4.240150094,-5.148217636,-5.859943715,-6.571669794,-7.283395872,-7.995121951,-8.70684803,-9.418574109,-10.13030019,-10.84202627,-11.55375235,-12.26547842,-12.9772045,-13.68893058,-14.40065666,-15.11238274,-15.82410882,-16.5358349,-17.24756098,-17.95928705,-18.67101313,-19.38273921,-20.09446529,-20.80619137,-21.51791745,-22.22964353,-22.94136961,-23.65309568,-24.36482176,-25.07654784,-25.78827392,-26.5,-27.21172608,-27.92345216,-28.63517824,-29.34690432,-30.05863039,-30.77035647,-31.48208255,-32.19380863
820,14.83461538,6.230769231,4.615384615,3.461538462,2.769230769,2.538461538,1.153846154,0.230769231,-0.692307692,-1.615384615,-2.538461538,-3.461538462,-4.384615385,-5.307692308,-6.030769231,-6.753846154,-7.476923077,-8.2,-8.923076923,-9.646153846,-10.36923077,-11.09230769,-11.81538462,-12.53846154,-13.26153846,-13.98461538,-14.70769231,-15.43076923,-16.15384615,-16.87692308,-17.6,-18.32307692,-19.04615385,-19.76923077,-20.49230769,-21.21538462,-21.93846154,-22.66153846,-23.38461538,-24.10769231,-24.83076923,-25.55384615,-26.27692308,-27,-27.72307692,-28.44615385,-29.16923077,-29.89230769,-30.61538462,-31.33846154,-32.06153846,-32.78461538
830,15.02664165,6.25891182,4.617260788,3.444652908,2.74108818,2.506566604,1.099437148,0.161350844,-0.77673546,-1.714821764,-2.652908068,-3.590994371,-4.529080675,-5.467166979,-6.201594747,-6.936022514,-7.670450281,-8.404878049,-9.139305816,-9.873733583,-10.60816135,-11.34258912,-12.07701689,-12.81144465,-13.54587242,-14.28030019,-15.01472795,-15.74915572,-16.48358349,-17.21801126,-17.95243902,-18.68686679,-19.42129456,-20.15572233,-20.89015009,-21.62457786,-22.35900563,-23.0934334,-23.82786116,-24.56228893,-25.2967167,-26.03114447,-26.76557223,-27.5,-28.23442777,-28.96885553,-29.7032833,-30.43771107,-31.17213884,-31.9065666,-32.64099437,-33.37542214
840,15.21866792,6.287054409,4.619136961,3.427767355,2.712945591,2.47467167,1.045028143,0.091932458,-0.861163227,-1.814258912,-2.767354597,-3.720450281,-4.673545966,-5.626641651,-6.372420263,-7.118198874,-7.863977486,-8.609756098,-9.355534709,-10.10131332,-10.84709193,-11.59287054,-12.33864916,-13.08442777,-13.83020638,-14.57598499,-15.3217636,-16.06754221,-16.81332083,-17.55909944,-18.30487805,-19.05065666,-19.79643527,-20.54221388,-21.2879925,-22.03377111,-22.77954972,-23.52532833,-24.27110694,-25.01688555,-25.76266417,-26.50844278,-27.25422139,-28,-28.74577861,-29.49155722,-30.23733583,-30.98311445,-31.72889306,-32.47467167,-33.22045028,-33.96622889
850,15.41069418,6.315196998,4.621013133,3.410881801,2.684803002,2.442776735,0.990619137,0.022514071,-0.945590994,-1.91369606,-2.881801126,-3.849906191,-4.818011257,-5.786116323,-6.543245779,-7.300375235,-8.05750469,-8.814634146,-9.571763602,-10.32889306,-11.08602251,-11.84315197,-12.60028143,-13.35741088,-14.11454034,-14.87166979,-15.62879925,-16.38592871,-17.14305816,-17.90018762,-18.65731707,-19.41444653,-20.17157598,-20.92870544,-21.6858349,-22.44296435,-23.20009381,-23.95722326,-24.71435272,-25.47148218,-26.22861163,-26.98574109,-27.74287054,-28.5,-29.25712946,-30.01425891,-30.77138837,-31.52851782,-32.28564728,-33.04277674,-33.79990619,-34.55703565
860,15.60272045,6.343339587,4.622889306,3.393996248,2.656660413,2.410881801,0.936210131,-0.046904315,-1.030018762,-2.013133208,-2.996247655,-3.979362101,-4.962476548,-5.945590994,-6.714071295,-7.482551595,-8.251031895,-9.019512195,-9.787992495,-10.5564728,-11.3249531,-12.0934334,-12.8619137,-13.630394,-14.3988743,-15.1673546,-15.9358349,-16.7043152,-17.4727955,-18.2412758,-19.0097561,-19.7782364,-20.5467167,-21.315197,-22.0836773,-22.8521576,-23.6206379,-24.3891182,-25.1575985,-25.9260788,-26.6945591,-27.4630394,-28.2315197,-29,-29.7684803,-30.5369606,-31.3054409,-32.0739212,-32.8424015,-33.6108818,-34.3793621,-35.1478424
870,15.79474672,6.371482176,4.624765478,3.377110694,2.628517824,2.378986867,0.881801126,-0.116322702,-1.114446529,-2.112570356,-3.110694184,-4.108818011,-5.106941839,-6.105065666,-6.884896811,-7.664727955,-8.444559099,-9.224390244,-10.00422139,-10.78405253,-11.56388368,-12.34371482,-13.12354597,-13.90337711,-14.68320826,-15.4630394,-16.24287054,-17.02270169,-17.80253283,-18.58236398,-19.36219512,-20.14202627,-20.92185741,-21.70168856,-22.4815197,-23.26135084,-24.04118199,-24.82101313,-25.60084428,-26.38067542,-27.16050657,-27.94033771,-28.72016886,-29.5,-30.27983114,-31.05966229,-31.83949343,-32.61932458,-33.39915572,-34.17898687,-34.95881801,-35.73864916
880,15.98677298,6.399624765,4.626641651,3.360225141,2.600375235,2.347091932,0.82739212,-0.185741088,-1.198874296,-2.212007505,-3.225140713,-4.238273921,-5.251407129,-6.264540338,-7.055722326,-7.846904315,-8.638086304,-9.429268293,-10.22045028,-11.01163227,-11.80281426,-12.59399625,-13.38517824,-14.17636023,-14.96754221,-15.7587242,-16.54990619,-17.34108818,-18.13227017,-18.92345216,-19.71463415,-20.50581614,-21.29699812,-22.08818011,-22.8793621,-23.67054409,-24.46172608,-25.25290807,-26.04409006,-26.83527205,-27.62645403,-28.41763602,-29.20881801,-30,-30.79118199,-31.58236398,-32.37354597,-33.16472795,-33.95590994,-34.74709193,-35.53827392,-36.32945591
890,16.17879925,6.427767355,4.628517824,3.343339587,2.572232645,2.315196998,0.772983114,-0.255159475,-1.283302064,-2.311444653,-3.339587242,-4.367729831,-5.39587242,-6.424015009,-7.226547842,-8.029080675,-8.831613508,-9.634146341,-10.43667917,-11.23921201,-12.04174484,-12.84427767,-13.64681051,-14.44934334,-15.25187617,-16.05440901,-16.85694184,-17.65947467,-18.4620075,-19.26454034,-20.06707317,-20.869606,-21.67213884,-22.47467167,-23.2772045,-24.07973734,-24.88227017,-25.684803,-26.48733583,-27.28986867,-28.0924015,-28.89493433,-29.69746717,-30.5,-31.30253283,-32.10506567,-32.9075985,-33.71013133,-34.51266417,-35.315197,-36.11772983,-36.92026266
900,16.37082552,6.455909944,4.630393996,3.326454034,2.544090056,2.283302064,0.718574109,-0.324577861,-1.367729831,-2.410881801,-3.454033771,-4.497185741,-5.540337711,-6.583489681,-7.397373358,-8.211257036,-9.025140713,-9.83902439,-10.65290807,-11.46679174,-12.28067542,-13.0945591,-13.90844278,-14.72232645,-15.53621013,-16.35009381,-17.16397749,-17.97786116,-18.79174484,-19.60562852,-20.4195122,-21.23339587,-22.04727955,-22.86116323,-23.6750469,-24.48893058,-25.30281426,-26.11669794,-26.93058161,-27.74446529,-28.55834897,-29.37223265,-30.18611632,-31,-31.81388368,-32.62776735,-33.44165103,-34.25553471,-35.06941839,-35.88330206,-36.69718574,-37.51106942
910,16.56285178,6.484052533,4.632270169,3.30956848,2.515947467,2.251407129,0.664165103,-0.393996248,-1.452157598,-2.510318949,-3.5684803,-4.626641651,-5.684803002,-6.742964353,-7.568198874,-8.393433396,-9.218667917,-10.04390244,-10.86913696,-11.69437148,-12.519606,-13.34484053,-14.17007505,-14.99530957,-15.82054409,-16.64577861,-17.47101313,-18.29624765,-19.12148218,-19.9467167,-20.77195122,-21.59718574,-22.42242026,-23.24765478,-24.07288931,-24.89812383,-25.72335835,-26.54859287,-27.37382739,-28.19906191,-29.02429644,-29.84953096,-30.67476548,-31.5,-32.32523452,-33.15046904,-33.97570356,-34.80093809,-35.62617261,-36.45140713,-37.27664165,-38.10187617
920,16.75487805,6.512195122,4.634146341,3.292682927,2.487804878,2.219512195,0.609756098,-0.463414634,-1.536585366,-2.609756098,-3.682926829,-4.756097561,-5.829268293,-6.902439024,-7.73902439,-8.575609756,-9.412195122,-10.24878049,-11.08536585,-11.92195122,-12.75853659,-13.59512195,-14.43170732,-15.26829268,-16.10487805,-16.94146341,-17.77804878,-18.61463415,-19.45121951,-20.28780488,-21.12439024,-21.96097561,-22.79756098,-23.63414634,-24.47073171,-25.30731707,-26.14390244,-26.9804878,-27.81707317,-28.65365854,-29.4902439,-30.32682927,-31.16341463,-32,-32.83658537,-33.67317073,-34.5097561,-35.34634146,-36.18292683,-37.0195122,-37.85609756,-38.69268293
930,16.94690432,6.540337711,4.636022514,3.275797373,2.459662289,2.187617261,0.555347092,-0.532833021,-1.621013133,-2.709193246,-3.797373358,-4.885553471,-5.973733583,-7.061913696,-7.909849906,-8.757786116,-9.605722326,-10.45365854,-11.30159475,-12.14953096,-12.99746717,-13.84540338,-14.69333959,-15.5412758,-16.38921201,-17.23714822,-18.08508443,-18.93302064,-19.78095685,-20.62889306,-21.47682927,-22.32476548,-23.17270169,-24.0206379,-24.86857411,-25.71651032,-26.56444653,-27.41238274,-28.26031895,-29.10825516,-29.95619137,-30.80412758,-31.65206379,-32.5,-33.34793621,-34.19587242,-35.04380863,-35.89174484,-36.73968105,-37.58761726,-38.43555347,-39.28348968
940,17.13893058,6.5684803,4.637898687,3.25891182,2.4315197,2.155722326,0.500938086,-0.602251407,-1.705440901,-2.808630394,-3.911819887,-5.015009381,-6.118198874,-7.221388368,-8.080675422,-8.939962477,-9.799249531,-10.65853659,-11.51782364,-12.37711069,-13.23639775,-14.0956848,-14.95497186,-15.81425891,-16.67354597,-17.53283302,-18.39212008,-19.25140713,-20.11069418,-20.96998124,-21.82926829,-22.68855535,-23.5478424,-24.40712946,-25.26641651,-26.12570356,-26.98499062,-27.84427767,-28.70356473,-29.56285178,-30.42213884,-31.28142589,-32.14071295,-33,-33.85928705,-34.71857411,-35.57786116,-36.43714822,-37.29643527,-38.15572233,-39.01500938,-39.87429644
950,17.33095685,6.596622889,4.639774859,3.242026266,2.403377111,2.123827392,0.446529081,-0.671669794,-1.789868668,-2.908067542,-4.026266417,-5.144465291,-6.262664165,-7.380863039,-8.251500938,-9.122138837,-9.992776735,-10.86341463,-11.73405253,-12.60469043,-13.47532833,-14.34596623,-15.21660413,-16.08724203,-16.95787992,-17.82851782,-18.69915572,-19.56979362,-20.44043152,-21.31106942,-22.18170732,-23.05234522,-23.92298311,-24.79362101,-25.66425891,-26.53489681,-27.40553471,-28.27617261,-29.14681051,-30.01744841,-30.8880863,-31.7587242,-32.6293621,-33.5,-34.3706379,-35.2412758,-36.1119137,-36.98255159,-37.85318949,-38.72382739,-39.59446529,-40.46510319
960,17.52298311,6.624765478,4.641651032,3.225140713,2.375234522,2.091932458,0.392120075,-0.74108818,-1.874296435,-3.00750469,-4.140712946,-5.273921201,-6.407129456,-7.540337711,-8.422326454,-9.304315197,-10.18630394,-11.06829268,-11.95028143,-12.83227017,-13.71425891,-14.59624765,-15.4782364,-16.36022514,-17.24221388,-18.12420263,-19.00619137,-19.88818011,-20.77016886,-21.6521576,-22.53414634,-23.41613508,-24.29812383,-25.18011257,-26.06210131,-26.94409006,-27.8260788,-28.70806754,-29.59005629,-30.47204503,-31.35403377,-32.23602251,-33.11801126,-34,-34.88198874,-35.76397749,-36.64596623,-37.52795497,-38.40994371,-39.29193246,-40.1739212,-41.05590994
970,17.71500938,6.652908068,4.643527205,3.208255159,2.347091932,2.060037523,0.337711069,-0.810506567,-1.958724203,-3.106941839,-4.255159475,-5.403377111,-6.551594747,-7.699812383,-8.59315197,-9.486491557,-10.37983114,-11.27317073,-12.16651032,-13.05984991,-13.95318949,-14.84652908,-15.73986867,-16.63320826,-17.52654784,-18.41988743,-19.31322702,-20.2065666,-21.09990619,-21.99324578,-22.88658537,-23.77992495,-24.67326454,-25.56660413,-26.45994371,-27.3532833,-28.24662289,-29.13996248,-30.03330206,-30.92664165,-31.81998124,-32.71332083,-33.60666041,-34.5,-35.39333959,-36.28667917,-37.18001876,-38.07335835,-38.96669794,-39.86003752,-40.75337711,-41.6467167
980,17.90703565,6.681050657,4.645403377,3.191369606,2.318949343,2.028142589,0.283302064,-0.879924953,-2.04315197,-3.206378987,-4.369606004,-5.532833021,-6.696060038,-7.859287054,-8.763977486,-9.668667917,-10.57335835,-11.47804878,-12.38273921,-13.28742964,-14.19212008,-15.09681051,-16.00150094,-16.90619137,-17.8108818,-18.71557223,-19.62026266,-20.5249531,-21.42964353,-22.33433396,-23.23902439,-24.14371482,-25.04840525,-25.95309568,-26.85778612,-27.76247655,-28.66716698,-29.57185741,-30.47654784,-31.38123827,-32.28592871,-33.19061914,-34.09530957,-35,-35.90469043,-36.80938086,-37.71407129,-38.61876173,-39.52345216,-40.42814259,-41.33283302,-42.23752345
990,18.09906191,6.709193246,4.64727955,3.174484053,2.290806754,1.996247655,0.228893058,-0.94934334,-2.127579737,-3.305816135,-4.484052533,-5.662288931,-6.840525328,-8.018761726,-8.934803002,-9.850844278,-10.76688555,-11.68292683,-12.59896811,-13.51500938,-14.43105066,-15.34709193,-16.26313321,-17.17917448,-18.09521576,-19.01125704,-19.92729831,-20.84333959,-21.75938086,-22.67542214,-23.59146341,-24.50750469,-25.42354597,-26.33958724,-27.25562852,-28.17166979,-29.08771107,-30.00375235,-30.91979362,-31.8358349,-32.75187617,-33.66791745,-34.58395872,-35.5,-36.41604128,-37.33208255,-38.24812383,-39.1641651,-40.08020638,-40.99624765,-41.91228893,-42.82833021
1000,18.29108818,6.737335835,4.649155722,3.157598499,2.262664165,1.96435272,0.174484053,-1.018761726,-2.212007505,-3.405253283,-4.598499062,-5.791744841,-6.984990619,-8.178236398,-9.105628518,-10.03302064,-10.96041276,-11.88780488,-12.815197,-13.74258912,-14.66998124,-15.59737336,-16.52476548,-17.4521576,-18.37954972,-19.30694184,-20.23433396,-21.16172608,-22.0891182,-23.01651032,-23.94390244,-24.87129456,-25.79868668,-26.7260788,-27.65347092,-28.58086304,-29.50825516,-30.43564728,-31.3630394,-32.29043152,-33.21782364,-34.14521576,-35.07260788,-36,-36.92739212,-37.85478424,-38.78217636,-39.70956848,-40.6369606,-41.56435272,-42.49174484,-43.41913696
1010,18.48311445,6.765478424,4.651031895,3.140712946,2.234521576,1.932457786,0.120075047,-1.088180113,-2.296435272,-3.504690432,-4.712945591,-5.92120075,-7.12945591,-8.337711069,-9.276454034,-10.215197,-11.15393996,-12.09268293,-13.03142589,-13.97016886,-14.90891182,-15.84765478,-16.78639775,-17.72514071,-18.66388368,-19.60262664,-20.54136961,-21.48011257,-22.41885553,-23.3575985,-24.29634146,-25.23508443,-26.17382739,-27.11257036,-28.05131332,-28.99005629,-29.92879925,-30.86754221,-31.80628518,-32.74502814,-33.68377111,-34.62251407,-35.56125704,-36.5,-37.43874296,-38.37748593,-39.31622889,-40.25497186,-41.19371482,-42.13245779,-43.07120075,-44.00994371
1020,18.67514071,6.793621013,4.652908068,3.123827392,2.206378987,1.900562852,0.065666041,-1.157598499,-2.380863039,-3.60412758,-4.82739212,-6.05065666,-7.273921201,-8.497185741,-9.44727955,-10.39737336,-11.34746717,-12.29756098,-13.24765478,-14.19774859,-15.1478424,-16.09793621,-17.04803002,-17.99812383,-18.94821764,-19.89831144,-20.84840525,-21.79849906,-22.74859287,-23.69868668,-24.64878049,-25.5988743,-26.54896811,-27.49906191,-28.44915572,-29.39924953,-30.34934334,-31.29943715,-32.24953096,-33.19962477,-34.14971857,-35.09981238,-36.04990619,-37,-37.95009381,-38.90018762,-39.85028143,-40.80037523,-41.75046904,-42.70056285,-43.65065666,-44.60075047
1030,18.86716698,6.821763602,4.65478424,3.106941839,2.178236398,1.868667917,0.011257036,-1.227016886,-2.465290807,-3.703564728,-4.941838649,-6.18011257,-7.418386492,-8.656660413,-9.618105066,-10.57954972,-11.54099437,-12.50243902,-13.46388368,-14.42532833,-15.38677298,-16.34821764,-17.30966229,-18.27110694,-19.23255159,-20.19399625,-21.1554409,-22.11688555,-23.07833021,-24.03977486,-25.00121951,-25.96266417,-26.92410882,-27.88555347,-28.84699812,-29.80844278,-30.76988743,-31.73133208,-32.69277674,-33.65422139,-34.61566604,-35.57711069,-36.53855535,-37.5,-38.46144465,-39.42288931,-40.38433396,-41.34577861,-42.30722326,-43.26866792,-44.23011257,-45.19155722
1040,19.05919325,6.849906191,4.656660413,3.090056285,2.150093809,1.836772983,-0.04315197,-1.296435272,-2.549718574,-3.803001876,-5.056285178,-6.30956848,-7.562851782,-8.816135084,-9.788930582,-10.76172608,-11.73452158,-12.70731707,-13.68011257,-14.65290807,-15.62570356,-16.59849906,-17.57129456,-18.54409006,-19.51688555,-20.48968105,-21.46247655,-22.43527205,-23.40806754,-24.38086304,-25.35365854,-26.32645403,-27.29924953,-28.27204503,-29.24484053,-30.21763602,-31.19043152,-32.16322702,-33.13602251,-34.10881801,-35.08161351,-36.05440901,-37.0272045,-38,-38.9727955,-39.94559099,-40.91838649,-41.89118199,-42.86397749,-43.83677298,-44.80956848,-45.78236398
1050,19.25121951,6.87804878,4.658536585,3.073170732,2.12195122,1.804878049,-0.097560976,-1.365853659,-2.634146341,-3.902439024,-5.170731707,-6.43902439,-7.707317073,-8.975609756,-9.959756098,-10.94390244,-11.92804878,-12.91219512,-13.89634146,-14.8804878,-15.86463415,-16.84878049,-17.83292683,-18.81707317,-19.80121951,-20.78536585,-21.7695122,-22.75365854,-23.73780488,-24.72195122,-25.70609756,-26.6902439,-27.67439024,-28.65853659,-29.64268293,-30.62682927,-31.61097561,-32.59512195,-33.57926829,-34.56341463,-35.54756098,-36.53170732,-37.51585366,-38.5,-39.48414634,-40.46829268,-41.45243902,-42.43658537,-43.42073171,-44.40487805,-45.38902439,-46.37317073
1060,19.44324578,6.90619137,4.660412758,3.056285178,2.09380863,1.772983114,-0.151969981,-1.435272045,-2.718574109,-4.001876173,-5.285178236,-6.5684803,-7.851782364,-9.135084428,-10.13058161,-11.1260788,-12.12157598,-13.11707317,-14.11257036,-15.10806754,-16.10356473,-17.09906191,-18.0945591,-19.09005629,-20.08555347,-21.08105066,-22.07654784,-23.07204503,-24.06754221,-25.0630394,-26.05853659,-27.05403377,-28.04953096,-29.04502814,-30.04052533,-31.03602251,-32.0315197,-33.02701689,-34.02251407,-35.01801126,-36.01350844,-37.00900563,-38.00450281,-39,-39.99549719,-40.99099437,-41.98649156,-42.98198874,-43.97748593,-44.97298311,-45.9684803,-46.96397749
1070,19.63527205,6.934333959,4.662288931,3.039399625,2.065666041,1.74108818,-0.206378987,-1.504690432,-2.803001876,-4.101313321,-5.399624765,-6.69793621,-7.996247655,-9.294559099,-10.30140713,-11.30825516,-12.31510319,-13.32195122,-14.32879925,-15.33564728,-16.34249531,-17.34934334,-18.35619137,-19.3630394,-20.36988743,-21.37673546,-22.38358349,-23.39043152,-24.39727955,-25.40412758,-26.41097561,-27.41782364,-28.42467167,-29.4315197,-30.43836773,-31.44521576,-32.45206379,-33.45891182,-34.46575985,-35.47260788,-36.47945591,-37.48630394,-38.49315197,-39.5,-40.50684803,-41.51369606,-42.52054409,-43.52739212,-44.53424015,-45.54108818,-46.54793621,-47.55478424
1080,19.82729831,6.962476548,4.664165103,3.022514071,2.037523452,1.709193246,-0.260787992,-1.574108818,-2.887429644,-4.200750469,-5.514071295,-6.82739212,-8.140712946,-9.454033771,-10.47223265,-11.49043152,-12.50863039,-13.52682927,-14.54502814,-15.56322702,-16.58142589,-17.59962477,-18.61782364,-19.63602251,-20.65422139,-21.67242026,-22.69061914,-23.70881801,-24.72701689,-25.74521576,-26.76341463,-27.78161351,-28.79981238,-29.81801126,-30.83621013,-31.85440901,-32.87260788,-33.89080675,-34.90900563,-35.9272045,-36.94540338,-37.96360225,-38.98180113,-40,-41.01819887,-42.03639775,-43.05459662,-44.0727955,-45.09099437,-46.10919325,-47.12739212,-48.14559099
1090,20.01932458,6.990619137,4.666041276,3.005628518,2.009380863,1.677298311,-0.315196998,-1.643527205,-2.971857411,-4.300187617,-5.628517824,-6.95684803,-8.285178236,-9.613508443,-10.64305816,-11.67260788,-12.7021576,-13.73170732,-14.76125704,-15.79080675,-16.82035647,-17.84990619,-18.87945591,-19.90900563,-20.93855535,-21.96810507,-22.99765478,-24.0272045,-25.05675422,-26.08630394,-27.11585366,-28.14540338,-29.1749531,-30.20450281,-31.23405253,-32.26360225,-33.29315197,-34.32270169,-35.35225141,-36.38180113,-37.41135084,-38.44090056,-39.47045028,-40.5,-41.52954972,-42.55909944,-43.58864916,-44.61819887,-45.64774859,-46.67729831,-47.70684803,-48.73639775
1100,20.21135084,7.018761726,4.667917448,2.988742964,1.981238274,1.645403377,-0.369606004,-1.712945591,-3.056285178,-4.399624765,-5.742964353,-7.08630394,-8.429643527,-9.772983114,-10.81388368,-11.85478424,-12.8956848,-13.93658537,-14.97748593,-16.01838649,-17.05928705,-18.10018762,-19.14108818,-20.18198874,-21.22288931,-22.26378987,-23.30469043,-24.34559099,-25.38649156,-26.42739212,-27.46829268,-28.50919325,-29.55009381,-30.59099437,-31.63189493,-32.6727955,-33.71369606,-34.75459662,-35.79549719,-36.83639775,-37.87729831,-38.91819887,-39.95909944,-41,-42.04090056,-43.08180113,-44.12270169,-45.16360225,-46.20450281,-47.24540338,-48.28630394,-49.3272045
1110,20.40337711,7.046904315,4.669793621,2.971857411,1.953095685,1.613508443,-0.424015009,-1.782363977,-3.140712946,-4.499061914,-5.857410882,-7.21575985,-8.574108818,-9.932457786,-10.98470919,-12.0369606,-13.08921201,-14.14146341,-15.19371482,-16.24596623,-17.29821764,-18.35046904,-19.40272045,-20.45497186,-21.50722326,-22.55947467,-23.61172608,-24.66397749,-25.71622889,-26.7684803,-27.82073171,-28.87298311,-29.92523452,-30.97748593,-32.02973734,-33.08198874,-34.13424015,-35.18649156,-36.23874296,-37.29099437,-38.34324578,-39.39549719,-40.44774859,-41.5,-42.55225141,-43.60450281,-44.65675422,-45.70900563,-46.76125704,-47.81350844,-48.86575985,-49.91801126
1120,20.59540338,7.075046904,4.671669794,2.954971857,1.924953096,1.581613508,-0.478424015,-1.851782364,-3.225140713,-4.598499062,-5.971857411,-7.34521576,-8.718574109,-10.09193246,-11.15553471,-12.21913696,-13.28273921,-14.34634146,-15.40994371,-16.47354597,-17.53714822,-18.60075047,-19.66435272,-20.72795497,-21.79155722,-22.85515947,-23.91876173,-24.98236398,-26.04596623,-27.10956848,-28.17317073,-29.23677298,-30.30037523,-31.36397749,-32.42757974,-33.49118199,-34.55478424,-35.61838649,-36.68198874,-37.74559099,-38.80919325,-39.8727955,-40.93639775,-42,-43.06360225,-44.1272045,-45.19080675,-46.25440901,-47.31801126,-48.38161351,-49.44521576,-50.50881801
1130,20.78742964,7.103189493,4.673545966,2.938086304,1.896810507,1.549718574,-0.532833021,-1.92120075,-3.30956848,-4.69793621,-6.08630394,-7.47467167,-8.8630394,-10.25140713,-11.32636023,-12.40131332,-13.47626642,-14.55121951,-15.62617261,-16.7011257,-17.7760788,-18.85103189,-19.92598499,-21.00093809,-22.07589118,-23.15084428,-24.22579737,-25.30075047,-26.37570356,-27.45065666,-28.52560976,-29.60056285,-30.67551595,-31.75046904,-32.82542214,-33.90037523,-34.97532833,-36.05028143,-37.12523452,-38.20018762,-39.27514071,-40.35009381,-41.4250469,-42.5,-43.5749531,-44.64990619,-45.72485929,-46.79981238,-47.87476548,-48.94971857,-50.02467167,-51.09962477
1140,20.97945591,7.131332083,4.675422139,2.92120075,1.868667917,1.51782364,-0.587242026,-1.990619137,-3.393996248,-4.797373358,-6.200750469,-7.60412758,-9.00750469,-10.4108818,-11.49718574,-12.58348968,-13.66979362,-14.75609756,-15.8424015,-16.92870544,-18.01500938,-19.10131332,-20.18761726,-21.2739212,-22.36022514,-23.44652908,-24.53283302,-25.61913696,-26.7054409,-27.79174484,-28.87804878,-29.96435272,-31.05065666,-32.1369606,-33.22326454,-34.30956848,-35.39587242,-36.48217636,-37.5684803,-38.65478424,-39.74108818,-40.82739212,-41.91369606,-43,-44.08630394,-45.17260788,-46.25891182,-47.34521576,-48.4315197,-49.51782364,-50.60412758,-51.69043152
1150,21.17148218,7.159474672,4.677298311,2.904315197,1.840525328,1.485928705,-0.641651032,-2.060037523,-3.478424015,-4.896810507,-6.315196998,-7.73358349,-9.151969981,-10.57035647,-11.66801126,-12.76566604,-13.86332083,-14.96097561,-16.05863039,-17.15628518,-18.25393996,-19.35159475,-20.44924953,-21.54690432,-22.6445591,-23.74221388,-24.83986867,-25.93752345,-27.03517824,-28.13283302,-29.2304878,-30.32814259,-31.42579737,-32.52345216,-33.62110694,-34.71876173,-35.81641651,-36.91407129,-38.01172608,-39.10938086,-40.20703565,-41.30469043,-42.40234522,-43.5,-44.59765478,-45.69530957,-46.79296435,-47.89061914,-48.98827392,-50.08592871,-51.18358349,-52.28123827
1160,21.36350844,7.187617261,4.679174484,2.887429644,1.812382739,1.454033771,-0.696060038,-2.12945591,-3.562851782,-4.996247655,-6.429643527,-7.8630394,-9.296435272,-10.72983114,-11.83883677,-12.9478424,-14.05684803,-15.16585366,-16.27485929,-17.38386492,-18.49287054,-19.60187617,-20.7108818,-21.81988743,-22.92889306,-24.03789869,-25.14690432,-26.25590994,-27.36491557,-28.4739212,-29.58292683,-30.69193246,-31.80093809,-32.90994371,-34.01894934,-35.12795497,-36.2369606,-37.34596623,-38.45497186,-39.56397749,-40.67298311,-41.78198874,-42.89099437,-44,-45.10900563,-46.21801126,-47.32701689,-48.43602251,-49.54502814,-50.65403377,-51.7630394,-52.87204503
1170,21.55553471,7.21575985,4.681050657,2.87054409,1.78424015,1.422138837,-0.750469043,-2.198874296,-3.64727955,-5.095684803,-6.544090056,-7.99249531,-9.440900563,-10.88930582,-12.00966229,-13.13001876,-14.25037523,-15.37073171,-16.49108818,-17.61144465,-18.73180113,-19.8521576,-20.97251407,-22.09287054,-23.21322702,-24.33358349,-25.45393996,-26.57429644,-27.69465291,-28.81500938,-29.93536585,-31.05572233,-32.1760788,-33.29643527,-34.41679174,-35.53714822,-36.65750469,-37.77786116,-38.89821764,-40.01857411,-41.13893058,-42.25928705,-43.37964353,-44.5,-45.62035647,-46.74071295,-47.86106942,-48.98142589,-50.10178236,-51.22213884,-52.34249531,-53.46285178
1180,21.74756098,7.243902439,4.682926829,2.853658537,1.756097561,1.390243902,-0.804878049,-2.268292683,-3.731707317,-5.195121951,-6.658536585,-8.12195122,-9.585365854,-11.04878049,-12.1804878,-13.31219512,-14.44390244,-15.57560976,-16.70731707,-17.83902439,-18.97073171,-20.10243902,-21.23414634,-22.36585366,-23.49756098,-24.62926829,-25.76097561,-26.89268293,-28.02439024,-29.15609756,-30.28780488,-31.4195122,-32.55121951,-33.68292683,-34.81463415,-35.94634146,-37.07804878,-38.2097561,-39.34146341,-40.47317073,-41.60487805,-42.73658537,-43.86829268,-45,-46.13170732,-47.26341463,-48.39512195,-49.52682927,-50.65853659,-51.7902439,-52.92195122,-54.05365854
1190,21.93958724,7.272045028,4.684803002,2.836772983,1.727954972,1.358348968,-0.859287054,-2.337711069,-3.816135084,-5.294559099,-6.772983114,-8.251407129,-9.729831144,-11.20825516,-12.35131332,-13.49437148,-14.63742964,-15.7804878,-16.92354597,-18.06660413,-19.20966229,-20.35272045,-21.49577861,-22.63883677,-23.78189493,-24.9249531,-26.06801126,-27.21106942,-28.35412758,-29.49718574,-30.6402439,-31.78330206,-32.92636023,-34.06941839,-35.21247655,-36.35553471,-37.49859287,-38.64165103,-39.78470919,-40.92776735,-42.07082552,-43.21388368,-44.35694184,-45.5,-46.64305816,-47.78611632,-48.92917448,-50.07223265,-51.21529081,-52.35834897,-53.50140713,-54.64446529
1200,22.13161351,7.300187617,4.686679174,2.81988743,1.699812383,1.326454034,-0.91369606,-2.407129456,-3.900562852,-5.393996248,-6.887429644,-8.380863039,-9.874296435,-11.36772983,-12.52213884,-13.67654784,-14.83095685,-15.98536585,-17.13977486,-18.29418386,-19.44859287,-20.60300188,-21.75741088,-22.91181989,-24.06622889,-25.2206379,-26.3750469,-27.52945591,-28.68386492,-29.83827392,-30.99268293,-32.14709193,-33.30150094,-34.45590994,-35.61031895,-36.76472795,-37.91913696,-39.07354597,-40.22795497,-41.38236398,-42.53677298,-43.69118199,-44.84559099,-46,-47.15440901,-48.30881801,-49.46322702,-50.61763602,-51.77204503,-52.92645403,-54.08086304,-55.23527205
1210,22.32363977,7.328330206,4.688555347,2.803001876,1.671669794,1.294559099,-0.968105066,-2.476547842,-3.984990619,-5.493433396,-7.001876173,-8.510318949,-10.01876173,-11.5272045,-12.69296435,-13.8587242,-15.02448405,-16.1902439,-17.35600375,-18.5217636,-19.68752345,-20.8532833,-22.01904315,-23.184803,-24.35056285,-25.5163227,-26.68208255,-27.8478424,-29.01360225,-30.1793621,-31.34512195,-32.5108818,-33.67664165,-34.8424015,-36.00816135,-37.1739212,-38.33968105,-39.5054409,-40.67120075,-41.8369606,-43.00272045,-44.1684803,-45.33424015,-46.5,-47.66575985,-48.8315197,-49.99727955,-51.1630394,-52.32879925,-53.4945591,-54.66031895,-55.8260788
1220,22.51566604,7.356472795,4.69043152,2.786116323,1.643527205,1.262664165,-1.022514071,-2.545966229,-4.069418386,-5.592870544,-7.116322702,-8.639774859,-10.16322702,-11.68667917,-12.86378987,-14.04090056,-15.21801126,-16.39512195,-17.57223265,-18.74934334,-19.92645403,-21.10356473,-22.28067542,-23.45778612,-24.63489681,-25.8120075,-26.9891182,-28.16622889,-29.34333959,-30.52045028,-31.69756098,-32.87467167,-34.05178236,-35.22889306,-36.40600375,-37.58311445,-38.76022514,-39.93733583,-41.11444653,-42.29155722,-43.46866792,-44.64577861,-45.82288931,-47,-48.17711069,-49.35422139,-50.53133208,-51.70844278,-52.88555347,-54.06266417,-55.23977486,-56.41688555
1230,22.70769231,7.384615385,4.692307692,2.769230769,1.615384615,1.230769231,-1.076923077,-2.615384615,-4.153846154,-5.692307692,-7.230769231,-8.769230769,-10.30769231,-11.84615385,-13.03461538,-14.22307692,-15.41153846,-16.6,-17.78846154,-18.97692308,-20.16538462,-21.35384615,-22.54230769,-23.73076923,-24.91923077,-26.10769231,-27.29615385,-28.48461538,-29.67307692,-30.86153846,-32.05,-33.23846154,-34.42692308,-35.61538462,-36.80384615,-37.99230769,-39.18076923,-40.36923077,-41.55769231,-42.74615385,-43.93461538,-45.12307692,-46.31153846,-47.5,-48.68846154,-49.87692308,-51.06538462,-52.25384615,-53.44230769,-54.63076923,-55.81923077,-57.00769231
1240,22.89971857,7.412757974,4.694183865,2.752345216,1.587242026,1.198874296,-1.131332083,-2.684803002,-4.238273921,-5.791744841,-7.34521576,-8.898686679,-10.4521576,-12.00562852,-13.2054409,-14.40525328,-15.60506567,-16.80487805,-18.00469043,-19.20450281,-20.4043152,-21.60412758,-22.80393996,-24.00375235,-25.20356473,-26.40337711,-27.60318949,-28.80300188,-30.00281426,-31.20262664,-32.40243902,-33.60225141,-34.80206379,-36.00187617,-37.20168856,-38.40150094,-39.60131332,-40.8011257,-42.00093809,-43.20075047,-44.40056285,-45.60037523,-46.80018762,-48,-49.19981238,-50.39962477,-51.59943715,-52.79924953,-53.99906191,-55.1988743,-56.39868668,-57.59849906
1250,23.09174484,7.440900563,4.696060038,2.735459662,1.559099437,1.166979362,-1.185741088,-2.754221388,-4.322701689,-5.891181989,-7.459662289,-9.028142589,-10.59662289,-12.16510319,-13.37626642,-14.58742964,-15.79859287,-17.0097561,-18.22091932,-19.43208255,-20.64324578,-21.85440901,-23.06557223,-24.27673546,-25.48789869,-26.69906191,-27.91022514,-29.12138837,-30.33255159,-31.54371482,-32.75487805,-33.96604128,-35.1772045,-36.38836773,-37.59953096,-38.81069418,-40.02185741,-41.23302064,-42.44418386,-43.65534709,-44.86651032,-46.07767355,-47.28883677,-48.5,-49.71116323,-50.92232645,-52.13348968,-53.34465291,-54.55581614,-55.76697936,-56.97814259,-58.18930582
1260,23.28377111,7.469043152,4.69793621,2.718574109,1.530956848,1.135084428,-1.240150094,-2.823639775,-4.407129456,-5.990619137,-7.574108818,-9.157598499,-10.74108818,-12.32457786,-13.54709193,-14.769606,-15.99212008,-17.21463415,-18.43714822,-19.65966229,-20.88217636,-22.10469043,-23.3272045,-24.54971857,-25.77223265,-26.99474672,-28.21726079,-29.43977486,-30.66228893,-31.884803,-33.10731707,-34.32983114,-35.55234522,-36.77485929,-37.99737336,-39.21988743,-40.4424015,-41.66491557,-42.88742964,-44.10994371,-45.33245779,-46.55497186,-47.77748593,-49,-50.22251407,-51.44502814,-52.66754221,-53.89005629,-55.11257036,-56.33508443,-57.5575985,-58.78011257
1270,23.47579737,7.497185741,4.699812383,2.701688555,1.502814259,1.103189493,-1.294559099,-2.893058161,-4.491557223,-6.090056285,-7.688555347,-9.287054409,-10.88555347,-12.48405253,-13.71791745,-14.95178236,-16.18564728,-17.4195122,-18.65337711,-19.88724203,-21.12110694,-22.35497186,-23.58883677,-24.82270169,-26.0565666,-27.29043152,-28.52429644,-29.75816135,-30.99202627,-32.22589118,-33.4597561,-34.69362101,-35.92748593,-37.16135084,-38.39521576,-39.62908068,-40.86294559,-42.09681051,-43.33067542,-44.56454034,-45.79840525,-47.03227017,-48.26613508,-49.5,-50.73386492,-51.96772983,-53.20159475,-54.43545966,-55.66932458,-56.90318949,-58.13705441,-59.37091932
1280,23.66782364,7.52532833,4.701688555,2.684803002,1.47467167,1.071294559,-1.348968105,-2.962476548,-4.575984991,-6.189493433,-7.803001876,-9.416510319,-11.03001876,-12.6435272,-13.88874296,-15.13395872,-16.37917448,-17.62439024,-18.869606,-20.11482176,-21.36003752,-22.60525328,-23.85046904,-25.0956848,-26.34090056,-27.58611632,-28.83133208,-30.07654784,-31.3217636,-32.56697936,-33.81219512,-35.05741088,-36.30262664,-37.5478424,-38.79305816,-40.03827392,-41.28348968,-42.52870544,-43.7739212,-45.01913696,-46.26435272,-47.50956848,-48.75478424,-50,-51.24521576,-52.49043152,-53.73564728,-54.98086304,-56.2260788,-57.47129456,-58.71651032,-59.96172608
1290,23.85984991,7.553470919,4.703564728,2.667917448,1.446529081,1.039399625,-1.403377111,-3.031894934,-4.660412758,-6.288930582,-7.917448405,-9.545966229,-11.17448405,-12.80300188,-14.05956848,-15.31613508,-16.57270169,-17.82926829,-19.0858349,-20.3424015,-21.59896811,-22.85553471,-24.11210131,-25.36866792,-26.62523452,-27.88180113,-29.13836773,-30.39493433,-31.65150094,-32.90806754,-34.16463415,-35.42120075,-36.67776735,-37.93433396,-39.19090056,-40.44746717,-41.70403377,-42.96060038,-44.21716698,-45.47373358,-46.73030019,-47.98686679,-49.2434334,-50.5,-51.7565666,-53.01313321,-54.26969981,-55.52626642,-56.78283302,-58.03939962,-59.29596623,-60.55253283
1300,24.05187617,7.581613508,4.705440901,2.651031895,1.418386492,1.00750469,-1.457786116,-3.101313321,-4.744840525,-6.38836773,-8.031894934,-9.675422139,-11.31894934,-12.96247655,-14.230394,-15.49831144,-16.76622889,-18.03414634,-19.30206379,-20.56998124,-21.83789869,-23.10581614,-24.37373358,-25.64165103,-26.90956848,-28.17748593,-29.44540338,-30.71332083,-31.98123827,-33.24915572,-34.51707317,-35.78499062,-37.05290807,-38.32082552,-39.58874296,-40.85666041,-42.12457786,-43.39249531,-44.66041276,-45.92833021,-47.19624765,-48.4641651,-49.73208255,-51,-52.26791745,-53.5358349,-54.80375235,-56.07166979,-57.33958724,-58.60750469,-59.87542214,-61.14333959
1310,24.24390244,7.609756098,4.707317073,2.634146341,1.390243902,0.975609756,-1.512195122,-3.170731707,-4.829268293,-6.487804878,-8.146341463,-9.804878049,-11.46341463,-13.12195122,-14.40121951,-15.6804878,-16.9597561,-18.23902439,-19.51829268,-20.79756098,-22.07682927,-23.35609756,-24.63536585,-25.91463415,-27.19390244,-28.47317073,-29.75243902,-31.03170732,-32.31097561,-33.5902439,-34.8695122,-36.14878049,-37.42804878,-38.70731707,-39.98658537,-41.26585366,-42.54512195,-43.82439024,-45.10365854,-46.38292683,-47.66219512,-48.94146341,-50.22073171,-51.5,-52.77926829,-54.05853659,-55.33780488,-56.61707317,-57.89634146,-59.17560976,-60.45487805,-61.73414634
1320,24.43592871,7.637898687,4.709193246,2.617260788,1.362101313,0.943714822,-1.566604128,-3.240150094,-4.91369606,-6.587242026,-8.260787992,-9.934333959,-11.60787992,-13.28142589,-14.57204503,-15.86266417,-17.1532833,-18.44390244,-19.73452158,-21.02514071,-22.31575985,-23.60637899,-24.89699812,-26.18761726,-27.4782364,-28.76885553,-30.05947467,-31.35009381,-32.64071295,-33.93133208,-35.22195122,-36.51257036,-37.80318949,-39.09380863,-40.38442777,-41.6750469,-42.96566604,-44.25628518,-45.54690432,-46.83752345,-48.12814259,-49.41876173,-50.70938086,-52,-53.29061914,-54.58123827,-55.87185741,-57.16247655,-58.45309568,-59.74371482,-61.03433396,-62.3249531
1330,24.62795497,7.666041276,4.711069418,2.600375235,1.333958724,0.911819887,-1.621013133,-3.30956848,-4.998123827,-6.686679174,-8.375234522,-10.06378987,-11.75234522,-13.44090056,-14.74287054,-16.04484053,-17.34681051,-18.64878049,-19.95075047,-21.25272045,-22.55469043,-23.85666041,-25.15863039,-26.46060038,-27.76257036,-29.06454034,-30.36651032,-31.6684803,-32.97045028,-34.27242026,-35.57439024,-36.87636023,-38.17833021,-39.48030019,-40.78227017,-42.08424015,-43.38621013,-44.68818011,-45.99015009,-47.29212008,-48.59409006,-49.89606004,-51.19803002,-52.5,-53.80196998,-55.10393996,-56.40590994,-57.70787992,-59.00984991,-60.31181989,-61.61378987,-62.91575985
1340,24.81998124,7.694183865,4.712945591,2.583489681,1.305816135,0.879924953,-1.675422139,-3.378986867,-5.082551595,-6.786116323,-8.489681051,-10.19324578,-11.89681051,-13.60037523,-14.91369606,-16.22701689,-17.54033771,-18.85365854,-20.16697936,-21.48030019,-22.79362101,-24.10694184,-25.42026266,-26.73358349,-28.04690432,-29.36022514,-30.67354597,-31.98686679,-33.30018762,-34.61350844,-35.92682927,-37.24015009,-38.55347092,-39.86679174,-41.18011257,-42.4934334,-43.80675422,-45.12007505,-46.43339587,-47.7467167,-49.06003752,-50.37335835,-51.68667917,-53,-54.31332083,-55.62664165,-56.93996248,-58.2532833,-59.56660413,-60.87992495,-62.19324578,-63.5065666
1350,25.0120075,7.722326454,4.714821764,2.566604128,1.277673546,0.848030019,-1.729831144,-3.448405253,-5.166979362,-6.885553471,-8.60412758,-10.32270169,-12.0412758,-13.75984991,-15.08452158,-16.40919325,-17.73386492,-19.05853659,-20.38320826,-21.70787992,-23.03255159,-24.35722326,-25.68189493,-27.0065666,-28.33123827,-29.65590994,-30.98058161,-32.30525328,-33.62992495,-34.95459662,-36.27926829,-37.60393996,-38.92861163,-40.2532833,-41.57795497,-42.90262664,-44.22729831,-45.55196998,-46.87664165,-48.20131332,-49.52598499,-50.85065666,-52.17532833,-53.5,-54.82467167,-56.14934334,-57.47401501,-58.79868668,-60.12335835,-61.44803002,-62.77270169,-64.09737336
1360,25.20403377,7.750469043,4.716697936,2.549718574,1.249530957,0.816135084,-1.78424015,-3.51782364,-5.251407129,-6.984990619,-8.718574109,-10.4521576,-12.18574109,-13.91932458,-15.25534709,-16.59136961,-17.92739212,-19.26341463,-20.59943715,-21.93545966,-23.27148218,-24.60750469,-25.9435272,-27.27954972,-28.61557223,-29.95159475,-31.28761726,-32.62363977,-33.95966229,-35.2956848,-36.63170732,-37.96772983,-39.30375235,-40.63977486,-41.97579737,-43.31181989,-44.6478424,-45.98386492,-47.31988743,-48.65590994,-49.99193246,-51.32795497,-52.66397749,-54,-55.33602251,-56.67204503,-58.00806754,-59.34409006,-60.68011257,-62.01613508,-63.3521576,-64.68818011
1370,25.39606004,7.778611632,4.718574109,2.532833021,1.221388368,0.78424015,-1.838649156,-3.587242026,-5.335834897,-7.084427767,-8.833020638,-10.58161351,-12.33020638,-14.07879925,-15.42617261,-16.77354597,-18.12091932,-19.46829268,-20.81566604,-22.1630394,-23.51041276,-24.85778612,-26.20515947,-27.55253283,-28.89990619,-30.24727955,-31.59465291,-32.94202627,-34.28939962,-35.63677298,-36.98414634,-38.3315197,-39.67889306,-41.02626642,-42.37363977,-43.72101313,-45.06838649,-46.41575985,-47.76313321,-49.11050657,-50.45787992,-51.80525328,-53.15262664,-54.5,-55.84737336,-57.19474672,-58.54212008,-59.88949343,-61.23686679,-62.58424015,-63.93161351,-65.27898687
1380,25.5880863,7.806754221,4.720450281,2.515947467,1.193245779,0.752345216,-1.893058161,-3.656660413,-5.420262664,-7.183864916,-8.947467167,-10.71106942,-12.47467167,-14.23827392,-15.59699812,-16.95572233,-18.31444653,-19.67317073,-21.03189493,-22.39061914,-23.74934334,-25.10806754,-26.46679174,-27.82551595,-29.18424015,-30.54296435,-31.90168856,-33.26041276,-34.61913696,-35.97786116,-37.33658537,-38.69530957,-40.05403377,-41.41275797,-42.77148218,-44.13020638,-45.48893058,-46.84765478,-48.20637899,-49.56510319,-50.92382739,-52.28255159,-53.6412758,-55,-56.3587242,-57.71744841,-59.07617261,-60.43489681,-61.79362101,-63.15234522,-64.51106942,-65.86979362
1390,25.78011257,7.834896811,4.722326454,2.499061914,1.165103189,0.720450281,-1.947467167,-3.726078799,-5.504690432,-7.283302064,-9.061913696,-10.84052533,-12.61913696,-14.39774859,-15.76782364,-17.13789869,-18.50797373,-19.87804878,-21.24812383,-22.61819887,-23.98827392,-25.35834897,-26.72842402,-28.09849906,-29.46857411,-30.83864916,-32.2087242,-33.57879925,-34.9488743,-36.31894934,-37.68902439,-39.05909944,-40.42917448,-41.79924953,-43.16932458,-44.53939962,-45.90947467,-47.27954972,-48.64962477,-50.01969981,-51.38977486,-52.75984991,-54.12992495,-55.5,-56.87007505,-58.24015009,-59.61022514,-60.98030019,-62.35037523,-63.72045028,-65.09052533,-66.46060038
1400,25.97213884,7.8630394,4.724202627,2.48217636,1.1369606,0.688555347,-2.001876173,-3.795497186,-5.589118199,-7.382739212,-9.176360225,-10.96998124,-12.76360225,-14.55722326,-15.93864916,-17.32007505,-18.70150094,-20.08292683,-21.46435272,-22.84577861,-24.2272045,-25.60863039,-26.99005629,-28.37148218,-29.75290807,-31.13433396,-32.51575985,-33.89718574,-35.27861163,-36.66003752,-38.04146341,-39.42288931,-40.8043152,-42.18574109,-43.56716698,-44.94859287,-46.33001876,-47.71144465,-49.09287054,-50.47429644,-51.85572233,-53.23714822,-54.61857411,-56,-57.38142589,-58.76285178,-60.14427767,-61.52570356,-62.90712946,-64.28855535,-65.66998124,-67.05140713
1410,26.1641651,7.891181989,4.726078799,2.465290807,1.108818011,0.656660413,-2.056285178,-3.864915572,-5.673545966,-7.48217636,-9.290806754,-11.09943715,-12.90806754,-14.71669794,-16.10947467,-17.50225141,-18.89502814,-20.28780488,-21.68058161,-23.07335835,-24.46613508,-25.85891182,-27.25168856,-28.64446529,-30.03724203,-31.43001876,-32.8227955,-34.21557223,-35.60834897,-37.0011257,-38.39390244,-39.78667917,-41.17945591,-42.57223265,-43.96500938,-45.35778612,-46.75056285,-48.14333959,-49.53611632,-50.92889306,-52.32166979,-53.71444653,-55.10722326,-56.5,-57.89277674,-59.28555347,-60.67833021,-62.07110694,-63.46388368,-64.85666041,-66.24943715,-67.64221388
1420,26.35619137,7.919324578,4.727954972,2.448405253,1.080675422,0.624765478,-2.110694184,-3.934333959,-5.757973734,-7.581613508,-9.405253283,-11.22889306,-13.05253283,-14.87617261,-16.28030019,-17.68442777,-19.08855535,-20.49268293,-21.89681051,-23.30093809,-24.70506567,-26.10919325,-27.51332083,-28.91744841,-30.32157598,-31.72570356,-33.12983114,-34.53395872,-35.9380863,-37.34221388,-38.74634146,-40.15046904,-41.55459662,-42.9587242,-44.36285178,-45.76697936,-47.17110694,-48.57523452,-49.9793621,-51.38348968,-52.78761726,-54.19174484,-55.59587242,-57,-58.40412758,-59.80825516,-61.21238274,-62.61651032,-64.0206379,-65.42476548,-66.82889306,-68.23302064
1430,26.54821764,7.947467167,4.729831144,2.4315197,1.052532833,0.592870544,-2.165103189,-4.003752345,-5.842401501,-7.681050657,-9.519699812,-11.35834897,-13.19699812,-15.03564728,-16.4511257,-17.86660413,-19.28208255,-20.69756098,-22.1130394,-23.52851782,-24.94399625,-26.35947467,-27.7749531,-29.19043152,-30.60590994,-32.02138837,-33.43686679,-34.85234522,-36.26782364,-37.68330206,-39.09878049,-40.51425891,-41.92973734,-43.34521576,-44.76069418,-46.17617261,-47.59165103,-49.00712946,-50.42260788,-51.8380863,-53.25356473,-54.66904315,-56.08452158,-57.5,-58.91547842,-60.33095685,-61.74643527,-63.1619137,-64.57739212,-65.99287054,-67.40834897,-68.82382739
1440,26.7402439,7.975609756,4.731707317,2.414634146,1.024390244,0.56097561,-2.219512195,-4.073170732,-5.926829268,-7.780487805,-9.634146341,-11.48780488,-13.34146341,-15.19512195,-16.62195122,-18.04878049,-19.47560976,-20.90243902,-22.32926829,-23.75609756,-25.18292683,-26.6097561,-28.03658537,-29.46341463,-30.8902439,-32.31707317,-33.74390244,-35.17073171,-36.59756098,-38.02439024,-39.45121951,-40.87804878,-42.30487805,-43.73170732,-45.15853659,-46.58536585,-48.01219512,-49.43902439,-50.86585366,-52.29268293,-53.7195122,-55.14634146,-56.57317073,-58,-59.42682927,-60.85365854,-62.2804878,-63.70731707,-65.13414634,-66.56097561,-67.98780488,-69.41463415
1450,26.93227017,8.003752345,4.73358349,2.397748593,0.996247655,0.529080675,-2.273921201,-4.142589118,-6.011257036,-7.879924953,-9.748592871,-11.61726079,-13.48592871,-15.35459662,-16.79277674,-18.23095685,-19.66913696,-21.10731707,-22.54549719,-23.9836773,-25.42185741,-26.86003752,-28.29821764,-29.73639775,-31.17457786,-32.61275797,-34.05093809,-35.4891182,-36.92729831,-38.36547842,-39.80365854,-41.24183865,-42.68001876,-44.11819887,-45.55637899,-46.9945591,-48.43273921,-49.87091932,-51.30909944,-52.74727955,-54.18545966,-55.62363977,-57.06181989,-58.5,-59.93818011,-61.37636023,-62.81454034,-64.25272045,-65.69090056,-67.12908068,-68.56726079,-70.0054409
1460,27.12429644,8.031894934,4.735459662,2.380863039,0.968105066,0.497185741,-2.328330206,-4.212007505,-6.095684803,-7.979362101,-9.8630394,-11.7467167,-13.630394,-15.51407129,-16.96360225,-18.41313321,-19.86266417,-21.31219512,-22.76172608,-24.21125704,-25.66078799,-27.11031895,-28.55984991,-30.00938086,-31.45891182,-32.90844278,-34.35797373,-35.80750469,-37.25703565,-38.7065666,-40.15609756,-41.60562852,-43.05515947,-44.50469043,-45.95422139,-47.40375235,-48.8532833,-50.30281426,-51.75234522,-53.20187617,-54.65140713,-56.10093809,-57.55046904,-59,-60.44953096,-61.89906191,-63.34859287,-64.79812383,-66.24765478,-67.69718574,-69.1467167,-70.59624765
1470,27.3163227,8.060037523,4.737335835,2.363977486,0.939962477,0.465290807,-2.382739212,-4.281425891,-6.18011257,-8.07879925,-9.977485929,-11.87617261,-13.77485929,-15.67354597,-17.13442777,-18.59530957,-20.05619137,-21.51707317,-22.97795497,-24.43883677,-25.89971857,-27.36060038,-28.82148218,-30.28236398,-31.74324578,-33.20412758,-34.66500938,-36.12589118,-37.58677298,-39.04765478,-40.50853659,-41.96941839,-43.43030019,-44.89118199,-46.35206379,-47.81294559,-49.27382739,-50.73470919,-52.19559099,-53.6564728,-55.1173546,-56.5782364,-58.0391182,-59.5,-60.9608818,-62.4217636,-63.8826454,-65.3435272,-66.80440901,-68.26529081,-69.72617261,-71.18705441
1480,27.50834897,8.088180113,4.739212008,2.347091932,0.911819887,0.433395872,-2.437148218,-4.350844278,-6.264540338,-8.178236398,-10.09193246,-12.00562852,-13.91932458,-15.83302064,-17.30525328,-18.77748593,-20.24971857,-21.72195122,-23.19418386,-24.66641651,-26.13864916,-27.6108818,-29.08311445,-30.55534709,-32.02757974,-33.49981238,-34.97204503,-36.44427767,-37.91651032,-39.38874296,-40.86097561,-42.33320826,-43.8054409,-45.27767355,-46.74990619,-48.22213884,-49.69437148,-51.16660413,-52.63883677,-54.11106942,-55.58330206,-57.05553471,-58.52776735,-60,-61.47223265,-62.94446529,-64.41669794,-65.88893058,-67.36116323,-68.83339587,-70.30562852,-71.77786116
1490,27.70037523,8.116322702,4.74108818,2.330206379,0.883677298,0.401500938,-2.491557223,-4.420262664,-6.348968105,-8.277673546,-10.20637899,-12.13508443,-14.06378987,-15.99249531,-17.4760788,-18.95966229,-20.44324578,-21.92682927,-23.41041276,-24.89399625,-26.37757974,-27.86116323,-29.34474672,-30.82833021,-32.3119137,-33.79549719,-35.27908068,-36.76266417,-38.24624765,-39.72983114,-41.21341463,-42.69699812,-44.18058161,-45.6641651,-47.14774859,-48.63133208,-50.11491557,-51.59849906,-53.08208255,-54.56566604,-56.04924953,-57.53283302,-59.01641651,-60.5,-61.98358349,-63.46716698,-64.95075047,-66.43433396,-67.91791745,-69.40150094,-70.88508443,-72.36866792
1500,27.8924015,8.144465291,4.742964353,2.313320826,0.855534709,0.369606004,-2.545966229,-4.489681051,-6.433395872,-8.377110694,-10.32082552,-12.26454034,-14.20825516,-16.15196998,-17.64690432,-19.14183865,-20.63677298,-22.13170732,-23.62664165,-25.12157598,-26.61651032,-28.11144465,-29.60637899,-31.10131332,-32.59624765,-34.09118199,-35.58611632,-37.08105066,-38.57598499,-40.07091932,-41.56585366,-43.06078799,-44.55572233,-46.05065666,-47.54559099,-49.04052533,-50.53545966,-52.030394,-53.52532833,-55.02026266,-56.515197,-58.01013133,-59.50506567,-61,-62.49493433,-63.98986867,-65.484803,-66.97973734,-68.47467167,-69.969606,-71.46454034,-72.95947467
1510,28.08442777,8.17260788,4.744840525,2.296435272,0.82739212,0.337711069,-2.600375235,-4.559099437,-6.51782364,-8.476547842,-10.43527205,-12.39399625,-14.35272045,-16.31144465,-17.81772983,-19.32401501,-20.83030019,-22.33658537,-23.84287054,-25.34915572,-26.8554409,-28.36172608,-29.86801126,-31.37429644,-32.88058161,-34.38686679,-35.89315197,-37.39943715,-38.90572233,-40.4120075,-41.91829268,-43.42457786,-44.93086304,-46.43714822,-47.9434334,-49.44971857,-50.95600375,-52.46228893,-53.96857411,-55.47485929,-56.98114447,-58.48742964,-59.99371482,-61.5,-63.00628518,-64.51257036,-66.01885553,-67.52514071,-69.03142589,-70.53771107,-72.04399625,-73.55028143
1520,28.27645403,8.200750469,4.746716698,2.279549719,0.799249531,0.305816135,-2.65478424,-4.628517824,-6.602251407,-8.575984991,-10.54971857,-12.52345216,-14.49718574,-16.47091932,-17.98855535,-19.50619137,-21.02382739,-22.54146341,-24.05909944,-25.57673546,-27.09437148,-28.6120075,-30.12964353,-31.64727955,-33.16491557,-34.68255159,-36.20018762,-37.71782364,-39.23545966,-40.75309568,-42.27073171,-43.78836773,-45.30600375,-46.82363977,-48.3412758,-49.85891182,-51.37654784,-52.89418386,-54.41181989,-55.92945591,-57.44709193,-58.96472795,-60.48236398,-62,-63.51763602,-65.03527205,-66.55290807,-68.07054409,-69.58818011,-71.10581614,-72.62345216,-74.14108818
1530,28.4684803,8.228893058,4.748592871,2.262664165,0.771106942,0.273921201,-2.709193246,-4.69793621,-6.686679174,-8.675422139,-10.6641651,-12.65290807,-14.64165103,-16.630394,-18.15938086,-19.68836773,-21.2173546,-22.74634146,-24.27532833,-25.8043152,-27.33330206,-28.86228893,-30.3912758,-31.92026266,-33.44924953,-34.9782364,-36.50722326,-38.03621013,-39.565197,-41.09418386,-42.62317073,-44.1521576,-45.68114447,-47.21013133,-48.7391182,-50.26810507,-51.79709193,-53.3260788,-54.85506567,-56.38405253,-57.9130394,-59.44202627,-60.97101313,-62.5,-64.02898687,-65.55797373,-67.0869606,-68.61594747,-70.14493433,-71.6739212,-73.20290807,-74.73189493
1540,28.66050657,8.257035647,4.750469043,2.245778612,0.742964353,0.242026266,-2.763602251,-4.767354597,-6.771106942,-8.774859287,-10.77861163,-12.78236398,-14.78611632,-16.78986867,-18.33020638,-19.87054409,-21.4108818,-22.95121951,-24.49155722,-26.03189493,-27.57223265,-29.11257036,-30.65290807,-32.19324578,-33.73358349,-35.2739212,-36.81425891,-38.35459662,-39.89493433,-41.43527205,-42.97560976,-44.51594747,-46.05628518,-47.59662289,-49.1369606,-50.67729831,-52.21763602,-53.75797373,-55.29831144,-56.83864916,-58.37898687,-59.91932458,-61.45966229,-63,-64.54033771,-66.08067542,-67.62101313,-69.16135084,-70.70168856,-72.24202627,-73.78236398,-75.32270169
1550,28.85253283,8.285178236,4.752345216,2.228893058,0.714821764,0.210131332,-2.818011257,-4.836772983,-6.855534709,-8.874296435,-10.89305816,-12.91181989,-14.93058161,-16.94934334,-18.50103189,-20.05272045,-21.60440901,-23.15609756,-24.70778612,-26.25947467,-27.81116323,-29.36285178,-30.91454034,-32.46622889,-34.01791745,-35.569606,-37.12129456,-38.67298311,-40.22467167,-41.77636023,-43.32804878,-44.87973734,-46.43142589,-47.98311445,-49.534803,-51.08649156,-52.63818011,-54.18986867,-55.74155722,-57.29324578,-58.84493433,-60.39662289,-61.94831144,-63.5,-65.05168856,-66.60337711,-68.15506567,-69.70675422,-71.25844278,-72.81013133,-74.36181989,-75.91350844
1560,29.0445591,8.313320826,4.754221388,2.212007505,0.686679174,0.178236398,-2.872420263,-4.90619137,-6.939962477,-8.973733583,-11.00750469,-13.0412758,-15.0750469,-17.10881801,-18.67185741,-20.23489681,-21.79793621,-23.36097561,-24.92401501,-26.48705441,-28.05009381,-29.61313321,-31.17617261,-32.73921201,-34.30225141,-35.86529081,-37.42833021,-38.99136961,-40.55440901,-42.11744841,-43.6804878,-45.2435272,-46.8065666,-48.369606,-49.9326454,-51.4956848,-53.0587242,-54.6217636,-56.184803,-57.7478424,-59.3108818,-60.8739212,-62.4369606,-64,-65.5630394,-67.1260788,-68.6891182,-70.2521576,-71.815197,-73.3782364,-74.9412758,-76.5043152
1570,29.23658537,8.341463415,4.756097561,2.195121951,0.658536585,0.146341463,-2.926829268,-4.975609756,-7.024390244,-9.073170732,-11.12195122,-13.17073171,-15.2195122,-17.26829268,-18.84268293,-20.41707317,-21.99146341,-23.56585366,-25.1402439,-26.71463415,-28.28902439,-29.86341463,-31.43780488,-33.01219512,-34.58658537,-36.16097561,-37.73536585,-39.3097561,-40.88414634,-42.45853659,-44.03292683,-45.60731707,-47.18170732,-48.75609756,-50.3304878,-51.90487805,-53.47926829,-55.05365854,-56.62804878,-58.20243902,-59.77682927,-61.35121951,-62.92560976,-64.5,-66.07439024,-67.64878049,-69.22317073,-70.79756098,-72.37195122,-73.94634146,-75.52073171,-77.09512195
1580,29.42861163,8.369606004,4.757973734,2.178236398,0.630393996,0.114446529,-2.981238274,-5.045028143,-7.108818011,-9.17260788,-11.23639775,-13.30018762,-15.36397749,-17.42776735,-19.01350844,-20.59924953,-22.18499062,-23.77073171,-25.3564728,-26.94221388,-28.52795497,-30.11369606,-31.69943715,-33.28517824,-34.87091932,-36.45666041,-38.0424015,-39.62814259,-41.21388368,-42.79962477,-44.38536585,-45.97110694,-47.55684803,-49.14258912,-50.72833021,-52.31407129,-53.89981238,-55.48555347,-57.07129456,-58.65703565,-60.24277674,-61.82851782,-63.41425891,-65,-66.58574109,-68.17148218,-69.75722326,-71.34296435,-72.92870544,-74.51444653,-76.10018762,-77.68592871
1590,29.6206379,8.397748593,4.759849906,2.161350844,0.602251407,0.082551595,-3.03564728,-5.114446529,-7.193245779,-9.272045028,-11.35084428,-13.42964353,-15.50844278,-17.58724203,-19.18433396,-20.78142589,-22.37851782,-23.97560976,-25.57270169,-27.16979362,-28.76688555,-30.36397749,-31.96106942,-33.55816135,-35.15525328,-36.75234522,-38.34943715,-39.94652908,-41.54362101,-43.14071295,-44.73780488,-46.33489681,-47.93198874,-49.52908068,-51.12617261,-52.72326454,-54.32035647,-55.91744841,-57.51454034,-59.11163227,-60.7087242,-62.30581614,-63.90290807,-65.5,-67.09709193,-68.69418386,-70.2912758,-71.88836773,-73.48545966,-75.08255159,-76.67964353,-78.27673546
1600,29.81266417,8.425891182,4.761726079,2.144465291,0.574108818,0.05065666,-3.090056285,-5.183864916,-7.277673546,-9.371482176,-11.46529081,-13.55909944,-15.65290807,-17.7467167,-19.35515947,-20.96360225,-22.57204503,-24.1804878,-25.78893058,-27.39737336,-29.00581614,-30.61425891,-32.22270169,-33.83114447,-35.43958724,-37.04803002,-38.6564728,-40.26491557,-41.87335835,-43.48180113,-45.0902439,-46.69868668,-48.30712946,-49.91557223,-51.52401501,-53.13245779,-54.74090056,-56.34934334,-57.95778612,-59.56622889,-61.17467167,-62.78311445,-64.39155722,-66,-67.60844278,-69.21688555,-70.82532833,-72.43377111,-74.04221388,-75.65065666,-77.25909944,-78.86754221
1610,30.00469043,8.454033771,4.763602251,2.127579737,0.545966229,0.018761726,-3.144465291,-5.253283302,-7.362101313,-9.470919325,-11.57973734,-13.68855535,-15.79737336,-17.90619137,-19.52598499,-21.14577861,-22.76557223,-24.38536585,-26.00515947,-27.6249531,-29.24474672,-30.86454034,-32.48433396,-34.10412758,-35.7239212,-37.34371482,-38.96350844,-40.58330206,-42.20309568,-43.82288931,-45.44268293,-47.06247655,-48.68227017,-50.30206379,-51.92185741,-53.54165103,-55.16144465,-56.78123827,-58.40103189,-60.02082552,-61.64061914,-63.26041276,-64.88020638,-66.5,-68.11979362,-69.73958724,-71.35938086,-72.97917448,-74.59896811,-76.21876173,-77.83855535,-79.45834897
1620,30.1967167,8.48217636,4.765478424,2.110694184,0.51782364,-0.013133208,-3.198874296,-5.322701689,-7.446529081,-9.570356473,-11.69418386,-13.81801126,-15.94183865,-18.06566604,-19.69681051,-21.32795497,-22.95909944,-24.5902439,-26.22138837,-27.85253283,-29.4836773,-31.11482176,-32.74596623,-34.37711069,-36.00825516,-37.63939962,-39.27054409,-40.90168856,-42.53283302,-44.16397749,-45.79512195,-47.42626642,-49.05741088,-50.68855535,-52.31969981,-53.95084428,-55.58198874,-57.21313321,-58.84427767,-60.47542214,-62.1065666,-63.73771107,-65.36885553,-67,-68.63114447,-70.26228893,-71.8934334,-73.52457786,-75.15572233,-76.78686679,-78.41801126,-80.04915572
1630,30.38874296,8.510318949,4.767354597,2.09380863,0.489681051,-0.045028143,-3.253283302,-5.392120075,-7.530956848,-9.669793621,-11.80863039,-13.94746717,-16.08630394,-18.22514071,-19.86763602,-21.51013133,-23.15262664,-24.79512195,-26.43761726,-28.08011257,-29.72260788,-31.36510319,-33.0075985,-34.65009381,-36.29258912,-37.93508443,-39.57757974,-41.22007505,-42.86257036,-44.50506567,-46.14756098,-47.79005629,-49.43255159,-51.0750469,-52.71754221,-54.36003752,-56.00253283,-57.64502814,-59.28752345,-60.93001876,-62.57251407,-64.21500938,-65.85750469,-67.5,-69.14249531,-70.78499062,-72.42748593,-74.06998124,-75.71247655,-77.35497186,-78.99746717,-80.63996248
1640,30.58076923,8.538461538,4.769230769,2.076923077,0.461538462,-0.076923077,-3.307692308,-5.461538462,-7.615384615,-9.769230769,-11.92307692,-14.07692308,-16.23076923,-18.38461538,-20.03846154,-21.69230769,-23.34615385,-25,-26.65384615,-28.30769231,-29.96153846,-31.61538462,-33.26923077,-34.92307692,-36.57692308,-38.23076923,-39.88461538,-41.53846154,-43.19230769,-44.84615385,-46.5,-48.15384615,-49.80769231,-51.46153846,-53.11538462,-54.76923077,-56.42307692,-58.07692308,-59.73076923,-61.38461538,-63.03846154,-64.69230769,-66.34615385,-68,-69.65384615,-71.30769231,-72.96153846,-74.61538462,-76.26923077,-77.92307692,-79.57692308,-81.23076923
1650,30.7727955,8.566604128,4.771106942,2.060037523,0.433395872,-0.108818011,-3.362101313,-5.530956848,-7.699812383,-9.868667917,-12.03752345,-14.20637899,-16.37523452,-18.54409006,-20.20928705,-21.87448405,-23.53968105,-25.20487805,-26.87007505,-28.53527205,-30.20046904,-31.86566604,-33.53086304,-35.19606004,-36.86125704,-38.52645403,-40.19165103,-41.85684803,-43.52204503,-45.18724203,-46.85243902,-48.51763602,-50.18283302,-51.84803002,-53.51322702,-55.17842402,-56.84362101,-58.50881801,-60.17401501,-61.83921201,-63.50440901,-65.169606,-66.834803,-68.5,-70.165197,-71.830394,-73.49559099,-75.16078799,-76.82598499,-78.49118199,-80.15637899,-81.82157598
1660,30.96482176,8.594746717,4.772983114,2.04315197,0.405253283,-0.140712946,-3.416510319,-5.600375235,-7.78424015,-9.968105066,-12.15196998,-14.3358349,-16.51969981,-18.70356473,-20.38011257,-22.05666041,-23.73320826,-25.4097561,-27.08630394,-28.76285178,-30.43939962,-32.11594747,-33.79249531,-35.46904315,-37.14559099,-38.82213884,-40.49868668,-42.17523452,-43.85178236,-45.52833021,-47.20487805,-48.88142589,-50.55797373,-52.23452158,-53.91106942,-55.58761726,-57.2641651,-58.94071295,-60.61726079,-62.29380863,-63.97035647,-65.64690432,-67.32345216,-69,-70.67654784,-72.35309568,-74.02964353,-75.70619137,-77.38273921,-79.05928705,-80.7358349,-82.41238274
1670,31.15684803,8.622889306,4.774859287,2.026266417,0.377110694,-0.17260788,-3.470919325,-5.669793621,-7.868667917,-10.06754221,-12.26641651,-14.46529081,-16.6641651,-18.8630394,-20.55093809,-22.23883677,-23.92673546,-25.61463415,-27.30253283,-28.99043152,-30.67833021,-32.36622889,-34.05412758,-35.74202627,-37.42992495,-39.11782364,-40.80572233,-42.49362101,-44.1815197,-45.86941839,-47.55731707,-49.24521576,-50.93311445,-52.62101313,-54.30891182,-55.99681051,-57.68470919,-59.37260788,-61.06050657,-62.74840525,-64.43630394,-66.12420263,-67.81210131,-69.5,-71.18789869,-72.87579737,-74.56369606,-76.25159475,-77.93949343,-79.62739212,-81.31529081,-83.00318949
1680,31.3488743,8.651031895,4.77673546,2.009380863,0.348968105,-0.204502814,-3.52532833,-5.739212008,-7.953095685,-10.16697936,-12.38086304,-14.59474672,-16.80863039,-19.02251407,-20.7217636,-22.42101313,-24.12026266,-25.8195122,-27.51876173,-29.21801126,-30.91726079,-32.61651032,-34.31575985,-36.01500938,-37.71425891,-39.41350844,-41.11275797,-42.8120075,-44.51125704,-46.21050657,-47.9097561,-49.60900563,-51.30825516,-53.00750469,-54.70675422,-56.40600375,-58.10525328,-59.80450281,-61.50375235,-63.20300188,-64.90225141,-66.60150094,-68.30075047,-70,-71.69924953,-73.39849906,-75.09774859,-76.79699812,-78.49624765,-80.19549719,-81.89474672,-83.59399625
1690,31.54090056,8.679174484,4.778611632,1.99249531,0.320825516,-0.236397749,-3.579737336,-5.808630394,-8.037523452,-10.26641651,-12.49530957,-14.72420263,-16.95309568,-19.18198874,-20.89258912,-22.60318949,-24.31378987,-26.02439024,-27.73499062,-29.44559099,-31.15619137,-32.86679174,-34.57739212,-36.2879925,-37.99859287,-39.70919325,-41.41979362,-43.130394,-44.84099437,-46.55159475,-48.26219512,-49.9727955,-51.68339587,-53.39399625,-55.10459662,-56.815197,-58.52579737,-60.23639775,-61.94699812,-63.6575985,-65.36819887,-67.07879925,-68.78939962,-70.5,-72.21060038,-73.92120075,-75.63180113,-77.3424015,-79.05300188,-80.76360225,-82.47420263,-84.184803
1700,31.73292683,8.707317073,4.780487805,1.975609756,0.292682927,-0.268292683,-3.634146341,-5.87804878,-8.12195122,-10.36585366,-12.6097561,-14.85365854,-17.09756098,-19.34146341,-21.06341463,-22.78536585,-24.50731707,-26.22926829,-27.95121951,-29.67317073,-31.39512195,-33.11707317,-34.83902439,-36.56097561,-38.28292683,-40.00487805,-41.72682927,-43.44878049,-45.17073171,-46.89268293,-48.61463415,-50.33658537,-52.05853659,-53.7804878,-55.50243902,-57.22439024,-58.94634146,-60.66829268,-62.3902439,-64.11219512,-65.83414634,-67.55609756,-69.27804878,-71,-72.72195122,-74.44390244,-76.16585366,-77.88780488,-79.6097561,-81.33170732,-83.05365854,-84.77560976
1710,31.9249531,8.735459662,4.782363977,1.958724203,0.264540338,-0.300187617,-3.688555347,-5.947467167,-8.206378987,-10.46529081,-12.72420263,-14.98311445,-17.24202627,-19.50093809,-21.23424015,-22.96754221,-24.70084428,-26.43414634,-28.16744841,-29.90075047,-31.63405253,-33.3673546,-35.10065666,-36.83395872,-38.56726079,-40.30056285,-42.03386492,-43.76716698,-45.50046904,-47.23377111,-48.96707317,-50.70037523,-52.4336773,-54.16697936,-55.90028143,-57.63358349,-59.36688555,-61.10018762,-62.83348968,-64.56679174,-66.30009381,-68.03339587,-69.76669794,-71.5,-73.23330206,-74.96660413,-76.69990619,-78.43320826,-80.16651032,-81.89981238,-83.63311445,-85.36641651
1720,32.11697936,8.763602251,4.78424015,1.941838649,0.236397749,-0.332082552,-3.742964353,-6.016885553,-8.290806754,-10.56472795,-12.83864916,-15.11257036,-17.38649156,-19.66041276,-21.40506567,-23.14971857,-24.89437148,-26.63902439,-28.3836773,-30.12833021,-31.87298311,-33.61763602,-35.36228893,-37.10694184,-38.85159475,-40.59624765,-42.34090056,-44.08555347,-45.83020638,-47.57485929,-49.3195122,-51.0641651,-52.80881801,-54.55347092,-56.29812383,-58.04277674,-59.78742964,-61.53208255,-63.27673546,-65.02138837,-66.76604128,-68.51069418,-70.25534709,-72,-73.74465291,-75.48930582,-77.23395872,-78.97861163,-80.72326454,-82.46791745,-84.21257036,-85.95722326
1730,32.30900563,8.791744841,4.786116323,1.924953096,0.208255159,-0.363977486,-3.797373358,-6.08630394,-8.375234522,-10.6641651,-12.95309568,-15.24202627,-17.53095685,-19.81988743,-21.57589118,-23.33189493,-25.08789869,-26.84390244,-28.59990619,-30.35590994,-32.1119137,-33.86791745,-35.6239212,-37.37992495,-39.13592871,-40.89193246,-42.64793621,-44.40393996,-46.15994371,-47.91594747,-49.67195122,-51.42795497,-53.18395872,-54.93996248,-56.69596623,-58.45196998,-60.20797373,-61.96397749,-63.71998124,-65.47598499,-67.23198874,-68.9879925,-70.74399625,-72.5,-74.25600375,-76.0120075,-77.76801126,-79.52401501,-81.28001876,-83.03602251,-84.79202627,-86.54803002
1740,32.50103189,8.81988743,4.787992495,1.908067542,0.18011257,-0.39587242,-3.851782364,-6.155722326,-8.459662289,-10.76360225,-13.06754221,-15.37148218,-17.67542214,-19.9793621,-21.7467167,-23.51407129,-25.28142589,-27.04878049,-28.81613508,-30.58348968,-32.35084428,-34.11819887,-35.88555347,-37.65290807,-39.42026266,-41.18761726,-42.95497186,-44.72232645,-46.48968105,-48.25703565,-50.02439024,-51.79174484,-53.55909944,-55.32645403,-57.09380863,-58.86116323,-60.62851782,-62.39587242,-64.16322702,-65.93058161,-67.69793621,-69.46529081,-71.2326454,-73,-74.7673546,-76.53470919,-78.30206379,-80.06941839,-81.83677298,-83.60412758,-85.37148218,-87.13883677
1750,32.69305816,8.848030019,4.789868668,1.891181989,0.151969981,-0.427767355,-3.90619137,-6.225140713,-8.544090056,-10.8630394,-13.18198874,-15.50093809,-17.81988743,-20.13883677,-21.91754221,-23.69624765,-25.4749531,-27.25365854,-29.03236398,-30.81106942,-32.58977486,-34.3684803,-36.14718574,-37.92589118,-39.70459662,-41.48330206,-43.2620075,-45.04071295,-46.81941839,-48.59812383,-50.37682927,-52.15553471,-53.93424015,-55.71294559,-57.49165103,-59.27035647,-61.04906191,-62.82776735,-64.6064728,-66.38517824,-68.16388368,-69.94258912,-71.72129456,-73.5,-75.27870544,-77.05741088,-78.83611632,-80.61482176,-82.3935272,-84.17223265,-85.95093809,-87.72964353
1760,32.88508443,8.876172608,4.791744841,1.874296435,0.123827392,-0.459662289,-3.960600375,-6.294559099,-8.628517824,-10.96247655,-13.29643527,-15.630394,-17.96435272,-20.29831144,-22.08836773,-23.87842402,-25.6684803,-27.45853659,-29.24859287,-31.03864916,-32.82870544,-34.61876173,-36.40881801,-38.1988743,-39.98893058,-41.77898687,-43.56904315,-45.35909944,-47.14915572,-48.93921201,-50.72926829,-52.51932458,-54.30938086,-56.09943715,-57.88949343,-59.67954972,-61.469606,-63.25966229,-65.04971857,-66.83977486,-68.62983114,-70.41988743,-72.20994371,-74,-75.79005629,-77.58011257,-79.37016886,-81.16022514,-82.95028143,-84.74033771,-86.530394,-88.32045028
1770,33.07711069,8.904315197,4.793621013,1.857410882,0.095684803,-0.491557223,-4.015009381,-6.363977486,-8.712945591,-11.0619137,-13.4108818,-15.75984991,-18.10881801,-20.45778612,-22.25919325,-24.06060038,-25.8620075,-27.66341463,-29.46482176,-31.26622889,-33.06763602,-34.86904315,-36.67045028,-38.47185741,-40.27326454,-42.07467167,-43.8760788,-45.67748593,-47.47889306,-49.28030019,-51.08170732,-52.88311445,-54.68452158,-56.48592871,-58.28733583,-60.08874296,-61.89015009,-63.69155722,-65.49296435,-67.29437148,-69.09577861,-70.89718574,-72.69859287,-74.5,-76.30140713,-78.10281426,-79.90422139,-81.70562852,-83.50703565,-85.30844278,-87.10984991,-88.91125704
1780,33.26913696,8.932457786,4.795497186,1.840525328,0.067542214,-0.523452158,-4.069418386,-6.433395872,-8.797373358,-11.16135084,-13.52532833,-15.88930582,-18.2532833,-20.61726079,-22.43001876,-24.24277674,-26.05553471,-27.86829268,-29.68105066,-31.49380863,-33.3065666,-35.11932458,-36.93208255,-38.74484053,-40.5575985,-42.37035647,-44.18311445,-45.99587242,-47.80863039,-49.62138837,-51.43414634,-53.24690432,-55.05966229,-56.87242026,-58.68517824,-60.49793621,-62.31069418,-64.12345216,-65.93621013,-67.74896811,-69.56172608,-71.37448405,-73.18724203,-75,-76.81275797,-78.62551595,-80.43827392,-82.25103189,-84.06378987,-85.87654784,-87.68930582,-89.50206379
1790,33.46116323,8.960600375,4.797373358,1.823639775,0.039399625,-0.555347092,-4.123827392,-6.502814259,-8.881801126,-11.26078799,-13.63977486,-16.01876173,-18.39774859,-20.77673546,-22.60084428,-24.4249531,-26.24906191,-28.07317073,-29.89727955,-31.72138837,-33.54549719,-35.369606,-37.19371482,-39.01782364,-40.84193246,-42.66604128,-44.49015009,-46.31425891,-48.13836773,-49.96247655,-51.78658537,-53.61069418,-55.434803,-57.25891182,-59.08302064,-60.90712946,-62.73123827,-64.55534709,-66.37945591,-68.20356473,-70.02767355,-71.85178236,-73.67589118,-75.5,-77.32410882,-79.14821764,-80.97232645,-82.79643527,-84.62054409,-86.44465291,-88.26876173,-90.09287054
1800,33.65318949,8.988742964,4.799249531,1.806754221,0.011257036,-0.587242026,-4.178236398,-6.572232645,-8.966228893,-11.36022514,-13.75422139,-16.14821764,-18.54221388,-20.93621013,-22.77166979,-24.60712946,-26.44258912,-28.27804878,-30.11350844,-31.94896811,-33.78442777,-35.61988743,-37.45534709,-39.29080675,-41.12626642,-42.96172608,-44.79718574,-46.6326454,-48.46810507,-50.30356473,-52.13902439,-53.97448405,-55.80994371,-57.64540338,-59.48086304,-61.3163227,-63.15178236,-64.98724203,-66.82270169,-68.65816135,-70.49362101,-72.32908068,-74.16454034,-76,-77.83545966,-79.67091932,-81.50637899,-83.34183865,-85.17729831,-87.01275797,-88.84821764,-90.6836773
1810,33.84521576,9.016885553,4.801125704,1.789868668,-0.016885553,-0.619136961,-4.232645403,-6.641651032,-9.05065666,-11.45966229,-13.86866792,-16.27767355,-18.68667917,-21.0956848,-22.94249531,-24.78930582,-26.63611632,-28.48292683,-30.32973734,-32.17654784,-34.02335835,-35.87016886,-37.71697936,-39.56378987,-41.41060038,-43.25741088,-45.10422139,-46.95103189,-48.7978424,-50.64465291,-52.49146341,-54.33827392,-56.18508443,-58.03189493,-59.87870544,-61.72551595,-63.57232645,-65.41913696,-67.26594747,-69.11275797,-70.95956848,-72.80637899,-74.65318949,-76.5,-78.34681051,-80.19362101,-82.04043152,-83.88724203,-85.73405253,-87.58086304,-89.42767355,-91.27448405
1820,34.03724203,9.045028143,4.803001876,1.772983114,-0.045028143,-0.651031895,-4.287054409,-6.711069418,-9.135084428,-11.55909944,-13.98311445,-16.40712946,-18.83114447,-21.25515947,-23.11332083,-24.97148218,-26.82964353,-28.68780488,-30.54596623,-32.40412758,-34.26228893,-36.12045028,-37.97861163,-39.83677298,-41.69493433,-43.55309568,-45.41125704,-47.26941839,-49.12757974,-50.98574109,-52.84390244,-54.70206379,-56.56022514,-58.41838649,-60.27654784,-62.13470919,-63.99287054,-65.85103189,-67.70919325,-69.5673546,-71.42551595,-73.2836773,-75.14183865,-77,-78.85816135,-80.7163227,-82.57448405,-84.4326454,-86.29080675,-88.14896811,-90.00712946,-91.86529081
1830,34.22926829,9.073170732,4.804878049,1.756097561,-0.073170732,-0.682926829,-4.341463415,-6.780487805,-9.219512195,-11.65853659,-14.09756098,-16.53658537,-18.97560976,-21.41463415,-23.28414634,-25.15365854,-27.02317073,-28.89268293,-30.76219512,-32.63170732,-34.50121951,-36.37073171,-38.2402439,-40.1097561,-41.97926829,-43.84878049,-45.71829268,-47.58780488,-49.45731707,-51.32682927,-53.19634146,-55.06585366,-56.93536585,-58.80487805,-60.67439024,-62.54390244,-64.41341463,-66.28292683,-68.15243902,-70.02195122,-71.89146341,-73.76097561,-75.6304878,-77.5,-79.3695122,-81.23902439,-83.10853659,-84.97804878,-86.84756098,-88.71707317,-90.58658537,-92.45609756
1840,34.42129456,9.101313321,4.806754221,1.739212008,-0.101313321,-0.714821764,-4.39587242,-6.849906191,-9.303939962,-11.75797373,-14.2120075,-16.66604128,-19.12007505,-21.57410882,-23.45497186,-25.3358349,-27.21669794,-29.09756098,-30.97842402,-32.85928705,-34.74015009,-36.62101313,-38.50187617,-40.38273921,-42.26360225,-44.14446529,-46.02532833,-47.90619137,-49.78705441,-51.66791745,-53.54878049,-55.42964353,-57.31050657,-59.19136961,-61.07223265,-62.95309568,-64.83395872,-66.71482176,-68.5956848,-70.47654784,-72.35741088,-74.23827392,-76.11913696,-78,-79.88086304,-81.76172608,-83.64258912,-85.52345216,-87.4043152,-89.28517824,-91.16604128,-93.04690432
1850,34.61332083,9.12945591,4.808630394,1.722326454,-0.12945591,-0.746716698,-4.450281426,-6.919324578,-9.38836773,-11.85741088,-14.32645403,-16.79549719,-19.26454034,-21.73358349,-23.62579737,-25.51801126,-27.41022514,-29.30243902,-31.19465291,-33.08686679,-34.97908068,-36.87129456,-38.76350844,-40.65572233,-42.54793621,-44.44015009,-46.33236398,-48.22457786,-50.11679174,-52.00900563,-53.90121951,-55.7934334,-57.68564728,-59.57786116,-61.47007505,-63.36228893,-65.25450281,-67.1467167,-69.03893058,-70.93114447,-72.82335835,-74.71557223,-76.60778612,-78.5,-80.39221388,-82.28442777,-84.17664165,-86.06885553,-87.96106942,-89.8532833,-91.74549719,-93.63771107
1860,34.80534709,9.157598499,4.810506567,1.705440901,-0.157598499,-0.778611632,-4.504690432,-6.988742964,-9.472795497,-11.95684803,-14.44090056,-16.9249531,-19.40900563,-21.89305816,-23.79662289,-25.70018762,-27.60375235,-29.50731707,-31.4108818,-33.31444653,-35.21801126,-37.12157598,-39.02514071,-40.92870544,-42.83227017,-44.7358349,-46.63939962,-48.54296435,-50.44652908,-52.35009381,-54.25365854,-56.15722326,-58.06078799,-59.96435272,-61.86791745,-63.77148218,-65.6750469,-67.57861163,-69.48217636,-71.38574109,-73.28930582,-75.19287054,-77.09643527,-79,-80.90356473,-82.80712946,-84.71069418,-86.61425891,-88.51782364,-90.42138837,-92.3249531,-94.22851782
1870,34.99737336,9.185741088,4.812382739,1.688555347,-0.185741088,-0.810506567,-4.559099437,-7.058161351,-9.557223265,-12.05628518,-14.55534709,-17.05440901,-19.55347092,-22.05253283,-23.96744841,-25.88236398,-27.79727955,-29.71219512,-31.62711069,-33.54202627,-35.45694184,-37.37185741,-39.28677298,-41.20168856,-43.11660413,-45.0315197,-46.94643527,-48.86135084,-50.77626642,-52.69118199,-54.60609756,-56.52101313,-58.43592871,-60.35084428,-62.26575985,-64.18067542,-66.09559099,-68.01050657,-69.92542214,-71.84033771,-73.75525328,-75.67016886,-77.58508443,-79.5,-81.41491557,-83.32983114,-85.24474672,-87.15966229,-89.07457786,-90.98949343,-92.90440901,-94.81932458
1880,35.18939962,9.213883677,4.814258912,1.671669794,-0.213883677,-0.842401501,-4.613508443,-7.127579737,-9.641651032,-12.15572233,-14.66979362,-17.18386492,-19.69793621,-22.2120075,-24.13827392,-26.06454034,-27.99080675,-29.91707317,-31.84333959,-33.769606,-35.69587242,-37.62213884,-39.54840525,-41.47467167,-43.40093809,-45.3272045,-47.25347092,-49.17973734,-51.10600375,-53.03227017,-54.95853659,-56.884803,-58.81106942,-60.73733583,-62.66360225,-64.58986867,-66.51613508,-68.4424015,-70.36866792,-72.29493433,-74.22120075,-76.14746717,-78.07373358,-80,-81.92626642,-83.85253283,-85.77879925,-87.70506567,-89.63133208,-91.5575985,-93.48386492,-95.41013133
1890,35.38142589,9.242026266,4.816135084,1.65478424,-0.242026266,-0.874296435,-4.667917448,-7.196998124,-9.726078799,-12.25515947,-14.78424015,-17.31332083,-19.8424015,-22.37148218,-24.30909944,-26.2467167,-28.18433396,-30.12195122,-32.05956848,-33.99718574,-35.934803,-37.87242026,-39.81003752,-41.74765478,-43.68527205,-45.62288931,-47.56050657,-49.49812383,-51.43574109,-53.37335835,-55.31097561,-57.24859287,-59.18621013,-61.12382739,-63.06144465,-64.99906191,-66.93667917,-68.87429644,-70.8119137,-72.74953096,-74.68714822,-76.62476548,-78.56238274,-80.5,-82.43761726,-84.37523452,-86.31285178,-88.25046904,-90.1880863,-92.12570356,-94.06332083,-96.00093809
1900,35.57345216,9.270168856,4.818011257,1.637898687,-0.270168856,-0.90619137,-4.722326454,-7.26641651,-9.810506567,-12.35459662,-14.89868668,-17.44277674,-19.98686679,-22.53095685,-24.47992495,-26.42889306,-28.37786116,-30.32682927,-32.27579737,-34.22476548,-36.17373358,-38.12270169,-40.07166979,-42.0206379,-43.969606,-45.91857411,-47.86754221,-49.81651032,-51.76547842,-53.71444653,-55.66341463,-57.61238274,-59.56135084,-61.51031895,-63.45928705,-65.40825516,-67.35722326,-69.30619137,-71.25515947,-73.20412758,-75.15309568,-77.10206379,-79.05103189,-81,-82.94896811,-84.89793621,-86.84690432,-88.79587242,-90.74484053,-92.69380863,-94.64277674,-96.59174484
1910,35.76547842,9.298311445,4.81988743,1.621013133,-0.298311445,-0.938086304,-4.77673546,-7.335834897,-9.894934334,-12.45403377,-15.01313321,-17.57223265,-20.13133208,-22.69043152,-24.65075047,-26.61106942,-28.57138837,-30.53170732,-32.49202627,-34.45234522,-36.41266417,-38.37298311,-40.33330206,-42.29362101,-44.25393996,-46.21425891,-48.17457786,-50.13489681,-52.09521576,-54.05553471,-56.01585366,-57.97617261,-59.93649156,-61.89681051,-63.85712946,-65.81744841,-67.77776735,-69.7380863,-71.69840525,-73.6587242,-75.61904315,-77.5793621,-79.53968105,-81.5,-83.46031895,-85.4206379,-87.38095685,-89.3412758,-91.30159475,-93.2619137,-95.22223265,-97.18255159
1920,35.95750469,9.326454034,4.821763602,1.60412758,-0.326454034,-0.969981238,-4.831144465,-7.405253283,-9.979362101,-12.55347092,-15.12757974,-17.70168856,-20.27579737,-22.84990619,-24.82157598,-26.79324578,-28.76491557,-30.73658537,-32.70825516,-34.67992495,-36.65159475,-38.62326454,-40.59493433,-42.56660413,-44.53827392,-46.50994371,-48.48161351,-50.4532833,-52.4249531,-54.39662289,-56.36829268,-58.33996248,-60.31163227,-62.28330206,-64.25497186,-66.22664165,-68.19831144,-70.16998124,-72.14165103,-74.11332083,-76.08499062,-78.05666041,-80.02833021,-82,-83.97166979,-85.94333959,-87.91500938,-89.88667917,-91.85834897,-93.83001876,-95.80168856,-97.77335835
1930,36.14953096,9.354596623,4.823639775,1.587242026,-0.354596623,-1.001876173,-4.885553471,-7.47467167,-10.06378987,-12.65290807,-15.24202627,-17.83114447,-20.42026266,-23.00938086,-24.9924015,-26.97542214,-28.95844278,-30.94146341,-32.92448405,-34.90750469,-36.89052533,-38.87354597,-40.8565666,-42.83958724,-44.82260788,-46.80562852,-48.78864916,-50.77166979,-52.75469043,-54.73771107,-56.72073171,-58.70375235,-60.68677298,-62.66979362,-64.65281426,-66.6358349,-68.61885553,-70.60187617,-72.58489681,-74.56791745,-76.55093809,-78.53395872,-80.51697936,-82.5,-84.48302064,-86.46604128,-88.44906191,-90.43208255,-92.41510319,-94.39812383,-96.38114447,-98.3641651
1940,36.34155722,9.382739212,4.825515947,1.570356473,-0.382739212,-1.033771107,-4.939962477,-7.544090056,-10.14821764,-12.75234522,-15.3564728,-17.96060038,-20.56472795,-23.16885553,-25.16322702,-27.1575985,-29.15196998,-31.14634146,-33.14071295,-35.13508443,-37.12945591,-39.12382739,-41.11819887,-43.11257036,-45.10694184,-47.10131332,-49.0956848,-51.09005629,-53.08442777,-55.07879925,-57.07317073,-59.06754221,-61.0619137,-63.05628518,-65.05065666,-67.04502814,-69.03939962,-71.03377111,-73.02814259,-75.02251407,-77.01688555,-79.01125704,-81.00562852,-83,-84.99437148,-86.98874296,-88.98311445,-90.97748593,-92.97185741,-94.96622889,-96.96060038,-98.95497186
1950,36.53358349,9.410881801,4.82739212,1.553470919,-0.410881801,-1.065666041,-4.994371482,-7.613508443,-10.2326454,-12.85178236,-15.47091932,-18.09005629,-20.70919325,-23.32833021,-25.33405253,-27.33977486,-29.34549719,-31.35121951,-33.35694184,-35.36266417,-37.36838649,-39.37410882,-41.37983114,-43.38555347,-45.3912758,-47.39699812,-49.40272045,-51.40844278,-53.4141651,-55.41988743,-57.42560976,-59.43133208,-61.43705441,-63.44277674,-65.44849906,-67.45422139,-69.45994371,-71.46566604,-73.47138837,-75.47711069,-77.48283302,-79.48855535,-81.49427767,-83.5,-85.50572233,-87.51144465,-89.51716698,-91.52288931,-93.52861163,-95.53433396,-97.54005629,-99.54577861
1960,36.72560976,9.43902439,4.829268293,1.536585366,-0.43902439,-1.097560976,-5.048780488,-7.682926829,-10.31707317,-12.95121951,-15.58536585,-18.2195122,-20.85365854,-23.48780488,-25.50487805,-27.52195122,-29.53902439,-31.55609756,-33.57317073,-35.5902439,-37.60731707,-39.62439024,-41.64146341,-43.65853659,-45.67560976,-47.69268293,-49.7097561,-51.72682927,-53.74390244,-55.76097561,-57.77804878,-59.79512195,-61.81219512,-63.82926829,-65.84634146,-67.86341463,-69.8804878,-71.89756098,-73.91463415,-75.93170732,-77.94878049,-79.96585366,-81.98292683,-84,-86.01707317,-88.03414634,-90.05121951,-92.06829268,-94.08536585,-96.10243902,-98.1195122,-100.1365854
1970,36.91763602,9.467166979,4.831144465,1.519699812,-0.467166979,-1.12945591,-5.103189493,-7.752345216,-10.40150094,-13.05065666,-15.69981238,-18.34896811,-20.99812383,-23.64727955,-25.67570356,-27.70412758,-29.73255159,-31.76097561,-33.78939962,-35.81782364,-37.84624765,-39.87467167,-41.90309568,-43.9315197,-45.95994371,-47.98836773,-50.01679174,-52.04521576,-54.07363977,-56.10206379,-58.1304878,-60.15891182,-62.18733583,-64.21575985,-66.24418386,-68.27260788,-70.30103189,-72.32945591,-74.35787992,-76.38630394,-78.41472795,-80.44315197,-82.47157598,-84.5,-86.52842402,-88.55684803,-90.58527205,-92.61369606,-94.64212008,-96.67054409,-98.69896811,-100.7273921
1980,37.10966229,9.495309568,4.833020638,1.502814259,-0.495309568,-1.161350844,-5.157598499,-7.821763602,-10.48592871,-13.15009381,-15.81425891,-18.47842402,-21.14258912,-23.80675422,-25.84652908,-27.88630394,-29.9260788,-31.96585366,-34.00562852,-36.04540338,-38.08517824,-40.1249531,-42.16472795,-44.20450281,-46.24427767,-48.28405253,-50.32382739,-52.36360225,-54.40337711,-56.44315197,-58.48292683,-60.52270169,-62.56247655,-64.60225141,-66.64202627,-68.68180113,-70.72157598,-72.76135084,-74.8011257,-76.84090056,-78.88067542,-80.92045028,-82.96022514,-85,-87.03977486,-89.07954972,-91.11932458,-93.15909944,-95.1988743,-97.23864916,-99.27842402,-101.3181989
1990,37.30168856,9.523452158,4.834896811,1.485928705,-0.523452158,-1.193245779,-5.212007505,-7.891181989,-10.57035647,-13.24953096,-15.92870544,-18.60787992,-21.28705441,-23.96622889,-26.0173546,-28.0684803,-30.119606,-32.17073171,-34.22185741,-36.27298311,-38.32410882,-40.37523452,-42.42636023,-44.47748593,-46.52861163,-48.57973734,-50.63086304,-52.68198874,-54.73311445,-56.78424015,-58.83536585,-60.88649156,-62.93761726,-64.98874296,-67.03986867,-69.09099437,-71.14212008,-73.19324578,-75.24437148,-77.29549719,-79.34662289,-81.39774859,-83.4488743,-85.5,-87.5511257,-89.60225141,-91.65337711,-93.70450281,-95.75562852,-97.80675422,-99.85787992,-101.9090056
2000,37.49371482,9.551594747,4.836772983,1.469043152,-0.551594747,-1.225140713,-5.26641651,-7.960600375,-10.65478424,-13.34896811,-16.04315197,-18.73733583,-21.4315197,-24.12570356,-26.18818011,-28.25065666,-30.31313321,-32.37560976,-34.4380863,-36.50056285,-38.5630394,-40.62551595,-42.6879925,-44.75046904,-46.81294559,-48.87542214,-50.93789869,-53.00037523,-55.06285178,-57.12532833,-59.18780488,-61.25028143,-63.31275797,-65.37523452,-67.43771107,-69.50018762,-71.56266417,-73.62514071,-75.68761726,-77.75009381,-79.81257036,-81.8750469,-83.93752345,-86,-88.06247655,-90.1249531,-92.18742964,-94.24990619,-96.31238274,-98.37485929,-100.4373358,-102.4998124
2010,37.68574109,9.579737336,4.838649156,1.452157598,-0.579737336,-1.257035647,-5.320825516,-8.030018762,-10.73921201,-13.44840525,-16.1575985,-18.86679174,-21.57598499,-24.28517824,-26.35900563,-28.43283302,-30.50666041,-32.5804878,-34.6543152,-36.72814259,-38.80196998,-40.87579737,-42.94962477,-45.02345216,-47.09727955,-49.17110694,-51.24493433,-53.31876173,-55.39258912,-57.46641651,-59.5402439,-61.61407129,-63.68789869,-65.76172608,-67.83555347,-69.90938086,-71.98320826,-74.05703565,-76.13086304,-78.20469043,-80.27851782,-82.35234522,-84.42617261,-86.5,-88.57382739,-90.64765478,-92.72148218,-94.79530957,-96.86913696,-98.94296435,-101.0167917,-103.0906191
2020,37.87776735,9.607879925,4.840525328,1.435272045,-0.607879925,-1.288930582,-5.375234522,-8.099437148,-10.82363977,-13.5478424,-16.27204503,-18.99624765,-21.72045028,-24.44465291,-26.52983114,-28.61500938,-30.70018762,-32.78536585,-34.87054409,-36.95572233,-39.04090056,-41.1260788,-43.21125704,-45.29643527,-47.38161351,-49.46679174,-51.55196998,-53.63714822,-55.72232645,-57.80750469,-59.89268293,-61.97786116,-64.0630394,-66.14821764,-68.23339587,-70.31857411,-72.40375235,-74.48893058,-76.57410882,-78.65928705,-80.74446529,-82.82964353,-84.91482176,-87,-89.08517824,-91.17035647,-93.25553471,-95.34071295,-97.42589118,-99.51106942,-101.5962477,-103.6814259
2030,38.06979362,9.636022514,4.842401501,1.418386492,-0.636022514,-1.320825516,-5.429643527,-8.168855535,-10.90806754,-13.64727955,-16.38649156,-19.12570356,-21.86491557,-24.60412758,-26.70065666,-28.79718574,-30.89371482,-32.9902439,-35.08677298,-37.18330206,-39.27983114,-41.37636023,-43.47288931,-45.56941839,-47.66594747,-49.76247655,-51.85900563,-53.95553471,-56.05206379,-58.14859287,-60.24512195,-62.34165103,-64.43818011,-66.53470919,-68.63123827,-70.72776735,-72.82429644,-74.92082552,-77.0173546,-79.11388368,-81.21041276,-83.30694184,-85.40347092,-87.5,-89.59652908,-91.69305816,-93.78958724,-95.88611632,-97.9826454,-100.0791745,-102.1757036,-104.2722326
2040,38.26181989,9.664165103,4.844277674,1.401500938,-0.664165103,-1.35272045,-5.484052533,-8.238273921,-10.99249531,-13.7467167,-16.50093809,-19.25515947,-22.00938086,-24.76360225,-26.87148218,-28.9793621,-31.08724203,-33.19512195,-35.30300188,-37.4108818,-39.51876173,-41.62664165,-43.73452158,-45.8424015,-47.95028143,-50.05816135,-52.16604128,-54.2739212,-56.38180113,-58.48968105,-60.59756098,-62.7054409,-64.81332083,-66.92120075,-69.02908068,-71.1369606,-73.24484053,-75.35272045,-77.46060038,-79.5684803,-81.67636023,-83.78424015,-85.89212008,-88,-90.10787992,-92.21575985,-94.32363977,-96.4315197,-98.53939962,-100.6472795,-102.7551595,-104.8630394
2050,38.45384615,9.692307692,4.846153846,1.384615385,-0.692307692,-1.384615385,-5.538461538,-8.307692308,-11.07692308,-13.84615385,-16.61538462,-19.38461538,-22.15384615,-24.92307692,-27.04230769,-29.16153846,-31.28076923,-33.4,-35.51923077,-37.63846154,-39.75769231,-41.87692308,-43.99615385,-46.11538462,-48.23461538,-50.35384615,-52.47307692,-54.59230769,-56.71153846,-58.83076923,-60.95,-63.06923077,-65.18846154,-67.30769231,-69.42692308,-71.54615385,-73.66538462,-75.78461538,-77.90384615,-80.02307692,-82.14230769,-84.26153846,-86.38076923,-88.5,-90.61923077,-92.73846154,-94.85769231,-96.97692308,-99.09615385,-101.2153846,-103.3346154,-105.4538462
2060,38.64587242,9.720450281,4.848030019,1.367729831,-0.720450281,-1.416510319,-5.592870544,-8.377110694,-11.16135084,-13.94559099,-16.72983114,-19.51407129,-22.29831144,-25.08255159,-27.21313321,-29.34371482,-31.47429644,-33.60487805,-35.73545966,-37.86604128,-39.99662289,-42.1272045,-44.25778612,-46.38836773,-48.51894934,-50.64953096,-52.78011257,-54.91069418,-57.0412758,-59.17185741,-61.30243902,-63.43302064,-65.56360225,-67.69418386,-69.82476548,-71.95534709,-74.08592871,-76.21651032,-78.34709193,-80.47767355,-82.60825516,-84.73883677,-86.86941839,-89,-91.13058161,-93.26116323,-95.39174484,-97.52232645,-99.65290807,-101.7834897,-103.9140713,-106.0446529
2070,38.83789869,9.748592871,4.849906191,1.350844278,-0.748592871,-1.448405253,-5.64727955,-8.446529081,-11.24577861,-14.04502814,-16.84427767,-19.6435272,-22.44277674,-25.24202627,-27.38395872,-29.52589118,-31.66782364,-33.8097561,-35.95168856,-38.09362101,-40.23555347,-42.37748593,-44.51941839,-46.66135084,-48.8032833,-50.94521576,-53.08714822,-55.22908068,-57.37101313,-59.51294559,-61.65487805,-63.79681051,-65.93874296,-68.08067542,-70.22260788,-72.36454034,-74.5064728,-76.64840525,-78.79033771,-80.93227017,-83.07420263,-85.21613508,-87.35806754,-89.5,-91.64193246,-93.78386492,-95.92579737,-98.06772983,-100.2096623,-102.3515947,-104.4935272,-106.6354597
2080,39.02992495,9.77673546,4.851782364,1.333958724,-0.77673546,-1.480300188,-5.701688555,-8.515947467,-11.33020638,-14.14446529,-16.9587242,-19.77298311,-22.58724203,-25.40150094,-27.55478424,-29.70806754,-31.86135084,-34.01463415,-36.16791745,-38.32120075,-40.47448405,-42.62776735,-44.78105066,-46.93433396,-49.08761726,-51.24090056,-53.39418386,-55.54746717,-57.70075047,-59.85403377,-62.00731707,-64.16060038,-66.31388368,-68.46716698,-70.62045028,-72.77373358,-74.92701689,-77.08030019,-79.23358349,-81.38686679,-83.54015009,-85.6934334,-87.8467167,-90,-92.1532833,-94.3065666,-96.45984991,-98.61313321,-100.7664165,-102.9196998,-105.0729831,-107.2262664
2090,39.22195122,9.804878049,4.853658537,1.317073171,-0.804878049,-1.512195122,-5.756097561,-8.585365854,-11.41463415,-14.24390244,-17.07317073,-19.90243902,-22.73170732,-25.56097561,-27.72560976,-29.8902439,-32.05487805,-34.2195122,-36.38414634,-38.54878049,-40.71341463,-42.87804878,-45.04268293,-47.20731707,-49.37195122,-51.53658537,-53.70121951,-55.86585366,-58.0304878,-60.19512195,-62.3597561,-64.52439024,-66.68902439,-68.85365854,-71.01829268,-73.18292683,-75.34756098,-77.51219512,-79.67682927,-81.84146341,-84.00609756,-86.17073171,-88.33536585,-90.5,-92.66463415,-94.82926829,-96.99390244,-99.15853659,-101.3231707,-103.4878049,-105.652439,-107.8170732
2100,39.41397749,9.833020638,4.855534709,1.300187617,-0.833020638,-1.544090056,-5.810506567,-8.65478424,-11.49906191,-14.34333959,-17.18761726,-20.03189493,-22.87617261,-25.72045028,-27.89643527,-30.07242026,-32.24840525,-34.42439024,-36.60037523,-38.77636023,-40.95234522,-43.12833021,-45.3043152,-47.48030019,-49.65628518,-51.83227017,-54.00825516,-56.18424015,-58.36022514,-60.53621013,-62.71219512,-64.88818011,-67.0641651,-69.24015009,-71.41613508,-73.59212008,-75.76810507,-77.94409006,-80.12007505,-82.29606004,-84.47204503,-86.64803002,-88.82401501,-91,-93.17598499,-95.35196998,-97.52795497,-99.70393996,-101.879925,-104.0559099,-106.2318949,-108.4078799
2110,39.60600375,9.861163227,4.857410882,1.283302064,-0.861163227,-1.575984991,-5.864915572,-8.724202627,-11.58348968,-14.44277674,-17.30206379,-20.16135084,-23.0206379,-25.87992495,-28.06726079,-30.25459662,-32.44193246,-34.62926829,-36.81660413,-39.00393996,-41.1912758,-43.37861163,-45.56594747,-47.7532833,-49.94061914,-52.12795497,-54.31529081,-56.50262664,-58.68996248,-60.87729831,-63.06463415,-65.25196998,-67.43930582,-69.62664165,-71.81397749,-74.00131332,-76.18864916,-78.37598499,-80.56332083,-82.75065666,-84.9379925,-87.12532833,-89.31266417,-91.5,-93.68733583,-95.87467167,-98.0620075,-100.2493433,-102.4366792,-104.624015,-106.8113508,-108.9986867
2120,39.79803002,9.889305816,4.859287054,1.26641651,-0.889305816,-1.607879925,-5.919324578,-8.793621013,-11.66791745,-14.54221388,-17.41651032,-20.29080675,-23.16510319,-26.03939962,-28.2380863,-30.43677298,-32.63545966,-34.83414634,-37.03283302,-39.2315197,-41.43020638,-43.62889306,-45.82757974,-48.02626642,-50.2249531,-52.42363977,-54.62232645,-56.82101313,-59.01969981,-61.21838649,-63.41707317,-65.61575985,-67.81444653,-70.01313321,-72.21181989,-74.41050657,-76.60919325,-78.80787992,-81.0065666,-83.20525328,-85.40393996,-87.60262664,-89.80131332,-92,-94.19868668,-96.39737336,-98.59606004,-100.7947467,-102.9934334,-105.1921201,-107.3908068,-109.5894934
2130,39.99005629,9.917448405,4.861163227,1.249530957,-0.917448405,-1.639774859,-5.973733583,-8.8630394,-11.75234522,-14.64165103,-17.53095685,-20.42026266,-23.30956848,-26.1988743,-28.40891182,-30.61894934,-32.82898687,-35.03902439,-37.24906191,-39.45909944,-41.66913696,-43.87917448,-46.08921201,-48.29924953,-50.50928705,-52.71932458,-54.9293621,-57.13939962,-59.34943715,-61.55947467,-63.7695122,-65.97954972,-68.18958724,-70.39962477,-72.60966229,-74.81969981,-77.02973734,-79.23977486,-81.44981238,-83.65984991,-85.86988743,-88.07992495,-90.28996248,-92.5,-94.71003752,-96.92007505,-99.13011257,-101.3401501,-103.5501876,-105.7602251,-107.9702627,-110.1803002
2140,40.18208255,9.945590994,4.8630394,1.232645403,-0.945590994,-1.671669794,-6.028142589,-8.932457786,-11.83677298,-14.74108818,-17.64540338,-20.54971857,-23.45403377,-26.35834897,-28.57973734,-30.8011257,-33.02251407,-35.24390244,-37.46529081,-39.68667917,-41.90806754,-44.12945591,-46.35084428,-48.57223265,-50.79362101,-53.01500938,-55.23639775,-57.45778612,-59.67917448,-61.90056285,-64.12195122,-66.34333959,-68.56472795,-70.78611632,-73.00750469,-75.22889306,-77.45028143,-79.67166979,-81.89305816,-84.11444653,-86.3358349,-88.55722326,-90.77861163,-93,-95.22138837,-97.44277674,-99.6641651,-101.8855535,-104.1069418,-106.3283302,-108.5497186,-110.7711069
2150,40.37410882,9.973733583,4.864915572,1.21575985,-0.973733583,-1.703564728,-6.082551595,-9.001876173,-11.92120075,-14.84052533,-17.75984991,-20.67917448,-23.59849906,-26.51782364,-28.75056285,-30.98330206,-33.21604128,-35.44878049,-37.6815197,-39.91425891,-42.14699812,-44.37973734,-46.61247655,-48.84521576,-51.07795497,-53.31069418,-55.5434334,-57.77617261,-60.00891182,-62.24165103,-64.47439024,-66.70712946,-68.93986867,-71.17260788,-73.40534709,-75.6380863,-77.87082552,-80.10356473,-82.33630394,-84.56904315,-86.80178236,-89.03452158,-91.26726079,-93.5,-95.73273921,-97.96547842,-100.1982176,-102.4309568,-104.6636961,-106.8964353,-109.1291745,-111.3619137
2160,40.56613508,10.00187617,4.866791745,1.198874296,-1.001876173,-1.735459662,-6.1369606,-9.071294559,-12.00562852,-14.93996248,-17.87429644,-20.80863039,-23.74296435,-26.67729831,-28.92138837,-31.16547842,-33.40956848,-35.65365854,-37.89774859,-40.14183865,-42.38592871,-44.63001876,-46.87410882,-49.11819887,-51.36228893,-53.60637899,-55.85046904,-58.0945591,-60.33864916,-62.58273921,-64.82682927,-67.07091932,-69.31500938,-71.55909944,-73.80318949,-76.04727955,-78.29136961,-80.53545966,-82.77954972,-85.02363977,-87.26772983,-89.51181989,-91.75590994,-94,-96.24409006,-98.48818011,-100.7322702,-102.9763602,-105.2204503,-107.4645403,-109.7086304,-111.9527205
2170,40.75816135,10.03001876,4.868667917,1.181988743,-1.030018762,-1.767354597,-6.191369606,-9.140712946,-12.09005629,-15.03939962,-17.98874296,-20.9380863,-23.88742964,-26.83677298,-29.09221388,-31.34765478,-33.60309568,-35.85853659,-38.11397749,-40.36941839,-42.62485929,-44.88030019,-47.13574109,-49.39118199,-51.64662289,-53.90206379,-56.15750469,-58.41294559,-60.66838649,-62.92382739,-65.17926829,-67.43470919,-69.69015009,-71.94559099,-74.20103189,-76.4564728,-78.7119137,-80.9673546,-83.2227955,-85.4782364,-87.7336773,-89.9891182,-92.2445591,-94.5,-96.7554409,-99.0108818,-101.2663227,-103.5217636,-105.7772045,-108.0326454,-110.2880863,-112.5435272
2180,40.95018762,10.05816135,4.87054409,1.165103189,-1.058161351,-1.799249531,-6.245778612,-9.210131332,-12.17448405,-15.13883677,-18.10318949,-21.06754221,-24.03189493,-26.99624765,-29.2630394,-31.52983114,-33.79662289,-36.06341463,-38.33020638,-40.59699812,-42.86378987,-45.13058161,-47.39737336,-49.6641651,-51.93095685,-54.19774859,-56.46454034,-58.73133208,-60.99812383,-63.26491557,-65.53170732,-67.79849906,-70.06529081,-72.33208255,-74.5988743,-76.86566604,-79.13245779,-81.39924953,-83.66604128,-85.93283302,-88.19962477,-90.46641651,-92.73320826,-95,-97.26679174,-99.53358349,-101.8003752,-104.067167,-106.3339587,-108.6007505,-110.8675422,-113.134334
2190,41.14221388,10.08630394,4.872420263,1.148217636,-1.08630394,-1.831144465,-6.300187617,-9.279549719,-12.25891182,-15.23827392,-18.21763602,-21.19699812,-24.17636023,-27.15572233,-29.43386492,-31.7120075,-33.99015009,-36.26829268,-38.54643527,-40.82457786,-43.10272045,-45.38086304,-47.65900563,-49.93714822,-52.21529081,-54.4934334,-56.77157598,-59.04971857,-61.32786116,-63.60600375,-65.88414634,-68.16228893,-70.44043152,-72.71857411,-74.9967167,-77.27485929,-79.55300188,-81.83114447,-84.10928705,-86.38742964,-88.66557223,-90.94371482,-93.22185741,-95.5,-97.77814259,-100.0562852,-102.3344278,-104.6125704,-106.8907129,-109.1688555,-111.4469981,-113.7251407
2200,41.33424015,10.11444653,4.874296435,1.131332083,-1.114446529,-1.8630394,-6.354596623,-9.348968105,-12.34333959,-15.33771107,-18.33208255,-21.32645403,-24.32082552,-27.315197,-29.60469043,-31.89418386,-34.1836773,-36.47317073,-38.76266417,-41.0521576,-43.34165103,-45.63114447,-47.9206379,-50.21013133,-52.49962477,-54.7891182,-57.07861163,-59.36810507,-61.6575985,-63.94709193,-66.23658537,-68.5260788,-70.81557223,-73.10506567,-75.3945591,-77.68405253,-79.97354597,-82.2630394,-84.55253283,-86.84202627,-89.1315197,-91.42101313,-93.71050657,-96,-98.28949343,-100.5789869,-102.8684803,-105.1579737,-107.4474672,-109.7369606,-112.026454,-114.3159475
2210,41.52626642,10.14258912,4.876172608,1.114446529,-1.142589118,-1.894934334,-6.409005629,-9.418386492,-12.42776735,-15.43714822,-18.44652908,-21.45590994,-24.46529081,-27.47467167,-29.77551595,-32.07636023,-34.3772045,-36.67804878,-38.97889306,-41.27973734,-43.58058161,-45.88142589,-48.18227017,-50.48311445,-52.78395872,-55.084803,-57.38564728,-59.68649156,-61.98733583,-64.28818011,-66.58902439,-68.88986867,-71.19071295,-73.49155722,-75.7924015,-78.09324578,-80.39409006,-82.69493433,-84.99577861,-87.29662289,-89.59746717,-91.89831144,-94.19915572,-96.5,-98.80084428,-101.1016886,-103.4025328,-105.7033771,-108.0042214,-110.3050657,-112.6059099,-114.9067542
2220,41.71829268,10.17073171,4.87804878,1.097560976,-1.170731707,-1.926829268,-6.463414634,-9.487804878,-12.51219512,-15.53658537,-18.56097561,-21.58536585,-24.6097561,-27.63414634,-29.94634146,-32.25853659,-34.57073171,-36.88292683,-39.19512195,-41.50731707,-43.8195122,-46.13170732,-48.44390244,-50.75609756,-53.06829268,-55.3804878,-57.69268293,-60.00487805,-62.31707317,-64.62926829,-66.94146341,-69.25365854,-71.56585366,-73.87804878,-76.1902439,-78.50243902,-80.81463415,-83.12682927,-85.43902439,-87.75121951,-90.06341463,-92.37560976,-94.68780488,-97,-99.31219512,-101.6243902,-103.9365854,-106.2487805,-108.5609756,-110.8731707,-113.1853659,-115.497561
2230,41.91031895,10.1988743,4.879924953,1.080675422,-1.198874296,-1.958724203,-6.51782364,-9.557223265,-12.59662289,-15.63602251,-18.67542214,-21.71482176,-24.75422139,-27.79362101,-30.11716698,-32.44071295,-34.76425891,-37.08780488,-39.41135084,-41.73489681,-44.05844278,-46.38198874,-48.70553471,-51.02908068,-53.35262664,-55.67617261,-57.99971857,-60.32326454,-62.64681051,-64.97035647,-67.29390244,-69.61744841,-71.94099437,-74.26454034,-76.5880863,-78.91163227,-81.23517824,-83.5587242,-85.88227017,-88.20581614,-90.5293621,-92.85290807,-95.17645403,-97.5,-99.82354597,-102.1470919,-104.4706379,-106.7941839,-109.1177298,-111.4412758,-113.7648218,-116.0883677
2240,42.10234522,10.22701689,4.881801126,1.063789869,-1.227016886,-1.990619137,-6.572232645,-9.626641651,-12.68105066,-15.73545966,-18.78986867,-21.84427767,-24.89868668,-27.95309568,-30.2879925,-32.62288931,-34.95778612,-37.29268293,-39.62757974,-41.96247655,-44.29737336,-46.63227017,-48.96716698,-51.30206379,-53.6369606,-55.97185741,-58.30675422,-60.64165103,-62.97654784,-65.31144465,-67.64634146,-69.98123827,-72.31613508,-74.65103189,-76.98592871,-79.32082552,-81.65572233,-83.99061914,-86.32551595,-88.66041276,-90.99530957,-93.33020638,-95.66510319,-98,-100.3348968,-102.6697936,-105.0046904,-107.3395872,-109.6744841,-112.0093809,-114.3442777,-116.6791745
2250,42.29437148,10.25515947,4.883677298,1.046904315,-1.255159475,-2.022514071,-6.626641651,-9.696060038,-12.76547842,-15.83489681,-18.9043152,-21.97373358,-25.04315197,-28.11257036,-30.45881801,-32.80506567,-35.15131332,-37.49756098,-39.84380863,-42.19005629,-44.53630394,-46.88255159,-49.22879925,-51.5750469,-53.92129456,-56.26754221,-58.61378987,-60.96003752,-63.30628518,-65.65253283,-67.99878049,-70.34502814,-72.6912758,-75.03752345,-77.38377111,-79.73001876,-82.07626642,-84.42251407,-86.76876173,-89.11500938,-91.46125704,-93.80750469,-96.15375235,-98.5,-100.8462477,-103.1924953,-105.538743,-107.8849906,-110.2312383,-112.5774859,-114.9237336,-117.2699812
2260,42.48639775,10.28330206,4.885553471,1.030018762,-1.283302064,-2.054409006,-6.681050657,-9.765478424,-12.84990619,-15.93433396,-19.01876173,-22.10318949,-25.18761726,-28.27204503,-30.62964353,-32.98724203,-35.34484053,-37.70243902,-40.06003752,-42.41763602,-44.77523452,-47.13283302,-49.49043152,-51.84803002,-54.20562852,-56.56322702,-58.92082552,-61.27842402,-63.63602251,-65.99362101,-68.35121951,-70.70881801,-73.06641651,-75.42401501,-77.78161351,-80.13921201,-82.49681051,-84.85440901,-87.2120075,-89.569606,-91.9272045,-94.284803,-96.6424015,-99,-101.3575985,-103.715197,-106.0727955,-108.430394,-110.7879925,-113.145591,-115.5031895,-117.860788
2270,42.67842402,10.31144465,4.887429644,1.013133208,-1.311444653,-2.08630394,-6.735459662,-9.834896811,-12.93433396,-16.03377111,-19.13320826,-22.2326454,-25.33208255,-28.4315197,-30.80046904,-33.16941839,-35.53836773,-37.90731707,-40.27626642,-42.64521576,-45.0141651,-47.38311445,-49.75206379,-52.12101313,-54.48996248,-56.85891182,-59.22786116,-61.59681051,-63.96575985,-66.33470919,-68.70365854,-71.07260788,-73.44155722,-75.81050657,-78.17945591,-80.54840525,-82.9173546,-85.28630394,-87.65525328,-90.02420263,-92.39315197,-94.76210131,-97.13105066,-99.5,-101.8689493,-104.2378987,-106.606848,-108.9757974,-111.3447467,-113.7136961,-116.0826454,-118.4515947
2280,42.87045028,10.33958724,4.889305816,0.996247655,-1.339587242,-2.118198874,-6.789868668,-9.904315197,-13.01876173,-16.13320826,-19.24765478,-22.36210131,-25.47654784,-28.59099437,-30.97129456,-33.35159475,-35.73189493,-38.11219512,-40.49249531,-42.8727955,-45.25309568,-47.63339587,-50.01369606,-52.39399625,-54.77429644,-57.15459662,-59.53489681,-61.915197,-64.29549719,-66.67579737,-69.05609756,-71.43639775,-73.81669794,-76.19699812,-78.57729831,-80.9575985,-83.33789869,-85.71819887,-88.09849906,-90.47879925,-92.85909944,-95.23939962,-97.61969981,-100,-102.3803002,-104.7606004,-107.1409006,-109.5212008,-111.9015009,-114.2818011,-116.6621013,-119.0424015
2290,43.06247655,10.36772983,4.891181989,0.979362101,-1.367729831,-2.150093809,-6.844277674,-9.973733583,-13.10318949,-16.2326454,-19.36210131,-22.49155722,-25.62101313,-28.75046904,-31.14212008,-33.53377111,-35.92542214,-38.31707317,-40.7087242,-43.10037523,-45.49202627,-47.8836773,-50.27532833,-52.66697936,-55.05863039,-57.45028143,-59.84193246,-62.23358349,-64.62523452,-67.01688555,-69.40853659,-71.80018762,-74.19183865,-76.58348968,-78.97514071,-81.36679174,-83.75844278,-86.15009381,-88.54174484,-90.93339587,-93.3250469,-95.71669794,-98.10834897,-100.5,-102.891651,-105.2833021,-107.6749531,-110.0666041,-112.4582552,-114.8499062,-117.2415572,-119.6332083
2300,43.25450281,10.39587242,4.893058161,0.962476548,-1.39587242,-2.181988743,-6.898686679,-10.04315197,-13.18761726,-16.33208255,-19.47654784,-22.62101313,-25.76547842,-28.90994371,-31.31294559,-33.71594747,-36.11894934,-38.52195122,-40.9249531,-43.32795497,-45.73095685,-48.13395872,-50.5369606,-52.93996248,-55.34296435,-57.74596623,-60.14896811,-62.55196998,-64.95497186,-67.35797373,-69.76097561,-72.16397749,-74.56697936,-76.96998124,-79.37298311,-81.77598499,-84.17898687,-86.58198874,-88.98499062,-91.3879925,-93.79099437,-96.19399625,-98.59699812,-101,-103.4030019,-105.8060038,-108.2090056,-110.6120075,-113.0150094,-115.4180113,-117.8210131,-120.224015
2310,43.44652908,10.42401501,4.894934334,0.945590994,-1.424015009,-2.213883677,-6.953095685,-10.11257036,-13.27204503,-16.4315197,-19.59099437,-22.75046904,-25.90994371,-29.06941839,-31.48377111,-33.89812383,-36.31247655,-38.72682927,-41.14118199,-43.55553471,-45.96988743,-48.38424015,-50.79859287,-53.21294559,-55.62729831,-58.04165103,-60.45600375,-62.87035647,-65.28470919,-67.69906191,-70.11341463,-72.52776735,-74.94212008,-77.3564728,-79.77082552,-82.18517824,-84.59953096,-87.01388368,-89.4282364,-91.84258912,-94.25694184,-96.67129456,-99.08564728,-101.5,-103.9143527,-106.3287054,-108.7430582,-111.1574109,-113.5717636,-115.9861163,-118.400469,-120.8148218
2320,43.63855535,10.4521576,4.896810507,0.928705441,-1.452157598,-2.245778612,-7.00750469,-10.18198874,-13.3564728,-16.53095685,-19.7054409,-22.87992495,-26.05440901,-29.22889306,-31.65459662,-34.08030019,-36.50600375,-38.93170732,-41.35741088,-43.78311445,-46.20881801,-48.63452158,-51.06022514,-53.48592871,-55.91163227,-58.33733583,-60.7630394,-63.18874296,-65.61444653,-68.04015009,-70.46585366,-72.89155722,-75.31726079,-77.74296435,-80.16866792,-82.59437148,-85.02007505,-87.44577861,-89.87148218,-92.29718574,-94.72288931,-97.14859287,-99.57429644,-102,-104.4257036,-106.8514071,-109.2771107,-111.7028143,-114.1285178,-116.5542214,-118.979925,-121.4056285
2330,43.83058161,10.48030019,4.898686679,0.911819887,-1.480300188,-2.277673546,-7.061913696,-10.25140713,-13.44090056,-16.630394,-19.81988743,-23.00938086,-26.1988743,-29.38836773,-31.82542214,-34.26247655,-36.69953096,-39.13658537,-41.57363977,-44.01069418,-46.44774859,-48.884803,-51.32185741,-53.75891182,-56.19596623,-58.63302064,-61.07007505,-63.50712946,-65.94418386,-68.38123827,-70.81829268,-73.25534709,-75.6924015,-78.12945591,-80.56651032,-83.00356473,-85.44061914,-87.87767355,-90.31472795,-92.75178236,-95.18883677,-97.62589118,-100.0629456,-102.5,-104.9370544,-107.3741088,-109.8111632,-112.2482176,-114.685272,-117.1223265,-119.5593809,-121.9964353
2340,44.02260788,10.50844278,4.900562852,0.894934334,-1.508442777,-2.30956848,-7.116322702,-10.32082552,-13.52532833,-16.72983114,-19.93433396,-23.13883677,-26.34333959,-29.5478424,-31.99624765,-34.44465291,-36.89305816,-39.34146341,-41.78986867,-44.23827392,-46.68667917,-49.13508443,-51.58348968,-54.03189493,-56.48030019,-58.92870544,-61.37711069,-63.82551595,-66.2739212,-68.72232645,-71.17073171,-73.61913696,-76.06754221,-78.51594747,-80.96435272,-83.41275797,-85.86116323,-88.30956848,-90.75797373,-93.20637899,-95.65478424,-98.10318949,-100.5515947,-103,-105.4484053,-107.8968105,-110.3452158,-112.793621,-115.2420263,-117.6904315,-120.1388368,-122.587242
2350,44.21463415,10.53658537,4.902439024,0.87804878,-1.536585366,-2.341463415,-7.170731707,-10.3902439,-13.6097561,-16.82926829,-20.04878049,-23.26829268,-26.48780488,-29.70731707,-32.16707317,-34.62682927,-37.08658537,-39.54634146,-42.00609756,-44.46585366,-46.92560976,-49.38536585,-51.84512195,-54.30487805,-56.76463415,-59.22439024,-61.68414634,-64.14390244,-66.60365854,-69.06341463,-71.52317073,-73.98292683,-76.44268293,-78.90243902,-81.36219512,-83.82195122,-86.28170732,-88.74146341,-91.20121951,-93.66097561,-96.12073171,-98.5804878,-101.0402439,-103.5,-105.9597561,-108.4195122,-110.8792683,-113.3390244,-115.7987805,-118.2585366,-120.7182927,-123.1780488
2360,44.40666041,10.56472795,4.904315197,0.861163227,-1.564727955,-2.373358349,-7.225140713,-10.45966229,-13.69418386,-16.92870544,-20.16322702,-23.39774859,-26.63227017,-29.86679174,-32.33789869,-34.80900563,-37.28011257,-39.75121951,-42.22232645,-44.6934334,-47.16454034,-49.63564728,-52.10675422,-54.57786116,-57.04896811,-59.52007505,-61.99118199,-64.46228893,-66.93339587,-69.40450281,-71.87560976,-74.3467167,-76.81782364,-79.28893058,-81.76003752,-84.23114447,-86.70225141,-89.17335835,-91.64446529,-94.11557223,-96.58667917,-99.05778612,-101.5288931,-104,-106.4711069,-108.9422139,-111.4133208,-113.8844278,-116.3555347,-118.8266417,-121.2977486,-123.7688555
2370,44.59868668,10.59287054,4.90619137,0.844277674,-1.592870544,-2.405253283,-7.279549719,-10.52908068,-13.77861163,-17.02814259,-20.27767355,-23.5272045,-26.77673546,-30.02626642,-32.5087242,-34.99118199,-37.47363977,-39.95609756,-42.43855535,-44.92101313,-47.40347092,-49.88592871,-52.36838649,-54.85084428,-57.33330206,-59.81575985,-62.29821764,-64.78067542,-67.26313321,-69.74559099,-72.22804878,-74.71050657,-77.19296435,-79.67542214,-82.15787992,-84.64033771,-87.1227955,-89.60525328,-92.08771107,-94.57016886,-97.05262664,-99.53508443,-102.0175422,-104.5,-106.9824578,-109.4649156,-111.9473734,-114.4298311,-116.9122889,-119.3947467,-121.8772045,-124.3596623
2380,44.79071295,10.62101313,4.908067542,0.82739212,-1.621013133,-2.437148218,-7.333958724,-10.59849906,-13.8630394,-17.12757974,-20.39212008,-23.65666041,-26.92120075,-30.18574109,-32.67954972,-35.17335835,-37.66716698,-40.16097561,-42.65478424,-45.14859287,-47.6424015,-50.13621013,-52.63001876,-55.12382739,-57.61763602,-60.11144465,-62.60525328,-65.09906191,-67.59287054,-70.08667917,-72.5804878,-75.07429644,-77.56810507,-80.0619137,-82.55572233,-85.04953096,-87.54333959,-90.03714822,-92.53095685,-95.02476548,-97.51857411,-100.0123827,-102.5061914,-105,-107.4938086,-109.9876173,-112.4814259,-114.9752345,-117.4690432,-119.9628518,-122.4566604,-124.950469
2390,44.98273921,10.64915572,4.909943715,0.810506567,-1.649155722,-2.469043152,-7.38836773,-10.66791745,-13.94746717,-17.22701689,-20.5065666,-23.78611632,-27.06566604,-30.34521576,-32.85037523,-35.35553471,-37.86069418,-40.36585366,-42.87101313,-45.37617261,-47.88133208,-50.38649156,-52.89165103,-55.39681051,-57.90196998,-60.40712946,-62.91228893,-65.41744841,-67.92260788,-70.42776735,-72.93292683,-75.4380863,-77.94324578,-80.44840525,-82.95356473,-85.4587242,-87.96388368,-90.46904315,-92.97420263,-95.4793621,-97.98452158,-100.4896811,-102.9948405,-105.5,-108.0051595,-110.5103189,-113.0154784,-115.5206379,-118.0257974,-120.5309568,-123.0361163,-125.5412758
2400,45.17476548,10.67729831,4.911819887,0.793621013,-1.677298311,-2.500938086,-7.442776735,-10.73733583,-14.03189493,-17.32645403,-20.62101313,-23.91557223,-27.21013133,-30.50469043,-33.02120075,-35.53771107,-38.05422139,-40.57073171,-43.08724203,-45.60375235,-48.12026266,-50.63677298,-53.1532833,-55.66979362,-58.18630394,-60.70281426,-63.21932458,-65.7358349,-68.25234522,-70.76885553,-73.28536585,-75.80187617,-78.31838649,-80.83489681,-83.35140713,-85.86791745,-88.38442777,-90.90093809,-93.41744841,-95.93395872,-98.45046904,-100.9669794,-103.4834897,-106,-108.5165103,-111.0330206,-113.549531,-116.0660413,-118.5825516,-121.0990619,-123.6155722,-126.1320826
2410,45.36679174,10.7054409,4.91369606,0.77673546,-1.705440901,-2.532833021,-7.497185741,-10.80675422,-14.1163227,-17.42589118,-20.73545966,-24.04502814,-27.35459662,-30.6641651,-33.19202627,-35.71988743,-38.24774859,-40.77560976,-43.30347092,-45.83133208,-48.35919325,-50.88705441,-53.41491557,-55.94277674,-58.4706379,-60.99849906,-63.52636023,-66.05422139,-68.58208255,-71.10994371,-73.63780488,-76.16566604,-78.6935272,-81.22138837,-83.74924953,-86.27711069,-88.80497186,-91.33283302,-93.86069418,-96.38855535,-98.91641651,-101.4442777,-103.9721388,-106.5,-109.0278612,-111.5557223,-114.0835835,-116.6114447,-119.1393058,-121.667167,-124.1950281,-126.7228893
2420,45.55881801,10.73358349,4.915572233,0.759849906,-1.73358349,-2.564727955,-7.551594747,-10.87617261,-14.20075047,-17.52532833,-20.84990619,-24.17448405,-27.49906191,-30.82363977,-33.36285178,-35.90206379,-38.4412758,-40.9804878,-43.51969981,-46.05891182,-48.59812383,-51.13733583,-53.67654784,-56.21575985,-58.75497186,-61.29418386,-63.83339587,-66.37260788,-68.91181989,-71.45103189,-73.9902439,-76.52945591,-79.06866792,-81.60787992,-84.14709193,-86.68630394,-89.22551595,-91.76472795,-94.30393996,-96.84315197,-99.38236398,-101.921576,-104.460788,-107,-109.539212,-112.078424,-114.617636,-117.156848,-119.69606,-122.235272,-124.7744841,-127.3136961
2430,45.75084428,10.76172608,4.917448405,0.742964353,-1.761726079,-2.596622889,-7.606003752,-10.94559099,-14.28517824,-17.62476548,-20.96435272,-24.30393996,-27.6435272,-30.98311445,-33.5336773,-36.08424015,-38.634803,-41.18536585,-43.73592871,-46.28649156,-48.83705441,-51.38761726,-53.93818011,-56.48874296,-59.03930582,-61.58986867,-64.14043152,-66.69099437,-69.24155722,-71.79212008,-74.34268293,-76.89324578,-79.44380863,-81.99437148,-84.54493433,-87.09549719,-89.64606004,-92.19662289,-94.74718574,-97.29774859,-99.84831144,-102.3988743,-104.9494371,-107.5,-110.0505629,-112.6011257,-115.1516886,-117.7022514,-120.2528143,-122.8033771,-125.35394,-127.9045028
2440,45.94287054,10.78986867,4.919324578,0.726078799,-1.789868668,-2.628517824,-7.660412758,-11.01500938,-14.369606,-17.72420263,-21.07879925,-24.43339587,-27.7879925,-31.14258912,-33.70450281,-36.26641651,-38.82833021,-41.3902439,-43.9521576,-46.51407129,-49.07598499,-51.63789869,-54.19981238,-56.76172608,-59.32363977,-61.88555347,-64.44746717,-67.00938086,-69.57129456,-72.13320826,-74.69512195,-77.25703565,-79.81894934,-82.38086304,-84.94277674,-87.50469043,-90.06660413,-92.62851782,-95.19043152,-97.75234522,-100.3142589,-102.8761726,-105.4380863,-108,-110.5619137,-113.1238274,-115.6857411,-118.2476548,-120.8095685,-123.3714822,-125.9333959,-128.4953096
2450,46.13489681,10.81801126,4.92120075,0.709193246,-1.818011257,-2.660412758,-7.714821764,-11.08442777,-14.45403377,-17.82363977,-21.19324578,-24.56285178,-27.93245779,-31.30206379,-33.87532833,-36.44859287,-39.02185741,-41.59512195,-44.16838649,-46.74165103,-49.31491557,-51.88818011,-54.46144465,-57.03470919,-59.60797373,-62.18123827,-64.75450281,-67.32776735,-69.90103189,-72.47429644,-75.04756098,-77.62082552,-80.19409006,-82.7673546,-85.34061914,-87.91388368,-90.48714822,-93.06041276,-95.6336773,-98.20694184,-100.7802064,-103.3534709,-105.9267355,-108.5,-111.0732645,-113.6465291,-116.2197936,-118.7930582,-121.3663227,-123.9395872,-126.5128518,-129.0861163
2460,46.32692308,10.84615385,4.923076923,0.692307692,-1.846153846,-2.692307692,-7.769230769,-11.15384615,-14.53846154,-17.92307692,-21.30769231,-24.69230769,-28.07692308,-31.46153846,-34.04615385,-36.63076923,-39.21538462,-41.8,-44.38461538,-46.96923077,-49.55384615,-52.13846154,-54.72307692,-57.30769231,-59.89230769,-62.47692308,-65.06153846,-67.64615385,-70.23076923,-72.81538462,-75.4,-77.98461538,-80.56923077,-83.15384615,-85.73846154,-88.32307692,-90.90769231,-93.49230769,-96.07692308,-98.66153846,-101.2461538,-103.8307692,-106.4153846,-109,-111.5846154,-114.1692308,-116.7538462,-119.3384615,-121.9230769,-124.5076923,-127.0923077,-129.6769231
2470,46.51894934,10.87429644,4.924953096,0.675422139,-1.874296435,-2.724202627,-7.823639775,-11.22326454,-14.62288931,-18.02251407,-21.42213884,-24.8217636,-28.22138837,-31.62101313,-34.21697936,-36.81294559,-39.40891182,-42.00487805,-44.60084428,-47.19681051,-49.79277674,-52.38874296,-54.98470919,-57.58067542,-60.17664165,-62.77260788,-65.36857411,-67.96454034,-70.56050657,-73.1564728,-75.75243902,-78.34840525,-80.94437148,-83.54033771,-86.13630394,-88.73227017,-91.3282364,-93.92420263,-96.52016886,-99.11613508,-101.7121013,-104.3080675,-106.9040338,-109.5,-112.0959662,-114.6919325,-117.2878987,-119.8838649,-122.4798311,-125.0757974,-127.6717636,-130.2677298
2480,46.71097561,10.90243902,4.926829268,0.658536585,-1.902439024,-2.756097561,-7.87804878,-11.29268293,-14.70731707,-18.12195122,-21.53658537,-24.95121951,-28.36585366,-31.7804878,-34.38780488,-36.99512195,-39.60243902,-42.2097561,-44.81707317,-47.42439024,-50.03170732,-52.63902439,-55.24634146,-57.85365854,-60.46097561,-63.06829268,-65.67560976,-68.28292683,-70.8902439,-73.49756098,-76.10487805,-78.71219512,-81.3195122,-83.92682927,-86.53414634,-89.14146341,-91.74878049,-94.35609756,-96.96341463,-99.57073171,-102.1780488,-104.7853659,-107.3926829,-110,-112.6073171,-115.2146341,-117.8219512,-120.4292683,-123.0365854,-125.6439024,-128.2512195,-130.8585366
2490,46.90300188,10.93058161,4.928705441,0.641651032,-1.930581614,-2.787992495,-7.932457786,-11.36210131,-14.79174484,-18.22138837,-21.65103189,-25.08067542,-28.51031895,-31.93996248,-34.55863039,-37.17729831,-39.79596623,-42.41463415,-45.03330206,-47.65196998,-50.2706379,-52.88930582,-55.50797373,-58.12664165,-60.74530957,-63.36397749,-65.9826454,-68.60131332,-71.21998124,-73.83864916,-76.45731707,-79.07598499,-81.69465291,-84.31332083,-86.93198874,-89.55065666,-92.16932458,-94.7879925,-97.40666041,-100.0253283,-102.6439962,-105.2626642,-107.8813321,-110.5,-113.1186679,-115.7373358,-118.3560038,-120.9746717,-123.5933396,-126.2120075,-128.8306754,-131.4493433
2500,47.09502814,10.9587242,4.930581614,0.624765478,-1.958724203,-2.81988743,-7.986866792,-11.4315197,-14.87617261,-18.32082552,-21.76547842,-25.21013133,-28.65478424,-32.09943715,-34.72945591,-37.35947467,-39.98949343,-42.6195122,-45.24953096,-47.87954972,-50.50956848,-53.13958724,-55.769606,-58.39962477,-61.02964353,-63.65966229,-66.28968105,-68.91969981,-71.54971857,-74.17973734,-76.8097561,-79.43977486,-82.06979362,-84.69981238,-87.32983114,-89.95984991,-92.58986867,-95.21988743,-97.84990619,-100.479925,-103.1099437,-105.7399625,-108.3699812,-111,-113.6300188,-116.2600375,-118.8900563,-121.520075,-124.1500938,-126.7801126,-129.4101313,-132.0401501
2510,47.28705441,10.98686679,4.932457786,0.607879925,-1.986866792,-2.851782364,-8.041275797,-11.50093809,-14.96060038,-18.42026266,-21.87992495,-25.33958724,-28.79924953,-32.25891182,-34.90028143,-37.54165103,-40.18302064,-42.82439024,-45.46575985,-48.10712946,-50.74849906,-53.38986867,-56.03123827,-58.67260788,-61.31397749,-63.95534709,-66.5967167,-69.2380863,-71.87945591,-74.52082552,-77.16219512,-79.80356473,-82.44493433,-85.08630394,-87.72767355,-90.36904315,-93.01041276,-95.65178236,-98.29315197,-100.9345216,-103.5758912,-106.2172608,-108.8586304,-111.5,-114.1413696,-116.7827392,-119.4241088,-122.0654784,-124.706848,-127.3482176,-129.9895872,-132.6309568
2520,47.47908068,11.01500938,4.934333959,0.590994371,-2.015009381,-2.883677298,-8.095684803,-11.57035647,-15.04502814,-18.51969981,-21.99437148,-25.46904315,-28.94371482,-32.41838649,-35.07110694,-37.72382739,-40.37654784,-43.02926829,-45.68198874,-48.33470919,-50.98742964,-53.64015009,-56.29287054,-58.94559099,-61.59831144,-64.25103189,-66.90375235,-69.5564728,-72.20919325,-74.8619137,-77.51463415,-80.1673546,-82.82007505,-85.4727955,-88.12551595,-90.7782364,-93.43095685,-96.0836773,-98.73639775,-101.3891182,-104.0418386,-106.6945591,-109.3472795,-112,-114.6527205,-117.3054409,-119.9581614,-122.6108818,-125.2636023,-127.9163227,-130.5690432,-133.2217636
2530,47.67110694,11.04315197,4.936210131,0.574108818,-2.04315197,-2.915572233,-8.150093809,-11.63977486,-15.12945591,-18.61913696,-22.10881801,-25.59849906,-29.08818011,-32.57786116,-35.24193246,-37.90600375,-40.57007505,-43.23414634,-45.89821764,-48.56228893,-51.22636023,-53.89043152,-56.55450281,-59.21857411,-61.8826454,-64.5467167,-67.21078799,-69.87485929,-72.53893058,-75.20300188,-77.86707317,-80.53114447,-83.19521576,-85.85928705,-88.52335835,-91.18742964,-93.85150094,-96.51557223,-99.17964353,-101.8437148,-104.5077861,-107.1718574,-109.8359287,-112.5,-115.1640713,-117.8281426,-120.4922139,-123.1562852,-125.8203565,-128.4844278,-131.1484991,-133.8125704
2540,47.86313321,11.07129456,4.938086304,0.557223265,-2.071294559,-2.947467167,-8.204502814,-11.70919325,-15.21388368,-18.71857411,-22.22326454,-25.72795497,-29.2326454,-32.73733583,-35.41275797,-38.08818011,-40.76360225,-43.43902439,-46.11444653,-48.78986867,-51.46529081,-54.14071295,-56.81613508,-59.49155722,-62.16697936,-64.8424015,-67.51782364,-70.19324578,-72.86866792,-75.54409006,-78.2195122,-80.89493433,-83.57035647,-86.24577861,-88.92120075,-91.59662289,-94.27204503,-96.94746717,-99.62288931,-102.2983114,-104.9737336,-107.6491557,-110.3245779,-113,-115.6754221,-118.3508443,-121.0262664,-123.7016886,-126.3771107,-129.0525328,-131.727955,-134.4033771
2550,48.05515947,11.09943715,4.939962477,0.540337711,-2.099437148,-2.979362101,-8.25891182,-11.77861163,-15.29831144,-18.81801126,-22.33771107,-25.85741088,-29.37711069,-32.89681051,-35.58358349,-38.27035647,-40.95712946,-43.64390244,-46.33067542,-49.01744841,-51.70422139,-54.39099437,-57.07776735,-59.76454034,-62.45131332,-65.1380863,-67.82485929,-70.51163227,-73.19840525,-75.88517824,-78.57195122,-81.2587242,-83.94549719,-86.63227017,-89.31904315,-92.00581614,-94.69258912,-97.3793621,-100.0661351,-102.7529081,-105.4396811,-108.126454,-110.813227,-113.5,-116.186773,-118.873546,-121.5603189,-124.2470919,-126.9338649,-129.6206379,-132.3074109,-134.9941839
2560,48.24718574,11.12757974,4.941838649,0.523452158,-2.127579737,-3.011257036,-8.313320826,-11.84803002,-15.38273921,-18.91744841,-22.4521576,-25.98686679,-29.52157598,-33.05628518,-35.75440901,-38.45253283,-41.15065666,-43.84878049,-46.54690432,-49.24502814,-51.94315197,-54.6412758,-57.33939962,-60.03752345,-62.73564728,-65.43377111,-68.13189493,-70.83001876,-73.52814259,-76.22626642,-78.92439024,-81.62251407,-84.3206379,-87.01876173,-89.71688555,-92.41500938,-95.11313321,-97.81125704,-100.5093809,-103.2075047,-105.9056285,-108.6037523,-111.3018762,-114,-116.6981238,-119.3962477,-122.0943715,-124.7924953,-127.4906191,-130.188743,-132.8868668,-135.5849906
2570,48.43921201,11.15572233,4.943714822,0.506566604,-2.155722326,-3.04315197,-8.367729831,-11.91744841,-15.46716698,-19.01688555,-22.56660413,-26.1163227,-29.66604128,-33.21575985,-35.92523452,-38.63470919,-41.34418386,-44.05365854,-46.76313321,-49.47260788,-52.18208255,-54.89155722,-57.60103189,-60.31050657,-63.01998124,-65.72945591,-68.43893058,-71.14840525,-73.85787992,-76.5673546,-79.27682927,-81.98630394,-84.69577861,-87.40525328,-90.11472795,-92.82420263,-95.5336773,-98.24315197,-100.9526266,-103.6621013,-106.371576,-109.0810507,-111.7905253,-114.5,-117.2094747,-119.9189493,-122.628424,-125.3378987,-128.0473734,-130.756848,-133.4663227,-136.1757974
2580,48.63123827,11.18386492,4.945590994,0.489681051,-2.183864916,-3.075046904,-8.422138837,-11.98686679,-15.55159475,-19.1163227,-22.68105066,-26.24577861,-29.81050657,-33.37523452,-36.09606004,-38.81688555,-41.53771107,-44.25853659,-46.9793621,-49.70018762,-52.42101313,-55.14183865,-57.86266417,-60.58348968,-63.3043152,-66.02514071,-68.74596623,-71.46679174,-74.18761726,-76.90844278,-79.62926829,-82.35009381,-85.07091932,-87.79174484,-90.51257036,-93.23339587,-95.95422139,-98.6750469,-101.3958724,-104.1166979,-106.8375235,-109.558349,-112.2791745,-115,-117.7208255,-120.441651,-123.1624765,-125.8833021,-128.6041276,-131.3249531,-134.0457786,-136.7666041
2590,48.82326454,11.2120075,4.947467167,0.472795497,-2.212007505,-3.106941839,-8.476547842,-12.05628518,-15.63602251,-19.21575985,-22.79549719,-26.37523452,-29.95497186,-33.53470919,-36.26688555,-38.99906191,-41.73123827,-44.46341463,-47.19559099,-49.92776735,-52.65994371,-55.39212008,-58.12429644,-60.8564728,-63.58864916,-66.32082552,-69.05300188,-71.78517824,-74.5173546,-77.24953096,-79.98170732,-82.71388368,-85.44606004,-88.1782364,-90.91041276,-93.64258912,-96.37476548,-99.10694184,-101.8391182,-104.5712946,-107.3034709,-110.0356473,-112.7678236,-115.5,-118.2321764,-120.9643527,-123.6965291,-126.4287054,-129.1608818,-131.8930582,-134.6252345,-137.3574109
2600,49.01529081,11.24015009,4.94934334,0.455909944,-2.240150094,-3.138836773,-8.530956848,-12.12570356,-15.72045028,-19.315197,-22.90994371,-26.50469043,-30.09943715,-33.69418386,-36.43771107,-39.18123827,-41.92476548,-44.66829268,-47.41181989,-50.15534709,-52.8988743,-55.6424015,-58.38592871,-61.12945591,-63.87298311,-66.61651032,-69.36003752,-72.10356473,-74.84709193,-77.59061914,-80.33414634,-83.07767355,-85.82120075,-88.56472795,-91.30825516,-94.05178236,-96.79530957,-99.53883677,-102.282364,-105.0258912,-107.7694184,-110.5129456,-113.2564728,-116,-118.7435272,-121.4870544,-124.2305816,-126.9741088,-129.717636,-132.4611632,-135.2046904,-137.9482176
2610,49.20731707,11.26829268,4.951219512,0.43902439,-2.268292683,-3.170731707,-8.585365854,-12.19512195,-15.80487805,-19.41463415,-23.02439024,-26.63414634,-30.24390244,-33.85365854,-36.60853659,-39.36341463,-42.11829268,-44.87317073,-47.62804878,-50.38292683,-53.13780488,-55.89268293,-58.64756098,-61.40243902,-64.15731707,-66.91219512,-69.66707317,-72.42195122,-75.17682927,-77.93170732,-80.68658537,-83.44146341,-86.19634146,-88.95121951,-91.70609756,-94.46097561,-97.21585366,-99.97073171,-102.7256098,-105.4804878,-108.2353659,-110.9902439,-113.745122,-116.5,-119.254878,-122.0097561,-124.7646341,-127.5195122,-130.2743902,-133.0292683,-135.7841463,-138.5390244
2620,49.39934334,11.29643527,4.953095685,0.422138837,-2.296435272,-3.202626642,-8.639774859,-12.26454034,-15.88930582,-19.51407129,-23.13883677,-26.76360225,-30.38836773,-34.01313321,-36.7793621,-39.54559099,-42.31181989,-45.07804878,-47.84427767,-50.61050657,-53.37673546,-56.14296435,-58.90919325,-61.67542214,-64.44165103,-67.20787992,-69.97410882,-72.74033771,-75.5065666,-78.2727955,-81.03902439,-83.80525328,-86.57148218,-89.33771107,-92.10393996,-94.87016886,-97.63639775,-100.4026266,-103.1688555,-105.9350844,-108.7013133,-111.4675422,-114.2337711,-117,-119.7662289,-122.5324578,-125.2986867,-128.0649156,-130.8311445,-133.5973734,-136.3636023,-139.1298311
2630,49.59136961,11.32457786,4.954971857,0.405253283,-2.324577861,-3.234521576,-8.694183865,-12.33395872,-15.97373358,-19.61350844,-23.2532833,-26.89305816,-30.53283302,-34.17260788,-36.95018762,-39.72776735,-42.50534709,-45.28292683,-48.06050657,-50.8380863,-53.61566604,-56.39324578,-59.17082552,-61.94840525,-64.72598499,-67.50356473,-70.28114447,-73.0587242,-75.83630394,-78.61388368,-81.39146341,-84.16904315,-86.94662289,-89.72420263,-92.50178236,-95.2793621,-98.05694184,-100.8345216,-103.6121013,-106.3896811,-109.1672608,-111.9448405,-114.7224203,-117.5,-120.2775797,-123.0551595,-125.8327392,-128.6103189,-131.3878987,-134.1654784,-136.9430582,-139.7206379
2640,49.78339587,11.35272045,4.95684803,0.38836773,-2.35272045,-3.26641651,-8.748592871,-12.40337711,-16.05816135,-19.71294559,-23.36772983,-27.02251407,-30.67729831,-34.33208255,-37.12101313,-39.90994371,-42.6988743,-45.48780488,-48.27673546,-51.06566604,-53.85459662,-56.6435272,-59.43245779,-62.22138837,-65.01031895,-67.79924953,-70.58818011,-73.37711069,-76.16604128,-78.95497186,-81.74390244,-84.53283302,-87.3217636,-90.11069418,-92.89962477,-95.68855535,-98.47748593,-101.2664165,-104.0553471,-106.8442777,-109.6332083,-112.4221388,-115.2110694,-118,-120.7889306,-123.5778612,-126.3667917,-129.1557223,-131.9446529,-134.7335835,-137.5225141,-140.3114447
2650,49.97542214,11.38086304,4.958724203,0.371482176,-2.380863039,-3.298311445,-8.803001876,-12.4727955,-16.14258912,-19.81238274,-23.48217636,-27.15196998,-30.8217636,-34.49155722,-37.29183865,-40.09212008,-42.8924015,-45.69268293,-48.49296435,-51.29324578,-54.0935272,-56.89380863,-59.69409006,-62.49437148,-65.29465291,-68.09493433,-70.89521576,-73.69549719,-76.49577861,-79.29606004,-82.09634146,-84.89662289,-87.69690432,-90.49718574,-93.29746717,-96.09774859,-98.89803002,-101.6983114,-104.4985929,-107.2988743,-110.0991557,-112.8994371,-115.6997186,-118.5,-121.3002814,-124.1005629,-126.9008443,-129.7011257,-132.5014071,-135.3016886,-138.10197,-140.9022514
2660,50.16744841,11.40900563,4.960600375,0.354596623,-2.409005629,-3.330206379,-8.857410882,-12.54221388,-16.22701689,-19.91181989,-23.59662289,-27.28142589,-30.96622889,-34.65103189,-37.46266417,-40.27429644,-43.08592871,-45.89756098,-48.70919325,-51.52082552,-54.33245779,-57.14409006,-59.95572233,-62.7673546,-65.57898687,-68.39061914,-71.20225141,-74.01388368,-76.82551595,-79.63714822,-82.44878049,-85.26041276,-88.07204503,-90.8836773,-93.69530957,-96.50694184,-99.31857411,-102.1302064,-104.9418386,-107.7534709,-110.5651032,-113.3767355,-116.1883677,-119,-121.8116323,-124.6232645,-127.4348968,-130.2465291,-133.0581614,-135.8697936,-138.6814259,-141.4930582
2670,50.35947467,11.43714822,4.962476548,0.337711069,-2.437148218,-3.362101313,-8.911819887,-12.61163227,-16.31144465,-20.01125704,-23.71106942,-27.4108818,-31.11069418,-34.81050657,-37.63348968,-40.4564728,-43.27945591,-46.10243902,-48.92542214,-51.74840525,-54.57138837,-57.39437148,-60.2173546,-63.04033771,-65.86332083,-68.68630394,-71.50928705,-74.33227017,-77.15525328,-79.9782364,-82.80121951,-85.62420263,-88.44718574,-91.27016886,-94.09315197,-96.91613508,-99.7391182,-102.5621013,-105.3850844,-108.2080675,-111.0310507,-113.8540338,-116.6770169,-119.5,-122.3229831,-125.1459662,-127.9689493,-130.7919325,-133.6149156,-136.4378987,-139.2608818,-142.0838649
2680,50.55150094,11.46529081,4.96435272,0.320825516,-2.465290807,-3.393996248,-8.966228893,-12.68105066,-16.39587242,-20.11069418,-23.82551595,-27.54033771,-31.25515947,-34.96998124,-37.8043152,-40.63864916,-43.47298311,-46.30731707,-49.14165103,-51.97598499,-54.81031895,-57.64465291,-60.47898687,-63.31332083,-66.14765478,-68.98198874,-71.8163227,-74.65065666,-77.48499062,-80.31932458,-83.15365854,-85.9879925,-88.82232645,-91.65666041,-94.49099437,-97.32532833,-100.1596623,-102.9939962,-105.8283302,-108.6626642,-111.4969981,-114.3313321,-117.165666,-120,-122.834334,-125.6686679,-128.5030019,-131.3373358,-134.1716698,-137.0060038,-139.8403377,-142.6746717
2690,50.7435272,11.4934334,4.966228893,0.303939962,-2.493433396,-3.425891182,-9.020637899,-12.75046904,-16.48030019,-20.21013133,-23.93996248,-27.66979362,-31.39962477,-35.12945591,-37.97514071,-40.82082552,-43.66651032,-46.51219512,-49.35787992,-52.20356473,-55.04924953,-57.89493433,-60.74061914,-63.58630394,-66.43198874,-69.27767355,-72.12335835,-74.96904315,-77.81472795,-80.66041276,-83.50609756,-86.35178236,-89.19746717,-92.04315197,-94.88883677,-97.73452158,-100.5802064,-103.4258912,-106.271576,-109.1172608,-111.9629456,-114.8086304,-117.6543152,-120.5,-123.3456848,-126.1913696,-129.0370544,-131.8827392,-134.728424,-137.5741088,-140.4197936,-143.2654784
2700,50.93555347,11.52157598,4.968105066,0.287054409,-2.521575985,-3.457786116,-9.075046904,-12.81988743,-16.56472795,-20.30956848,-24.05440901,-27.79924953,-31.54409006,-35.28893058,-38.14596623,-41.00300188,-43.86003752,-46.71707317,-49.57410882,-52.43114447,-55.28818011,-58.14521576,-61.00225141,-63.85928705,-66.7163227,-69.57335835,-72.430394,-75.28742964,-78.14446529,-81.00150094,-83.85853659,-86.71557223,-89.57260788,-92.42964353,-95.28667917,-98.14371482,-101.0007505,-103.8577861,-106.7148218,-109.5718574,-112.4288931,-115.2859287,-118.1429644,-121,-123.8570356,-126.7140713,-129.5711069,-132.4281426,-135.2851782,-138.1422139,-140.9992495,-143.8562852
2710,51.12757974,11.54971857,4.969981238,0.270168856,-2.549718574,-3.489681051,-9.12945591,-12.88930582,-16.64915572,-20.40900563,-24.16885553,-27.92870544,-31.68855535,-35.44840525,-38.31679174,-41.18517824,-44.05356473,-46.92195122,-49.79033771,-52.6587242,-55.52711069,-58.39549719,-61.26388368,-64.13227017,-67.00065666,-69.86904315,-72.73742964,-75.60581614,-78.47420263,-81.34258912,-84.21097561,-87.0793621,-89.94774859,-92.81613508,-95.68452158,-98.55290807,-101.4212946,-104.2896811,-107.1580675,-110.026454,-112.8948405,-115.763227,-118.6316135,-121.5,-124.3683865,-127.236773,-130.1051595,-132.973546,-135.8419325,-138.7103189,-141.5787054,-144.4470919
2720,51.319606,11.57786116,4.971857411,0.253283302,-2.577861163,-3.521575985,-9.183864916,-12.9587242,-16.73358349,-20.50844278,-24.28330206,-28.05816135,-31.83302064,-35.60787992,-38.48761726,-41.3673546,-44.24709193,-47.12682927,-50.0065666,-52.88630394,-55.76604128,-58.64577861,-61.52551595,-64.40525328,-67.28499062,-70.16472795,-73.04446529,-75.92420263,-78.80393996,-81.6836773,-84.56341463,-87.44315197,-90.32288931,-93.20262664,-96.08236398,-98.96210131,-101.8418386,-104.721576,-107.6013133,-110.4810507,-113.360788,-116.2405253,-119.1202627,-122,-124.8797373,-127.7594747,-130.639212,-133.5189493,-136.3986867,-139.278424,-142.1581614,-145.0378987
2730,51.51163227,11.60600375,4.973733583,0.236397749,-2.606003752,-3.553470919,-9.238273921,-13.02814259,-16.81801126,-20.60787992,-24.39774859,-28.18761726,-31.97748593,-35.7673546,-38.65844278,-41.54953096,-44.44061914,-47.33170732,-50.2227955,-53.11388368,-56.00497186,-58.89606004,-61.78714822,-64.6782364,-67.56932458,-70.46041276,-73.35150094,-76.24258912,-79.1336773,-82.02476548,-84.91585366,-87.80694184,-90.69803002,-93.5891182,-96.48020638,-99.37129456,-102.2623827,-105.1534709,-108.0445591,-110.9356473,-113.8267355,-116.7178236,-119.6089118,-122.5,-125.3910882,-128.2821764,-131.1732645,-134.0643527,-136.9554409,-139.8465291,-142.7376173,-145.6287054
2740,51.70365854,11.63414634,4.975609756,0.219512195,-2.634146341,-3.585365854,-9.292682927,-13.09756098,-16.90243902,-20.70731707,-24.51219512,-28.31707317,-32.12195122,-35.92682927,-38.82926829,-41.73170732,-44.63414634,-47.53658537,-50.43902439,-53.34146341,-56.24390244,-59.14634146,-62.04878049,-64.95121951,-67.85365854,-70.75609756,-73.65853659,-76.56097561,-79.46341463,-82.36585366,-85.26829268,-88.17073171,-91.07317073,-93.97560976,-96.87804878,-99.7804878,-102.6829268,-105.5853659,-108.4878049,-111.3902439,-114.2926829,-117.195122,-120.097561,-123,-125.902439,-128.804878,-131.7073171,-134.6097561,-137.5121951,-140.4146341,-143.3170732,-146.2195122
2750,51.8956848,11.66228893,4.977485929,0.202626642,-2.662288931,-3.617260788,-9.347091932,-13.16697936,-16.98686679,-20.80675422,-24.62664165,-28.44652908,-32.26641651,-36.08630394,-39.00009381,-41.91388368,-44.82767355,-47.74146341,-50.65525328,-53.56904315,-56.48283302,-59.39662289,-62.31041276,-65.22420263,-68.1379925,-71.05178236,-73.96557223,-76.8793621,-79.79315197,-82.70694184,-85.62073171,-88.53452158,-91.44831144,-94.36210131,-97.27589118,-100.1896811,-103.1034709,-106.0172608,-108.9310507,-111.8448405,-114.7586304,-117.6724203,-120.5862101,-123.5,-126.4137899,-129.3275797,-132.2413696,-135.1551595,-138.0689493,-140.9827392,-143.8965291,-146.8103189
2760,52.08771107,11.69043152,4.979362101,0.185741088,-2.69043152,-3.649155722,-9.401500938,-13.23639775,-17.07129456,-20.90619137,-24.74108818,-28.57598499,-32.4108818,-36.24577861,-39.17091932,-42.09606004,-45.02120075,-47.94634146,-50.87148218,-53.79662289,-56.7217636,-59.64690432,-62.57204503,-65.49718574,-68.42232645,-71.34746717,-74.27260788,-77.19774859,-80.12288931,-83.04803002,-85.97317073,-88.89831144,-91.82345216,-94.74859287,-97.67373358,-100.5988743,-103.524015,-106.4491557,-109.3742964,-112.2994371,-115.2245779,-118.1497186,-121.0748593,-124,-126.9251407,-129.8502814,-132.7754221,-135.7005629,-138.6257036,-141.5508443,-144.475985,-147.4011257
2770,52.27973734,11.71857411,4.981238274,0.168855535,-2.718574109,-3.681050657,-9.455909944,-13.30581614,-17.15572233,-21.00562852,-24.85553471,-28.7054409,-32.55534709,-36.40525328,-39.34174484,-42.2782364,-45.21472795,-48.15121951,-51.08771107,-54.02420263,-56.96069418,-59.89718574,-62.8336773,-65.77016886,-68.70666041,-71.64315197,-74.57964353,-77.51613508,-80.45262664,-83.3891182,-86.32560976,-89.26210131,-92.19859287,-95.13508443,-98.07157598,-101.0080675,-103.9445591,-106.8810507,-109.8175422,-112.7540338,-115.6905253,-118.6270169,-121.5635084,-124.5,-127.4364916,-130.3729831,-133.3094747,-136.2459662,-139.1824578,-142.1189493,-145.0554409,-147.9919325
2780,52.4717636,11.7467167,4.983114447,0.151969981,-2.746716698,-3.712945591,-9.510318949,-13.37523452,-17.24015009,-21.10506567,-24.96998124,-28.83489681,-32.69981238,-36.56472795,-39.51257036,-42.46041276,-45.40825516,-48.35609756,-51.30393996,-54.25178236,-57.19962477,-60.14746717,-63.09530957,-66.04315197,-68.99099437,-71.93883677,-74.88667917,-77.83452158,-80.78236398,-83.73020638,-86.67804878,-89.62589118,-92.57373358,-95.52157598,-98.46941839,-101.4172608,-104.3651032,-107.3129456,-110.260788,-113.2086304,-116.1564728,-119.1043152,-122.0521576,-125,-127.9478424,-130.8956848,-133.8435272,-136.7913696,-139.739212,-142.6870544,-145.6348968,-148.5827392
2790,52.66378987,11.77485929,4.984990619,0.135084428,-2.774859287,-3.744840525,-9.564727955,-13.44465291,-17.32457786,-21.20450281,-25.08442777,-28.96435272,-32.84427767,-36.72420263,-39.68339587,-42.64258912,-45.60178236,-48.56097561,-51.52016886,-54.4793621,-57.43855535,-60.39774859,-63.35694184,-66.31613508,-69.27532833,-72.23452158,-75.19371482,-78.15290807,-81.11210131,-84.07129456,-87.0304878,-89.98968105,-92.9488743,-95.90806754,-98.86726079,-101.826454,-104.7856473,-107.7448405,-110.7040338,-113.663227,-116.6224203,-119.5816135,-122.5408068,-125.5,-128.4591932,-131.4183865,-134.3775797,-137.336773,-140.2959662,-143.2551595,-146.2143527,-149.173546
2800,52.85581614,11.80300188,4.986866792,0.118198874,-2.803001876,-3.77673546,-9.619136961,-13.51407129,-17.40900563,-21.30393996,-25.1988743,-29.09380863,-32.98874296,-36.8836773,-39.85422139,-42.82476548,-45.79530957,-48.76585366,-51.73639775,-54.70694184,-57.67748593,-60.64803002,-63.61857411,-66.5891182,-69.55966229,-72.53020638,-75.50075047,-78.47129456,-81.44183865,-84.41238274,-87.38292683,-90.35347092,-93.32401501,-96.2945591,-99.26510319,-102.2356473,-105.2061914,-108.1767355,-111.1472795,-114.1178236,-117.0883677,-120.0589118,-123.0294559,-126,-128.9705441,-131.9410882,-134.9116323,-137.8821764,-140.8527205,-143.8232645,-146.7938086,-149.7643527
2810,53.0478424,11.83114447,4.988742964,0.101313321,-2.831144465,-3.808630394,-9.673545966,-13.58348968,-17.4934334,-21.40337711,-25.31332083,-29.22326454,-33.13320826,-37.04315197,-40.0250469,-43.00694184,-45.98883677,-48.97073171,-51.95262664,-54.93452158,-57.91641651,-60.89831144,-63.88020638,-66.86210131,-69.84399625,-72.82589118,-75.80778612,-78.78968105,-81.77157598,-84.75347092,-87.73536585,-90.71726079,-93.69915572,-96.68105066,-99.66294559,-102.6448405,-105.6267355,-108.6086304,-111.5905253,-114.5724203,-117.5543152,-120.5362101,-123.5181051,-126.5,-129.4818949,-132.4637899,-135.4456848,-138.4275797,-141.4094747,-144.3913696,-147.3732645,-150.3551595
2820,53.23986867,11.85928705,4.990619137,0.084427767,-2.859287054,-3.840525328,-9.727954972,-13.65290807,-17.57786116,-21.50281426,-25.42776735,-29.35272045,-33.27767355,-37.20262664,-40.19587242,-43.1891182,-46.18236398,-49.17560976,-52.16885553,-55.16210131,-58.15534709,-61.14859287,-64.14183865,-67.13508443,-70.12833021,-73.12157598,-76.11482176,-79.10806754,-82.10131332,-85.0945591,-88.08780488,-91.08105066,-94.07429644,-97.06754221,-100.060788,-103.0540338,-106.0472795,-109.0405253,-112.0337711,-115.0270169,-118.0202627,-121.0135084,-124.0067542,-127,-129.9932458,-132.9864916,-135.9797373,-138.9729831,-141.9662289,-144.9594747,-147.9527205,-150.9459662
2830,53.43189493,11.88742964,4.99249531,0.067542214,-2.887429644,-3.872420263,-9.782363977,-13.72232645,-17.66228893,-21.60225141,-25.54221388,-29.48217636,-33.42213884,-37.36210131,-40.36669794,-43.37129456,-46.37589118,-49.3804878,-52.38508443,-55.38968105,-58.39427767,-61.3988743,-64.40347092,-67.40806754,-70.41266417,-73.41726079,-76.42185741,-79.42645403,-82.43105066,-85.43564728,-88.4402439,-91.44484053,-94.44943715,-97.45403377,-100.4586304,-103.463227,-106.4678236,-109.4724203,-112.4770169,-115.4816135,-118.4862101,-121.4908068,-124.4954034,-127.5,-130.5045966,-133.5091932,-136.5137899,-139.5183865,-142.5229831,-145.5275797,-148.5321764,-151.536773
2840,53.6239212,11.91557223,4.994371482,0.05065666,-2.915572233,-3.904315197,-9.836772983,-13.79174484,-17.7467167,-21.70168856,-25.65666041,-29.61163227,-33.56660413,-37.52157598,-40.53752345,-43.55347092,-46.56941839,-49.58536585,-52.60131332,-55.61726079,-58.63320826,-61.64915572,-64.66510319,-67.68105066,-70.69699812,-73.71294559,-76.72889306,-79.74484053,-82.76078799,-85.77673546,-88.79268293,-91.80863039,-94.82457786,-97.84052533,-100.8564728,-103.8724203,-106.8883677,-109.9043152,-112.9202627,-115.9362101,-118.9521576,-121.9681051,-124.9840525,-128,-131.0159475,-134.0318949,-137.0478424,-140.0637899,-143.0797373,-146.0956848,-149.1116323,-152.1275797
2850,53.81594747,11.94371482,4.996247655,0.033771107,-2.943714822,-3.936210131,-9.891181989,-13.86116323,-17.83114447,-21.8011257,-25.77110694,-29.74108818,-33.71106942,-37.68105066,-40.70834897,-43.73564728,-46.76294559,-49.7902439,-52.81754221,-55.84484053,-58.87213884,-61.89943715,-64.92673546,-67.95403377,-70.98133208,-74.00863039,-77.03592871,-80.06322702,-83.09052533,-86.11782364,-89.14512195,-92.17242026,-95.19971857,-98.22701689,-101.2543152,-104.2816135,-107.3089118,-110.3362101,-113.3635084,-116.3908068,-119.4181051,-122.4454034,-125.4727017,-128.5,-131.5272983,-134.5545966,-137.5818949,-140.6091932,-143.6364916,-146.6637899,-149.6910882,-152.7183865
2860,54.00797373,11.97185741,4.998123827,0.016885553,-2.971857411,-3.968105066,-9.945590994,-13.93058161,-17.91557223,-21.90056285,-25.88555347,-29.87054409,-33.85553471,-37.84052533,-40.87917448,-43.91782364,-46.9564728,-49.99512195,-53.03377111,-56.07242026,-59.11106942,-62.14971857,-65.18836773,-68.22701689,-71.26566604,-74.3043152,-77.34296435,-80.38161351,-83.42026266,-86.45891182,-89.49756098,-92.53621013,-95.57485929,-98.61350844,-101.6521576,-104.6908068,-107.7294559,-110.7681051,-113.8067542,-116.8454034,-119.8840525,-122.9227017,-125.9613508,-129,-132.0386492,-135.0772983,-138.1159475,-141.1545966,-144.1932458,-147.2318949,-150.2705441,-153.3091932
2870,54.2,12,5,-3.55271E-15,-3,-4,-10,-14,-18,-22,-26,-30,-34,-38,-41.05,-44.1,-47.15,-50.2,-53.25,-56.3,-59.35,-62.4,-65.45,-68.5,-71.55,-74.6,-77.65,-80.7,-83.75,-86.8,-89.85,-92.9,-95.95,-99,-102.05,-105.1,-108.15,-111.2,-114.25,-117.3,-120.35,-123.4,-126.45,-129.5,-132.55,-135.6,-138.65,-141.7,-144.75,-147.8,-150.85,-153.9
2880,54.39202627,12.02814259,5.001876173,-0.016885553,-3.028142589,-4.031894934,-10.05440901,-14.06941839,-18.08442777,-22.09943715,-26.11444653,-30.12945591,-34.14446529,-38.15947467,-41.22082552,-44.28217636,-47.3435272,-50.40487805,-53.46622889,-56.52757974,-59.58893058,-62.65028143,-65.71163227,-68.77298311,-71.83433396,-74.8956848,-77.95703565,-81.01838649,-84.07973734,-87.14108818,-90.20243902,-93.26378987,-96.32514071,-99.38649156,-102.4478424,-105.5091932,-108.5705441,-111.6318949,-114.6932458,-117.7545966,-120.8159475,-123.8772983,-126.9386492,-130,-133.0613508,-136.1227017,-139.1840525,-142.2454034,-145.3067542,-148.3681051,-151.4294559,-154.4908068
2890,54.58405253,12.05628518,5.003752345,-0.033771107,-3.056285178,-4.063789869,-10.10881801,-14.13883677,-18.16885553,-22.1988743,-26.22889306,-30.25891182,-34.28893058,-38.31894934,-41.39165103,-44.46435272,-47.53705441,-50.6097561,-53.68245779,-56.75515947,-59.82786116,-62.90056285,-65.97326454,-69.04596623,-72.11866792,-75.19136961,-78.26407129,-81.33677298,-84.40947467,-87.48217636,-90.55487805,-93.62757974,-96.70028143,-99.77298311,-102.8456848,-105.9183865,-108.9910882,-112.0637899,-115.1364916,-118.2091932,-121.2818949,-124.3545966,-127.4272983,-130.5,-133.5727017,-136.6454034,-139.7181051,-142.7908068,-145.8635084,-148.9362101,-152.0089118,-155.0816135
2900,54.7760788,12.08442777,5.005628518,-0.05065666,-3.084427767,-4.095684803,-10.16322702,-14.20825516,-18.2532833,-22.29831144,-26.34333959,-30.38836773,-34.43339587,-38.47842402,-41.56247655,-44.64652908,-47.73058161,-50.81463415,-53.89868668,-56.98273921,-60.06679174,-63.15084428,-66.23489681,-69.31894934,-72.40300188,-75.48705441,-78.57110694,-81.65515947,-84.73921201,-87.82326454,-90.90731707,-93.99136961,-97.07542214,-100.1594747,-103.2435272,-106.3275797,-109.4116323,-112.4956848,-115.5797373,-118.6637899,-121.7478424,-124.8318949,-127.9159475,-131,-134.0840525,-137.1681051,-140.2521576,-143.3362101,-146.4202627,-149.5043152,-152.5883677,-155.6724203
2910,54.96810507,12.11257036,5.00750469,-0.067542214,-3.112570356,-4.127579737,-10.21763602,-14.27767355,-18.33771107,-22.39774859,-26.45778612,-30.51782364,-34.57786116,-38.63789869,-41.73330206,-44.82870544,-47.92410882,-51.0195122,-54.11491557,-57.21031895,-60.30572233,-63.4011257,-66.49652908,-69.59193246,-72.68733583,-75.78273921,-78.87814259,-81.97354597,-85.06894934,-88.16435272,-91.2597561,-94.35515947,-97.45056285,-100.5459662,-103.6413696,-106.736773,-109.8321764,-112.9275797,-116.0229831,-119.1183865,-122.2137899,-125.3091932,-128.4045966,-131.5,-134.5954034,-137.6908068,-140.7862101,-143.8816135,-146.9770169,-150.0724203,-153.1678236,-156.263227
2920,55.16013133,12.14071295,5.009380863,-0.084427767,-3.140712946,-4.159474672,-10.27204503,-14.34709193,-18.42213884,-22.49718574,-26.57223265,-30.64727955,-34.72232645,-38.79737336,-41.90412758,-45.0108818,-48.11763602,-51.22439024,-54.33114447,-57.43789869,-60.54465291,-63.65140713,-66.75816135,-69.86491557,-72.97166979,-76.07842402,-79.18517824,-82.29193246,-85.39868668,-88.5054409,-91.61219512,-94.71894934,-97.82570356,-100.9324578,-104.039212,-107.1459662,-110.2527205,-113.3594747,-116.4662289,-119.5729831,-122.6797373,-125.7864916,-128.8932458,-132,-135.1067542,-138.2135084,-141.3202627,-144.4270169,-147.5337711,-150.6405253,-153.7472795,-156.8540338
2930,55.3521576,12.16885553,5.011257036,-0.101313321,-3.168855535,-4.191369606,-10.32645403,-14.41651032,-18.5065666,-22.59662289,-26.68667917,-30.77673546,-34.86679174,-38.95684803,-42.0749531,-45.19305816,-48.31116323,-51.42926829,-54.54737336,-57.66547842,-60.78358349,-63.90168856,-67.01979362,-70.13789869,-73.25600375,-76.37410882,-79.49221388,-82.61031895,-85.72842402,-88.84652908,-91.96463415,-95.08273921,-98.20084428,-101.3189493,-104.4370544,-107.5551595,-110.6732645,-113.7913696,-116.9094747,-120.0275797,-123.1456848,-126.2637899,-129.3818949,-132.5,-135.6181051,-138.7362101,-141.8543152,-144.9724203,-148.0905253,-151.2086304,-154.3267355,-157.4448405
2940,55.54418386,12.19699812,5.013133208,-0.118198874,-3.196998124,-4.22326454,-10.38086304,-14.48592871,-18.59099437,-22.69606004,-26.8011257,-30.90619137,-35.01125704,-39.1163227,-42.24577861,-45.37523452,-48.50469043,-51.63414634,-54.76360225,-57.89305816,-61.02251407,-64.15196998,-67.28142589,-70.4108818,-73.54033771,-76.66979362,-79.79924953,-82.92870544,-86.05816135,-89.18761726,-92.31707317,-95.44652908,-98.57598499,-101.7054409,-104.8348968,-107.9643527,-111.0938086,-114.2232645,-117.3527205,-120.4821764,-123.6116323,-126.7410882,-129.8705441,-133,-136.1294559,-139.2589118,-142.3883677,-145.5178236,-148.6472795,-151.7767355,-154.9061914,-158.0356473
2950,55.73621013,12.22514071,5.015009381,-0.135084428,-3.225140713,-4.255159475,-10.43527205,-14.55534709,-18.67542214,-22.79549719,-26.91557223,-31.03564728,-35.15572233,-39.27579737,-42.41660413,-45.55741088,-48.69821764,-51.83902439,-54.97983114,-58.1206379,-61.26144465,-64.40225141,-67.54305816,-70.68386492,-73.82467167,-76.96547842,-80.10628518,-83.24709193,-86.38789869,-89.52870544,-92.6695122,-95.81031895,-98.9511257,-102.0919325,-105.2327392,-108.373546,-111.5143527,-114.6551595,-117.7959662,-120.936773,-124.0775797,-127.2183865,-130.3591932,-133.5,-136.6408068,-139.7816135,-142.9224203,-146.063227,-149.2040338,-152.3448405,-155.4856473,-158.626454
2960,55.9282364,12.2532833,5.016885553,-0.151969981,-3.253283302,-4.287054409,-10.48968105,-14.62476548,-18.75984991,-22.89493433,-27.03001876,-31.16510319,-35.30018762,-39.43527205,-42.58742964,-45.73958724,-48.89174484,-52.04390244,-55.19606004,-58.34821764,-61.50037523,-64.65253283,-67.80469043,-70.95684803,-74.10900563,-77.26116323,-80.41332083,-83.56547842,-86.71763602,-89.86979362,-93.02195122,-96.17410882,-99.32626642,-102.478424,-105.6305816,-108.7827392,-111.9348968,-115.0870544,-118.239212,-121.3913696,-124.5435272,-127.6956848,-130.8478424,-134,-137.1521576,-140.3043152,-143.4564728,-146.6086304,-149.760788,-152.9129456,-156.0651032,-159.2172608
2970,56.12026266,12.28142589,5.018761726,-0.168855535,-3.281425891,-4.318949343,-10.54409006,-14.69418386,-18.84427767,-22.99437148,-27.14446529,-31.2945591,-35.44465291,-39.59474672,-42.75825516,-45.9217636,-49.08527205,-52.24878049,-55.41228893,-58.57579737,-61.73930582,-64.90281426,-68.0663227,-71.22983114,-74.39333959,-77.55684803,-80.72035647,-83.88386492,-87.04737336,-90.2108818,-93.37439024,-96.53789869,-99.70140713,-102.8649156,-106.028424,-109.1919325,-112.3554409,-115.5189493,-118.6824578,-121.8459662,-125.0094747,-128.1729831,-131.3364916,-134.5,-137.6635084,-140.8270169,-143.9905253,-147.1540338,-150.3175422,-153.4810507,-156.6445591,-159.8080675
2980,56.31228893,12.30956848,5.020637899,-0.185741088,-3.30956848,-4.350844278,-10.59849906,-14.76360225,-18.92870544,-23.09380863,-27.25891182,-31.42401501,-35.5891182,-39.75422139,-42.92908068,-46.10393996,-49.27879925,-52.45365854,-55.62851782,-58.80337711,-61.9782364,-65.15309568,-68.32795497,-71.50281426,-74.67767355,-77.85253283,-81.02739212,-84.20225141,-87.37711069,-90.55196998,-93.72682927,-96.90168856,-100.0765478,-103.2514071,-106.4262664,-109.6011257,-112.775985,-115.9508443,-119.1257036,-122.3005629,-125.4754221,-128.6502814,-131.8251407,-135,-138.1748593,-141.3497186,-144.5245779,-147.6994371,-150.8742964,-154.0491557,-157.224015,-160.3988743
2990,56.5043152,12.33771107,5.022514071,-0.202626642,-3.337711069,-4.382739212,-10.65290807,-14.83302064,-19.01313321,-23.19324578,-27.37335835,-31.55347092,-35.73358349,-39.91369606,-43.09990619,-46.28611632,-49.47232645,-52.65853659,-55.84474672,-59.03095685,-62.21716698,-65.40337711,-68.58958724,-71.77579737,-74.9620075,-78.14821764,-81.33442777,-84.5206379,-87.70684803,-90.89305816,-94.07926829,-97.26547842,-100.4516886,-103.6378987,-106.8241088,-110.0103189,-113.1965291,-116.3827392,-119.5689493,-122.7551595,-125.9413696,-129.1275797,-132.3137899,-135.5,-138.6862101,-141.8724203,-145.0586304,-148.2448405,-151.4310507,-154.6172608,-157.8034709,-160.9896811
3000,56.69634146,12.36585366,5.024390244,-0.219512195,-3.365853659,-4.414634146,-10.70731707,-14.90243902,-19.09756098,-23.29268293,-27.48780488,-31.68292683,-35.87804878,-40.07317073,-43.27073171,-46.46829268,-49.66585366,-52.86341463,-56.06097561,-59.25853659,-62.45609756,-65.65365854,-68.85121951,-72.04878049,-75.24634146,-78.44390244,-81.64146341,-84.83902439,-88.03658537,-91.23414634,-94.43170732,-97.62926829,-100.8268293,-104.0243902,-107.2219512,-110.4195122,-113.6170732,-116.8146341,-120.0121951,-123.2097561,-126.4073171,-129.604878,-132.802439,-136,-139.197561,-142.395122,-145.5926829,-148.7902439,-151.9878049,-155.1853659,-158.3829268,-161.5804878
3010,56.88836773,12.39399625,5.026266417,-0.236397749,-3.393996248,-4.446529081,-10.76172608,-14.97185741,-19.18198874,-23.39212008,-27.60225141,-31.81238274,-36.02251407,-40.2326454,-43.44155722,-46.65046904,-49.85938086,-53.06829268,-56.2772045,-59.48611632,-62.69502814,-65.90393996,-69.11285178,-72.3217636,-75.53067542,-78.73958724,-81.94849906,-85.15741088,-88.3663227,-91.57523452,-94.78414634,-97.99305816,-101.20197,-104.4108818,-107.6197936,-110.8287054,-114.0376173,-117.2465291,-120.4554409,-123.6643527,-126.8732645,-130.0821764,-133.2910882,-136.5,-139.7089118,-142.9178236,-146.1267355,-149.3356473,-152.5445591,-155.7534709,-158.9623827,-162.1712946
3020,57.080394,12.42213884,5.028142589,-0.253283302,-3.422138837,-4.478424015,-10.81613508,-15.0412758,-19.26641651,-23.49155722,-27.71669794,-31.94183865,-36.16697936,-40.39212008,-43.61238274,-46.8326454,-50.05290807,-53.27317073,-56.4934334,-59.71369606,-62.93395872,-66.15422139,-69.37448405,-72.59474672,-75.81500938,-79.03527205,-82.25553471,-85.47579737,-88.69606004,-91.9163227,-95.13658537,-98.35684803,-101.5771107,-104.7973734,-108.017636,-111.2378987,-114.4581614,-117.678424,-120.8986867,-124.1189493,-127.339212,-130.5594747,-133.7797373,-137,-140.2202627,-143.4405253,-146.660788,-149.8810507,-153.1013133,-156.321576,-159.5418386,-162.7621013
3030,57.27242026,12.45028143,5.030018762,-0.270168856,-3.450281426,-4.510318949,-10.87054409,-15.11069418,-19.35084428,-23.59099437,-27.83114447,-32.07129456,-36.31144465,-40.55159475,-43.78320826,-47.01482176,-50.24643527,-53.47804878,-56.70966229,-59.9412758,-63.17288931,-66.40450281,-69.63611632,-72.86772983,-76.09934334,-79.33095685,-82.56257036,-85.79418386,-89.02579737,-92.25741088,-95.48902439,-98.7206379,-101.9522514,-105.1838649,-108.4154784,-111.6470919,-114.8787054,-118.1103189,-121.3419325,-124.573546,-127.8051595,-131.036773,-134.2683865,-137.5,-140.7316135,-143.963227,-147.1948405,-150.426454,-153.6580675,-156.8896811,-160.1212946,-163.3529081
3040,57.46444653,12.47842402,5.031894934,-0.287054409,-3.478424015,-4.542213884,-10.9249531,-15.18011257,-19.43527205,-23.69043152,-27.94559099,-32.20075047,-36.45590994,-40.71106942,-43.95403377,-47.19699812,-50.43996248,-53.68292683,-56.92589118,-60.16885553,-63.41181989,-66.65478424,-69.89774859,-73.14071295,-76.3836773,-79.62664165,-82.869606,-86.11257036,-89.35553471,-92.59849906,-95.84146341,-99.08442777,-102.3273921,-105.5703565,-108.8133208,-112.0562852,-115.2992495,-118.5422139,-121.7851782,-125.0281426,-128.2711069,-131.5140713,-134.7570356,-138,-141.2429644,-144.4859287,-147.7288931,-150.9718574,-154.2148218,-157.4577861,-160.7007505,-163.9437148
3050,57.6564728,12.5065666,5.033771107,-0.303939962,-3.506566604,-4.574108818,-10.9793621,-15.24953096,-19.51969981,-23.78986867,-28.06003752,-32.33020638,-36.60037523,-40.87054409,-44.12485929,-47.37917448,-50.63348968,-53.88780488,-57.14212008,-60.39643527,-63.65075047,-66.90506567,-70.15938086,-73.41369606,-76.66801126,-79.92232645,-83.17664165,-86.43095685,-89.68527205,-92.93958724,-96.19390244,-99.44821764,-102.7025328,-105.956848,-109.2111632,-112.4654784,-115.7197936,-118.9741088,-122.228424,-125.4827392,-128.7370544,-131.9913696,-135.2456848,-138.5,-141.7543152,-145.0086304,-148.2629456,-151.5172608,-154.771576,-158.0258912,-161.2802064,-164.5345216
3060,57.84849906,12.53470919,5.03564728,-0.320825516,-3.534709193,-4.606003752,-11.03377111,-15.31894934,-19.60412758,-23.88930582,-28.17448405,-32.45966229,-36.74484053,-41.03001876,-44.2956848,-47.56135084,-50.82701689,-54.09268293,-57.35834897,-60.62401501,-63.88968105,-67.15534709,-70.42101313,-73.68667917,-76.95234522,-80.21801126,-83.4836773,-86.74934334,-90.01500938,-93.28067542,-96.54634146,-99.8120075,-103.0776735,-106.3433396,-109.6090056,-112.8746717,-116.1403377,-119.4060038,-122.6716698,-125.9373358,-129.2030019,-132.4686679,-135.734334,-139,-142.265666,-145.5313321,-148.7969981,-152.0626642,-155.3283302,-158.5939962,-161.8596623,-165.1253283
3070,58.04052533,12.56285178,5.037523452,-0.337711069,-3.562851782,-4.637898687,-11.08818011,-15.38836773,-19.68855535,-23.98874296,-28.28893058,-32.5891182,-36.88930582,-41.18949343,-44.46651032,-47.7435272,-51.02054409,-54.29756098,-57.57457786,-60.85159475,-64.12861163,-67.40562852,-70.6826454,-73.95966229,-77.23667917,-80.51369606,-83.79071295,-87.06772983,-90.34474672,-93.6217636,-96.89878049,-100.1757974,-103.4528143,-106.7298311,-110.006848,-113.2838649,-116.5608818,-119.8378987,-123.1149156,-126.3919325,-129.6689493,-132.9459662,-136.2229831,-139.5,-142.7770169,-146.0540338,-149.3310507,-152.6080675,-155.8850844,-159.1621013,-162.4391182,-165.7161351
3080,58.23255159,12.59099437,5.039399625,-0.354596623,-3.590994371,-4.669793621,-11.14258912,-15.45778612,-19.77298311,-24.08818011,-28.40337711,-32.71857411,-37.03377111,-41.34896811,-44.63733583,-47.92570356,-51.21407129,-54.50243902,-57.79080675,-61.07917448,-64.36754221,-67.65590994,-70.94427767,-74.2326454,-77.52101313,-80.80938086,-84.09774859,-87.38611632,-90.67448405,-93.96285178,-97.25121951,-100.5395872,-103.827955,-107.1163227,-110.4046904,-113.6930582,-116.9814259,-120.2697936,-123.5581614,-126.8465291,-130.1348968,-133.4232645,-136.7116323,-140,-143.2883677,-146.5767355,-149.8651032,-153.1534709,-156.4418386,-159.7302064,-163.0185741,-166.3069418
3090,58.42457786,12.61913696,5.041275797,-0.371482176,-3.619136961,-4.701688555,-11.19699812,-15.5272045,-19.85741088,-24.18761726,-28.51782364,-32.84803002,-37.1782364,-41.50844278,-44.80816135,-48.10787992,-51.4075985,-54.70731707,-58.00703565,-61.30675422,-64.6064728,-67.90619137,-71.20590994,-74.50562852,-77.80534709,-81.10506567,-84.40478424,-87.70450281,-91.00422139,-94.30393996,-97.60365854,-100.9033771,-104.2030957,-107.5028143,-110.8025328,-114.1022514,-117.40197,-120.7016886,-124.0014071,-127.3011257,-130.6008443,-133.9005629,-137.2002814,-140.5,-143.7997186,-147.0994371,-150.3991557,-153.6988743,-156.9985929,-160.2983114,-163.59803,-166.8977486
3100,58.61660413,12.64727955,5.04315197,-0.38836773,-3.64727955,-4.73358349,-11.25140713,-15.59662289,-19.94183865,-24.28705441,-28.63227017,-32.97748593,-37.32270169,-41.66791745,-44.97898687,-48.29005629,-51.6011257,-54.91219512,-58.22326454,-61.53433396,-64.84540338,-68.1564728,-71.46754221,-74.77861163,-78.08968105,-81.40075047,-84.71181989,-88.02288931,-91.33395872,-94.64502814,-97.95609756,-101.267167,-104.5782364,-107.8893058,-111.2003752,-114.5114447,-117.8225141,-121.1335835,-124.4446529,-127.7557223,-131.0667917,-134.3778612,-137.6889306,-141,-144.3110694,-147.6221388,-150.9332083,-154.2442777,-157.5553471,-160.8664165,-164.1774859,-167.4885553
3110,58.80863039,12.67542214,5.045028143,-0.405253283,-3.675422139,-4.765478424,-11.30581614,-15.66604128,-20.02626642,-24.38649156,-28.7467167,-33.10694184,-37.46716698,-41.82739212,-45.14981238,-48.47223265,-51.79465291,-55.11707317,-58.43949343,-61.7619137,-65.08433396,-68.40675422,-71.72917448,-75.05159475,-78.37401501,-81.69643527,-85.01885553,-88.3412758,-91.66369606,-94.98611632,-98.30853659,-101.6309568,-104.9533771,-108.2757974,-111.5982176,-114.9206379,-118.2430582,-121.5654784,-124.8878987,-128.2103189,-131.5327392,-134.8551595,-138.1775797,-141.5,-144.8224203,-148.1448405,-151.4672608,-154.7896811,-158.1121013,-161.4345216,-164.7569418,-168.0793621
3120,59.00065666,12.70356473,5.046904315,-0.422138837,-3.703564728,-4.797373358,-11.36022514,-15.73545966,-20.11069418,-24.48592871,-28.86116323,-33.23639775,-37.61163227,-41.98686679,-45.3206379,-48.65440901,-51.98818011,-55.32195122,-58.65572233,-61.98949343,-65.32326454,-68.65703565,-71.99080675,-75.32457786,-78.65834897,-81.99212008,-85.32589118,-88.65966229,-91.9934334,-95.3272045,-98.66097561,-101.9947467,-105.3285178,-108.6622889,-111.99606,-115.3298311,-118.6636023,-121.9973734,-125.3311445,-128.6649156,-131.9986867,-135.3324578,-138.6662289,-142,-145.3337711,-148.6675422,-152.0013133,-155.3350844,-158.6688555,-162.0026266,-165.3363977,-168.6701689
3130,59.19268293,12.73170732,5.048780488,-0.43902439,-3.731707317,-4.829268293,-11.41463415,-15.80487805,-20.19512195,-24.58536585,-28.97560976,-33.36585366,-37.75609756,-42.14634146,-45.49146341,-48.83658537,-52.18170732,-55.52682927,-58.87195122,-62.21707317,-65.56219512,-68.90731707,-72.25243902,-75.59756098,-78.94268293,-82.28780488,-85.63292683,-88.97804878,-92.32317073,-95.66829268,-99.01341463,-102.3585366,-105.7036585,-109.0487805,-112.3939024,-115.7390244,-119.0841463,-122.4292683,-125.7743902,-129.1195122,-132.4646341,-135.8097561,-139.154878,-142.5,-145.845122,-149.1902439,-152.5353659,-155.8804878,-159.2256098,-162.5707317,-165.9158537,-169.2609756
3140,59.38470919,12.75984991,5.05065666,-0.455909944,-3.759849906,-4.861163227,-11.46904315,-15.87429644,-20.27954972,-24.684803,-29.09005629,-33.49530957,-37.90056285,-42.30581614,-45.66228893,-49.01876173,-52.37523452,-55.73170732,-59.08818011,-62.44465291,-65.8011257,-69.1575985,-72.51407129,-75.87054409,-79.22701689,-82.58348968,-85.93996248,-89.29643527,-92.65290807,-96.00938086,-99.36585366,-102.7223265,-106.0787992,-109.435272,-112.7917448,-116.1482176,-119.5046904,-122.8611632,-126.217636,-129.5741088,-132.9305816,-136.2870544,-139.6435272,-143,-146.3564728,-149.7129456,-153.0694184,-156.4258912,-159.782364,-163.1388368,-166.4953096,-169.8517824
3150,59.57673546,12.7879925,5.052532833,-0.472795497,-3.787992495,-4.893058161,-11.52345216,-15.94371482,-20.36397749,-24.78424015,-29.20450281,-33.62476548,-38.04502814,-42.46529081,-45.83311445,-49.20093809,-52.56876173,-55.93658537,-59.30440901,-62.67223265,-66.04005629,-69.40787992,-72.77570356,-76.1435272,-79.51135084,-82.87917448,-86.24699812,-89.61482176,-92.9826454,-96.35046904,-99.71829268,-103.0861163,-106.45394,-109.8217636,-113.1895872,-116.5574109,-119.9252345,-123.2930582,-126.6608818,-130.0287054,-133.3965291,-136.7643527,-140.1321764,-143.5,-146.8678236,-150.2356473,-153.6034709,-156.9712946,-160.3391182,-163.7069418,-167.0747655,-170.4425891
3160,59.76876173,12.81613508,5.054409006,-0.489681051,-3.816135084,-4.924953096,-11.57786116,-16.01313321,-20.44840525,-24.8836773,-29.31894934,-33.75422139,-38.18949343,-42.62476548,-46.00393996,-49.38311445,-52.76228893,-56.14146341,-59.5206379,-62.89981238,-66.27898687,-69.65816135,-73.03733583,-76.41651032,-79.7956848,-83.17485929,-86.55403377,-89.93320826,-93.31238274,-96.69155722,-100.0707317,-103.4499062,-106.8290807,-110.2082552,-113.5874296,-116.9666041,-120.3457786,-123.7249531,-127.1041276,-130.4833021,-133.8624765,-137.241651,-140.6208255,-144,-147.3791745,-150.758349,-154.1375235,-157.5166979,-160.8958724,-164.2750469,-167.6542214,-171.0333959
3170,59.96078799,12.84427767,5.056285178,-0.506566604,-3.844277674,-4.95684803,-11.63227017,-16.08255159,-20.53283302,-24.98311445,-29.43339587,-33.8836773,-38.33395872,-42.78424015,-46.17476548,-49.56529081,-52.95581614,-56.34634146,-59.73686679,-63.12739212,-66.51791745,-69.90844278,-73.29896811,-76.68949343,-80.08001876,-83.47054409,-86.86106942,-90.25159475,-93.64212008,-97.0326454,-100.4231707,-103.8136961,-107.2042214,-110.5947467,-113.985272,-117.3757974,-120.7663227,-124.156848,-127.5473734,-130.9378987,-134.328424,-137.7189493,-141.1094747,-144.5,-147.8905253,-151.2810507,-154.671576,-158.0621013,-161.4526266,-164.843152,-168.2336773,-171.6242026
3180,60.15281426,12.87242026,5.058161351,-0.523452158,-3.872420263,-4.988742964,-11.68667917,-16.15196998,-20.61726079,-25.08255159,-29.5478424,-34.01313321,-38.47842402,-42.94371482,-46.34559099,-49.74746717,-53.14934334,-56.55121951,-59.95309568,-63.35497186,-66.75684803,-70.1587242,-73.56060038,-76.96247655,-80.36435272,-83.76622889,-87.16810507,-90.56998124,-93.97185741,-97.37373358,-100.7756098,-104.1774859,-107.5793621,-110.9812383,-114.3831144,-117.7849906,-121.1868668,-124.588743,-127.9906191,-131.3924953,-134.7943715,-138.1962477,-141.5981238,-145,-148.4018762,-151.8037523,-155.2056285,-158.6075047,-162.0093809,-165.411257,-168.8131332,-172.2150094
3190,60.34484053,12.90056285,5.060037523,-0.540337711,-3.900562852,-5.020637899,-11.74108818,-16.22138837,-20.70168856,-25.18198874,-29.66228893,-34.14258912,-38.62288931,-43.10318949,-46.51641651,-49.92964353,-53.34287054,-56.75609756,-60.16932458,-63.58255159,-66.99577861,-70.40900563,-73.82223265,-77.23545966,-80.64868668,-84.0619137,-87.47514071,-90.88836773,-94.30159475,-97.71482176,-101.1280488,-104.5412758,-107.9545028,-111.3677298,-114.7809568,-118.1941839,-121.6074109,-125.0206379,-128.4338649,-131.8470919,-135.2603189,-138.673546,-142.086773,-145.5,-148.913227,-152.326454,-155.7396811,-159.1529081,-162.5661351,-165.9793621,-169.3925891,-172.8058161
3200,60.53686679,12.92870544,5.061913696,-0.557223265,-3.928705441,-5.052532833,-11.79549719,-16.29080675,-20.78611632,-25.28142589,-29.77673546,-34.27204503,-38.7673546,-43.26266417,-46.68724203,-50.11181989,-53.53639775,-56.96097561,-60.38555347,-63.81013133,-67.23470919,-70.65928705,-74.08386492,-77.50844278,-80.93302064,-84.3575985,-87.78217636,-91.20675422,-94.63133208,-98.05590994,-101.4804878,-104.9050657,-108.3296435,-111.7542214,-115.1787992,-118.6033771,-122.027955,-125.4525328,-128.8771107,-132.3016886,-135.7262664,-139.1508443,-142.5754221,-146,-149.4245779,-152.8491557,-156.2737336,-159.6983114,-163.1228893,-166.5474672,-169.972045,-173.3966229
3210,60.72889306,12.95684803,5.063789869,-0.574108818,-3.95684803,-5.084427767,-11.84990619,-16.36022514,-20.87054409,-25.38086304,-29.89118199,-34.40150094,-38.91181989,-43.42213884,-46.85806754,-50.29399625,-53.72992495,-57.16585366,-60.60178236,-64.03771107,-67.47363977,-70.90956848,-74.34549719,-77.78142589,-81.2173546,-84.6532833,-88.08921201,-91.52514071,-94.96106942,-98.39699812,-101.8329268,-105.2688555,-108.7047842,-112.1407129,-115.5766417,-119.0125704,-122.4484991,-125.8844278,-129.3203565,-132.7562852,-136.1922139,-139.6281426,-143.0640713,-146.5,-149.9359287,-153.3718574,-156.8077861,-160.2437148,-163.6796435,-167.1155722,-170.5515009,-173.9874296
3220,60.92091932,12.98499062,5.065666041,-0.590994371,-3.984990619,-5.116322702,-11.9043152,-16.42964353,-20.95497186,-25.48030019,-30.00562852,-34.53095685,-39.05628518,-43.58161351,-47.02889306,-50.47617261,-53.92345216,-57.37073171,-60.81801126,-64.26529081,-67.71257036,-71.15984991,-74.60712946,-78.05440901,-81.50168856,-84.94896811,-88.39624765,-91.8435272,-95.29080675,-98.7380863,-102.1853659,-105.6326454,-109.079925,-112.5272045,-115.9744841,-119.4217636,-122.8690432,-126.3163227,-129.7636023,-133.2108818,-136.6581614,-140.1054409,-143.5527205,-147,-150.4472795,-153.8945591,-157.3418386,-160.7891182,-164.2363977,-167.6836773,-171.1309568,-174.5782364
3230,61.11294559,13.01313321,5.067542214,-0.607879925,-4.013133208,-5.148217636,-11.9587242,-16.49906191,-21.03939962,-25.57973734,-30.12007505,-34.66041276,-39.20075047,-43.74108818,-47.19971857,-50.65834897,-54.11697936,-57.57560976,-61.03424015,-64.49287054,-67.95150094,-71.41013133,-74.86876173,-78.32739212,-81.78602251,-85.24465291,-88.7032833,-92.1619137,-95.62054409,-99.07917448,-102.5378049,-105.9964353,-109.4550657,-112.9136961,-116.3723265,-119.8309568,-123.2895872,-126.7482176,-130.206848,-133.6654784,-137.1241088,-140.5827392,-144.0413696,-147.5,-150.9586304,-154.4172608,-157.8758912,-161.3345216,-164.793152,-168.2517824,-171.7104128,-175.1690432
3240,61.30497186,13.0412758,5.069418386,-0.624765478,-4.041275797,-5.18011257,-12.01313321,-16.5684803,-21.12382739,-25.67917448,-30.23452158,-34.78986867,-39.34521576,-43.90056285,-47.37054409,-50.84052533,-54.31050657,-57.7804878,-61.25046904,-64.72045028,-68.19043152,-71.66041276,-75.130394,-78.60037523,-82.07035647,-85.54033771,-89.01031895,-92.48030019,-95.95028143,-99.42026266,-102.8902439,-106.3602251,-109.8302064,-113.3001876,-116.7701689,-120.2401501,-123.7101313,-127.1801126,-130.6500938,-134.120075,-137.5900563,-141.0600375,-144.5300188,-148,-151.4699812,-154.9399625,-158.4099437,-161.879925,-165.3499062,-168.8198874,-172.2898687,-175.7598499
3250,61.49699812,13.06941839,5.071294559,-0.641651032,-4.069418386,-5.212007505,-12.06754221,-16.63789869,-21.20825516,-25.77861163,-30.34896811,-34.91932458,-39.48968105,-44.06003752,-47.54136961,-51.02270169,-54.50403377,-57.98536585,-61.46669794,-64.94803002,-68.4293621,-71.91069418,-75.39202627,-78.87335835,-82.35469043,-85.83602251,-89.3173546,-92.79868668,-96.28001876,-99.76135084,-103.2426829,-106.724015,-110.2053471,-113.6866792,-117.1680113,-120.6493433,-124.1306754,-127.6120075,-131.0933396,-134.5746717,-138.0560038,-141.5373358,-145.0186679,-148.5,-151.9813321,-155.4626642,-158.9439962,-162.4253283,-165.9066604,-169.3879925,-172.8693246,-176.3506567
3260,61.68902439,13.09756098,5.073170732,-0.658536585,-4.097560976,-5.243902439,-12.12195122,-16.70731707,-21.29268293,-25.87804878,-30.46341463,-35.04878049,-39.63414634,-44.2195122,-47.71219512,-51.20487805,-54.69756098,-58.1902439,-61.68292683,-65.17560976,-68.66829268,-72.16097561,-75.65365854,-79.14634146,-82.63902439,-86.13170732,-89.62439024,-93.11707317,-96.6097561,-100.102439,-103.595122,-107.0878049,-110.5804878,-114.0731707,-117.5658537,-121.0585366,-124.5512195,-128.0439024,-131.5365854,-135.0292683,-138.5219512,-142.0146341,-145.5073171,-149,-152.4926829,-155.9853659,-159.4780488,-162.9707317,-166.4634146,-169.9560976,-173.4487805,-176.9414634
3270,61.88105066,13.12570356,5.075046904,-0.675422139,-4.125703565,-5.275797373,-12.17636023,-16.77673546,-21.37711069,-25.97748593,-30.57786116,-35.1782364,-39.77861163,-44.37898687,-47.88302064,-51.38705441,-54.89108818,-58.39512195,-61.89915572,-65.40318949,-68.90722326,-72.41125704,-75.91529081,-79.41932458,-82.92335835,-86.42739212,-89.93142589,-93.43545966,-96.93949343,-100.4435272,-103.947561,-107.4515947,-110.9556285,-114.4596623,-117.9636961,-121.4677298,-124.9717636,-128.4757974,-131.9798311,-135.4838649,-138.9878987,-142.4919325,-145.9959662,-149.5,-153.0040338,-156.5080675,-160.0121013,-163.5161351,-167.0201689,-170.5242026,-174.0282364,-177.5322702
3280,62.07307692,13.15384615,5.076923077,-0.692307692,-4.153846154,-5.307692308,-12.23076923,-16.84615385,-21.46153846,-26.07692308,-30.69230769,-35.30769231,-39.92307692,-44.53846154,-48.05384615,-51.56923077,-55.08461538,-58.6,-62.11538462,-65.63076923,-69.14615385,-72.66153846,-76.17692308,-79.69230769,-83.20769231,-86.72307692,-90.23846154,-93.75384615,-97.26923077,-100.7846154,-104.3,-107.8153846,-111.3307692,-114.8461538,-118.3615385,-121.8769231,-125.3923077,-128.9076923,-132.4230769,-135.9384615,-139.4538462,-142.9692308,-146.4846154,-150,-153.5153846,-157.0307692,-160.5461538,-164.0615385,-167.5769231,-171.0923077,-174.6076923,-178.1230769
3290,62.26510319,13.18198874,5.07879925,-0.709193246,-4.181988743,-5.339587242,-12.28517824,-16.91557223,-21.54596623,-26.17636023,-30.80675422,-35.43714822,-40.06754221,-44.69793621,-48.22467167,-51.75140713,-55.27814259,-58.80487805,-62.33161351,-65.85834897,-69.38508443,-72.91181989,-76.43855535,-79.96529081,-83.49202627,-87.01876173,-90.54549719,-94.07223265,-97.59896811,-101.1257036,-104.652439,-108.1791745,-111.7059099,-115.2326454,-118.7593809,-122.2861163,-125.8128518,-129.3395872,-132.8663227,-136.3930582,-139.9197936,-143.4465291,-146.9732645,-150.5,-154.0267355,-157.5534709,-161.0802064,-164.6069418,-168.1336773,-171.6604128,-175.1871482,-178.7138837
3300,62.45712946,13.21013133,5.080675422,-0.726078799,-4.210131332,-5.371482176,-12.33958724,-16.98499062,-21.630394,-26.27579737,-30.92120075,-35.56660413,-40.2120075,-44.85741088,-48.39549719,-51.93358349,-55.47166979,-59.0097561,-62.5478424,-66.08592871,-69.62401501,-73.16210131,-76.70018762,-80.23827392,-83.77636023,-87.31444653,-90.85253283,-94.39061914,-97.92870544,-101.4667917,-105.004878,-108.5429644,-112.0810507,-115.619137,-119.1572233,-122.6953096,-126.2333959,-129.7714822,-133.3095685,-136.8476548,-140.3857411,-143.9238274,-147.4619137,-151,-154.5380863,-158.0761726,-161.6142589,-165.1523452,-168.6904315,-172.2285178,-175.7666041,-179.3046904
3310,62.64915572,13.23827392,5.082551595,-0.742964353,-4.238273921,-5.403377111,-12.39399625,-17.05440901,-21.71482176,-26.37523452,-31.03564728,-35.69606004,-40.3564728,-45.01688555,-48.5663227,-52.11575985,-55.665197,-59.21463415,-62.76407129,-66.31350844,-69.86294559,-73.41238274,-76.96181989,-80.51125704,-84.06069418,-87.61013133,-91.15956848,-94.70900563,-98.25844278,-101.8078799,-105.3573171,-108.9067542,-112.4561914,-116.0056285,-119.5550657,-123.1045028,-126.65394,-130.2033771,-133.7528143,-137.3022514,-140.8516886,-144.4011257,-147.9505629,-151.5,-155.0494371,-158.5988743,-162.1483114,-165.6977486,-169.2471857,-172.7966229,-176.34606,-179.8954972
3320,62.84118199,13.26641651,5.084427767,-0.759849906,-4.26641651,-5.435272045,-12.44840525,-17.12382739,-21.79924953,-26.47467167,-31.15009381,-35.82551595,-40.50093809,-45.17636023,-48.73714822,-52.29793621,-55.8587242,-59.4195122,-62.98030019,-66.54108818,-70.10187617,-73.66266417,-77.22345216,-80.78424015,-84.34502814,-87.90581614,-91.46660413,-95.02739212,-98.58818011,-102.1489681,-105.7097561,-109.2705441,-112.8313321,-116.3921201,-119.9529081,-123.5136961,-127.0744841,-130.635272,-134.19606,-137.756848,-141.317636,-144.878424,-148.439212,-152,-155.560788,-159.121576,-162.682364,-166.243152,-169.80394,-173.364728,-176.9255159,-180.4863039
3330,63.03320826,13.2945591,5.08630394,-0.77673546,-4.294559099,-5.467166979,-12.50281426,-17.19324578,-21.8836773,-26.57410882,-31.26454034,-35.95497186,-40.64540338,-45.3358349,-48.90797373,-52.48011257,-56.05225141,-59.62439024,-63.19652908,-66.76866792,-70.34080675,-73.91294559,-77.48508443,-81.05722326,-84.6293621,-88.20150094,-91.77363977,-95.34577861,-98.91791745,-102.4900563,-106.0621951,-109.634334,-113.2064728,-116.7786116,-120.3507505,-123.9228893,-127.4950281,-131.067167,-134.6393058,-138.2114447,-141.7835835,-145.3557223,-148.9278612,-152.5,-156.0721388,-159.6442777,-163.2164165,-166.7885553,-170.3606942,-173.932833,-177.5049719,-181.0771107
3340,63.22523452,13.32270169,5.088180113,-0.793621013,-4.322701689,-5.499061914,-12.55722326,-17.26266417,-21.96810507,-26.67354597,-31.37898687,-36.08442777,-40.78986867,-45.49530957,-49.07879925,-52.66228893,-56.24577861,-59.82926829,-63.41275797,-66.99624765,-70.57973734,-74.16322702,-77.7467167,-81.33020638,-84.91369606,-88.49718574,-92.08067542,-95.6641651,-99.24765478,-102.8311445,-106.4146341,-109.9981238,-113.5816135,-117.1651032,-120.7485929,-124.3320826,-127.9155722,-131.4990619,-135.0825516,-138.6660413,-142.249531,-145.8330206,-149.4165103,-153,-156.5834897,-160.1669794,-163.750469,-167.3339587,-170.9174484,-174.5009381,-178.0844278,-181.6679174
3350,63.41726079,13.35084428,5.090056285,-0.810506567,-4.350844278,-5.530956848,-12.61163227,-17.33208255,-22.05253283,-26.77298311,-31.4934334,-36.21388368,-40.93433396,-45.65478424,-49.24962477,-52.84446529,-56.43930582,-60.03414634,-63.62898687,-67.22382739,-70.81866792,-74.41350844,-78.00834897,-81.60318949,-85.19803002,-88.79287054,-92.38771107,-95.98255159,-99.57739212,-103.1722326,-106.7670732,-110.3619137,-113.9567542,-117.5515947,-121.1464353,-124.7412758,-128.3361163,-131.9309568,-135.5257974,-139.1206379,-142.7154784,-146.3103189,-149.9051595,-153.5,-157.0948405,-160.6896811,-164.2845216,-167.8793621,-171.4742026,-175.0690432,-178.6638837,-182.2587242
3360,63.60928705,13.37898687,5.091932458,-0.82739212,-4.378986867,-5.562851782,-12.66604128,-17.40150094,-22.1369606,-26.87242026,-31.60787992,-36.34333959,-41.07879925,-45.81425891,-49.42045028,-53.02664165,-56.63283302,-60.23902439,-63.84521576,-67.45140713,-71.0575985,-74.66378987,-78.26998124,-81.87617261,-85.48236398,-89.08855535,-92.69474672,-96.30093809,-99.90712946,-103.5133208,-107.1195122,-110.7257036,-114.3318949,-117.9380863,-121.5442777,-125.150469,-128.7566604,-132.3628518,-135.9690432,-139.5752345,-143.1814259,-146.7876173,-150.3938086,-154,-157.6061914,-161.2123827,-164.8185741,-168.4247655,-172.0309568,-175.6371482,-179.2433396,-182.849531
3370,63.80131332,13.40712946,5.09380863,-0.844277674,-4.407129456,-5.594746717,-12.72045028,-17.47091932,-22.22138837,-26.97185741,-31.72232645,-36.4727955,-41.22326454,-45.97373358,-49.5912758,-53.20881801,-56.82636023,-60.44390244,-64.06144465,-67.67898687,-71.29652908,-74.91407129,-78.53161351,-82.14915572,-85.76669794,-89.38424015,-93.00178236,-96.61932458,-100.2368668,-103.854409,-107.4719512,-111.0894934,-114.7070356,-118.3245779,-121.9421201,-125.5596623,-129.1772045,-132.7947467,-136.4122889,-140.0298311,-143.6473734,-147.2649156,-150.8824578,-154.5,-158.1175422,-161.7350844,-165.3526266,-168.9701689,-172.5877111,-176.2052533,-179.8227955,-183.4403377
3380,63.99333959,13.43527205,5.095684803,-0.861163227,-4.435272045,-5.626641651,-12.77485929,-17.54033771,-22.30581614,-27.07129456,-31.83677298,-36.60225141,-41.36772983,-46.13320826,-49.76210131,-53.39099437,-57.01988743,-60.64878049,-64.27767355,-67.9065666,-71.53545966,-75.16435272,-78.79324578,-82.42213884,-86.05103189,-89.67992495,-93.30881801,-96.93771107,-100.5666041,-104.1954972,-107.8243902,-111.4532833,-115.0821764,-118.7110694,-122.3399625,-125.9688555,-129.5977486,-133.2266417,-136.8555347,-140.4844278,-144.1133208,-147.7422139,-151.3711069,-155,-158.6288931,-162.2577861,-165.8866792,-169.5155722,-173.1444653,-176.7733583,-180.4022514,-184.0311445
3390,64.18536585,13.46341463,5.097560976,-0.87804878,-4.463414634,-5.658536585,-12.82926829,-17.6097561,-22.3902439,-27.17073171,-31.95121951,-36.73170732,-41.51219512,-46.29268293,-49.93292683,-53.57317073,-57.21341463,-60.85365854,-64.49390244,-68.13414634,-71.77439024,-75.41463415,-79.05487805,-82.69512195,-86.33536585,-89.97560976,-93.61585366,-97.25609756,-100.8963415,-104.5365854,-108.1768293,-111.8170732,-115.4573171,-119.097561,-122.7378049,-126.3780488,-130.0182927,-133.6585366,-137.2987805,-140.9390244,-144.5792683,-148.2195122,-151.8597561,-155.5,-159.1402439,-162.7804878,-166.4207317,-170.0609756,-173.7012195,-177.3414634,-180.9817073,-184.6219512
3400,64.37739212,13.49155722,5.099437148,-0.894934334,-4.491557223,-5.69043152,-12.8836773,-17.67917448,-22.47467167,-27.27016886,-32.06566604,-36.86116323,-41.65666041,-46.4521576,-50.10375235,-53.75534709,-57.40694184,-61.05853659,-64.71013133,-68.36172608,-72.01332083,-75.66491557,-79.31651032,-82.96810507,-86.61969981,-90.27129456,-93.92288931,-97.57448405,-101.2260788,-104.8776735,-108.5292683,-112.180863,-115.8324578,-119.4840525,-123.1356473,-126.787242,-130.4388368,-134.0904315,-137.7420263,-141.393621,-145.0452158,-148.6968105,-152.3484053,-156,-159.6515947,-163.3031895,-166.9547842,-170.606379,-174.2579737,-177.9095685,-181.5611632,-185.212758
3410,64.56941839,13.51969981,5.101313321,-0.911819887,-4.519699812,-5.722326454,-12.9380863,-17.74859287,-22.55909944,-27.369606,-32.18011257,-36.99061914,-41.8011257,-46.61163227,-50.27457786,-53.93752345,-57.60046904,-61.26341463,-64.92636023,-68.58930582,-72.25225141,-75.915197,-79.57814259,-83.24108818,-86.90403377,-90.56697936,-94.22992495,-97.89287054,-101.5558161,-105.2187617,-108.8817073,-112.5446529,-116.2075985,-119.8705441,-123.5334897,-127.1964353,-130.8593809,-134.5223265,-138.185272,-141.8482176,-145.5111632,-149.1741088,-152.8370544,-156.5,-160.1629456,-163.8258912,-167.4888368,-171.1517824,-174.814728,-178.4776735,-182.1406191,-185.8035647
3420,64.76144465,13.5478424,5.103189493,-0.928705441,-4.547842402,-5.754221388,-12.99249531,-17.81801126,-22.6435272,-27.46904315,-32.2945591,-37.12007505,-41.94559099,-46.77110694,-50.44540338,-54.11969981,-57.79399625,-61.46829268,-65.14258912,-68.81688555,-72.49118199,-76.16547842,-79.83977486,-83.51407129,-87.18836773,-90.86266417,-94.5369606,-98.21125704,-101.8855535,-105.5598499,-109.2341463,-112.9084428,-116.5827392,-120.2570356,-123.9313321,-127.6056285,-131.279925,-134.9542214,-138.6285178,-142.3028143,-145.9771107,-149.6514071,-153.3257036,-157,-160.6742964,-164.3485929,-168.0228893,-171.6971857,-175.3714822,-179.0457786,-182.720075,-186.3943715
3430,64.95347092,13.57598499,5.105065666,-0.945590994,-4.575984991,-5.786116323,-13.04690432,-17.88742964,-22.72795497,-27.5684803,-32.40900563,-37.24953096,-42.09005629,-46.93058161,-50.61622889,-54.30187617,-57.98752345,-61.67317073,-65.35881801,-69.04446529,-72.73011257,-76.41575985,-80.10140713,-83.78705441,-87.47270169,-91.15834897,-94.84399625,-98.52964353,-102.2152908,-105.9009381,-109.5865854,-113.2722326,-116.9578799,-120.6435272,-124.3291745,-128.0148218,-131.700469,-135.3861163,-139.0717636,-142.7574109,-146.4430582,-150.1287054,-153.8143527,-157.5,-161.1856473,-164.8712946,-168.5569418,-172.2425891,-175.9282364,-179.6138837,-183.299531,-186.9851782
3440,65.14549719,13.60412758,5.106941839,-0.962476548,-4.60412758,-5.818011257,-13.10131332,-17.95684803,-22.81238274,-27.66791745,-32.52345216,-37.37898687,-42.23452158,-47.09005629,-50.78705441,-54.48405253,-58.18105066,-61.87804878,-65.5750469,-69.27204503,-72.96904315,-76.66604128,-80.3630394,-84.06003752,-87.75703565,-91.45403377,-95.15103189,-98.84803002,-102.5450281,-106.2420263,-109.9390244,-113.6360225,-117.3330206,-121.0300188,-124.7270169,-128.424015,-132.1210131,-135.8180113,-139.5150094,-143.2120075,-146.9090056,-150.6060038,-154.3030019,-158,-161.6969981,-165.3939962,-169.0909944,-172.7879925,-176.4849906,-180.1819887,-183.8789869,-187.575985
3450,65.33752345,13.63227017,5.108818011,-0.979362101,-4.632270169,-5.849906191,-13.15572233,-18.02626642,-22.89681051,-27.7673546,-32.63789869,-37.50844278,-42.37898687,-47.24953096,-50.95787992,-54.66622889,-58.37457786,-62.08292683,-65.7912758,-69.49962477,-73.20797373,-76.9163227,-80.62467167,-84.33302064,-88.04136961,-91.74971857,-95.45806754,-99.16641651,-102.8747655,-106.5831144,-110.2914634,-113.9998124,-117.7081614,-121.4165103,-125.1248593,-128.8332083,-132.5415572,-136.2499062,-139.9582552,-143.6666041,-147.3749531,-151.0833021,-154.791651,-158.5,-162.208349,-165.9166979,-169.6250469,-173.3333959,-177.0417448,-180.7500938,-184.4584428,-188.1667917
3460,65.52954972,13.66041276,5.110694184,-0.996247655,-4.660412758,-5.881801126,-13.21013133,-18.0956848,-22.98123827,-27.86679174,-32.75234522,-37.63789869,-42.52345216,-47.40900563,-51.12870544,-54.84840525,-58.56810507,-62.28780488,-66.00750469,-69.7272045,-73.44690432,-77.16660413,-80.88630394,-84.60600375,-88.32570356,-92.04540338,-95.76510319,-99.484803,-103.2045028,-106.9242026,-110.6439024,-114.3636023,-118.0833021,-121.8030019,-125.5227017,-129.2424015,-132.9621013,-136.6818011,-140.4015009,-144.1212008,-147.8409006,-151.5606004,-155.2803002,-159,-162.7196998,-166.4393996,-170.1590994,-173.8787992,-177.5984991,-181.3181989,-185.0378987,-188.7575985
3470,65.72157598,13.68855535,5.112570356,-1.013133208,-4.688555347,-5.91369606,-13.26454034,-18.16510319,-23.06566604,-27.96622889,-32.86679174,-37.7673546,-42.66791745,-47.5684803,-51.29953096,-55.03058161,-58.76163227,-62.49268293,-66.22373358,-69.95478424,-73.6858349,-77.41688555,-81.14793621,-84.87898687,-88.61003752,-92.34108818,-96.07213884,-99.80318949,-103.5342402,-107.2652908,-110.9963415,-114.7273921,-118.4584428,-122.1894934,-125.9205441,-129.6515947,-133.3826454,-137.1136961,-140.8447467,-144.5757974,-148.306848,-152.0378987,-155.7689493,-159.5,-163.2310507,-166.9621013,-170.693152,-174.4242026,-178.1552533,-181.8863039,-185.6173546,-189.3484053
3480,65.91360225,13.71669794,5.114446529,-1.030018762,-4.716697936,-5.945590994,-13.31894934,-18.23452158,-23.15009381,-28.06566604,-32.98123827,-37.89681051,-42.81238274,-47.72795497,-51.47035647,-55.21275797,-58.95515947,-62.69756098,-66.43996248,-70.18236398,-73.92476548,-77.66716698,-81.40956848,-85.15196998,-88.89437148,-92.63677298,-96.37917448,-100.121576,-103.8639775,-107.606379,-111.3487805,-115.091182,-118.8335835,-122.575985,-126.3183865,-130.060788,-133.8031895,-137.545591,-141.2879925,-145.030394,-148.7727955,-152.515197,-156.2575985,-160,-163.7424015,-167.484803,-171.2272045,-174.969606,-178.7120075,-182.454409,-186.1968105,-189.939212
3490,66.10562852,13.74484053,5.116322702,-1.046904315,-4.744840525,-5.977485929,-13.37335835,-18.30393996,-23.23452158,-28.16510319,-33.0956848,-38.02626642,-42.95684803,-47.88742964,-51.64118199,-55.39493433,-59.14868668,-62.90243902,-66.65619137,-70.40994371,-74.16369606,-77.91744841,-81.67120075,-85.4249531,-89.17870544,-92.93245779,-96.68621013,-100.4399625,-104.1937148,-107.9474672,-111.7012195,-115.4549719,-119.2087242,-122.9624765,-126.7162289,-130.4699812,-134.2237336,-137.9774859,-141.7312383,-145.4849906,-149.238743,-152.9924953,-156.7462477,-160.5,-164.2537523,-168.0075047,-171.761257,-175.5150094,-179.2687617,-183.0225141,-186.7762664,-190.5300188
3500,66.29765478,13.77298311,5.118198874,-1.063789869,-4.772983114,-6.009380863,-13.42776735,-18.37335835,-23.31894934,-28.26454034,-33.21013133,-38.15572233,-43.10131332,-48.04690432,-51.8120075,-55.57711069,-59.34221388,-63.10731707,-66.87242026,-70.63752345,-74.40262664,-78.16772983,-81.93283302,-85.69793621,-89.4630394,-93.22814259,-96.99324578,-100.758349,-104.5234522,-108.2885553,-112.0536585,-115.8187617,-119.5838649,-123.3489681,-127.1140713,-130.8791745,-134.6442777,-138.4093809,-142.1744841,-145.9395872,-149.7046904,-153.4697936,-157.2348968,-161,-164.7651032,-168.5302064,-172.2953096,-176.0604128,-179.8255159,-183.5906191,-187.3557223,-191.1208255
3510,66.48968105,13.8011257,5.120075047,-1.080675422,-4.801125704,-6.041275797,-13.48217636,-18.44277674,-23.40337711,-28.36397749,-33.32457786,-38.28517824,-43.24577861,-48.20637899,-51.98283302,-55.75928705,-59.53574109,-63.31219512,-67.08864916,-70.86510319,-74.64155722,-78.41801126,-82.19446529,-85.97091932,-89.74737336,-93.52382739,-97.30028143,-101.0767355,-104.8531895,-108.6296435,-112.4060976,-116.1825516,-119.9590056,-123.7354597,-127.5119137,-131.2883677,-135.0648218,-138.8412758,-142.6177298,-146.3941839,-150.1706379,-153.9470919,-157.723546,-161.5,-165.276454,-169.0529081,-172.8293621,-176.6058161,-180.3822702,-184.1587242,-187.9351782,-191.7116323
3520,66.68170732,13.82926829,5.12195122,-1.097560976,-4.829268293,-6.073170732,-13.53658537,-18.51219512,-23.48780488,-28.46341463,-33.43902439,-38.41463415,-43.3902439,-48.36585366,-52.15365854,-55.94146341,-59.72926829,-63.51707317,-67.30487805,-71.09268293,-74.8804878,-78.66829268,-82.45609756,-86.24390244,-90.03170732,-93.8195122,-97.60731707,-101.395122,-105.1829268,-108.9707317,-112.7585366,-116.5463415,-120.3341463,-124.1219512,-127.9097561,-131.697561,-135.4853659,-139.2731707,-143.0609756,-146.8487805,-150.6365854,-154.4243902,-158.2121951,-162,-165.7878049,-169.5756098,-173.3634146,-177.1512195,-180.9390244,-184.7268293,-188.5146341,-192.302439
3530,66.87373358,13.85741088,5.123827392,-1.114446529,-4.857410882,-6.105065666,-13.59099437,-18.58161351,-23.57223265,-28.56285178,-33.55347092,-38.54409006,-43.53470919,-48.52532833,-52.32448405,-56.12363977,-59.9227955,-63.72195122,-67.52110694,-71.32026266,-75.11941839,-78.91857411,-82.71772983,-86.51688555,-90.31604128,-94.115197,-97.91435272,-101.7135084,-105.5126642,-109.3118199,-113.1109756,-116.9101313,-120.7092871,-124.5084428,-128.3075985,-132.1067542,-135.9059099,-139.7050657,-143.5042214,-147.3033771,-151.1025328,-154.9016886,-158.7008443,-162.5,-166.2991557,-170.0983114,-173.8974672,-177.6966229,-181.4957786,-185.2949343,-189.0940901,-192.8932458
3540,67.06575985,13.88555347,5.125703565,-1.131332083,-4.885553471,-6.1369606,-13.64540338,-18.65103189,-23.65666041,-28.66228893,-33.66791745,-38.67354597,-43.67917448,-48.684803,-52.49530957,-56.30581614,-60.1163227,-63.92682927,-67.73733583,-71.5478424,-75.35834897,-79.16885553,-82.9793621,-86.78986867,-90.60037523,-94.4108818,-98.22138837,-102.0318949,-105.8424015,-109.6529081,-113.4634146,-117.2739212,-121.0844278,-124.8949343,-128.7054409,-132.5159475,-136.326454,-140.1369606,-143.9474672,-147.7579737,-151.5684803,-155.3789869,-159.1894934,-163,-166.8105066,-170.6210131,-174.4315197,-178.2420263,-182.0525328,-185.8630394,-189.673546,-193.4840525
3550,67.25778612,13.91369606,5.127579737,-1.148217636,-4.91369606,-6.168855535,-13.69981238,-18.72045028,-23.74108818,-28.76172608,-33.78236398,-38.80300188,-43.82363977,-48.84427767,-52.66613508,-56.4879925,-60.30984991,-64.13170732,-67.95356473,-71.77542214,-75.59727955,-79.41913696,-83.24099437,-87.06285178,-90.88470919,-94.7065666,-98.52842402,-102.3502814,-106.1721388,-109.9939962,-113.8158537,-117.6377111,-121.4595685,-125.2814259,-129.1032833,-132.9251407,-136.7469981,-140.5688555,-144.3907129,-148.2125704,-152.0344278,-155.8562852,-159.6781426,-163.5,-167.3218574,-171.1437148,-174.9655722,-178.7874296,-182.6092871,-186.4311445,-190.2530019,-194.0748593
3560,67.44981238,13.94183865,5.12945591,-1.165103189,-4.941838649,-6.200750469,-13.75422139,-18.78986867,-23.82551595,-28.86116323,-33.89681051,-38.93245779,-43.96810507,-49.00375235,-52.8369606,-56.67016886,-60.50337711,-64.33658537,-68.16979362,-72.00300188,-75.83621013,-79.66941839,-83.50262664,-87.3358349,-91.16904315,-95.00225141,-98.83545966,-102.6686679,-106.5018762,-110.3350844,-114.1682927,-118.0015009,-121.8347092,-125.6679174,-129.5011257,-133.334334,-137.1675422,-141.0007505,-144.8339587,-148.667167,-152.5003752,-156.3335835,-160.1667917,-164,-167.8332083,-171.6664165,-175.4996248,-179.332833,-183.1660413,-186.9992495,-190.8324578,-194.665666
3570,67.64183865,13.96998124,5.131332083,-1.181988743,-4.969981238,-6.232645403,-13.80863039,-18.85928705,-23.90994371,-28.96060038,-34.01125704,-39.0619137,-44.11257036,-49.16322702,-53.00778612,-56.85234522,-60.69690432,-64.54146341,-68.38602251,-72.23058161,-76.07514071,-79.91969981,-83.76425891,-87.60881801,-91.45337711,-95.29793621,-99.14249531,-102.9870544,-106.8316135,-110.6761726,-114.5207317,-118.3652908,-122.2098499,-126.054409,-129.8989681,-133.7435272,-137.5880863,-141.4326454,-145.2772045,-149.1217636,-152.9663227,-156.8108818,-160.6554409,-164.5,-168.3445591,-172.1891182,-176.0336773,-179.8782364,-183.7227955,-187.5673546,-191.4119137,-195.2564728
3580,67.83386492,13.99812383,5.133208255,-1.198874296,-4.998123827,-6.264540338,-13.8630394,-18.92870544,-23.99437148,-29.06003752,-34.12570356,-39.19136961,-44.25703565,-49.32270169,-53.17861163,-57.03452158,-60.89043152,-64.74634146,-68.60225141,-72.45816135,-76.31407129,-80.16998124,-84.02589118,-87.88180113,-91.73771107,-95.59362101,-99.44953096,-103.3054409,-107.1613508,-111.0172608,-114.8731707,-118.7290807,-122.5849906,-126.4409006,-130.2968105,-134.1527205,-138.0086304,-141.8645403,-145.7204503,-149.5763602,-153.4322702,-157.2881801,-161.1440901,-165,-168.8559099,-172.7118199,-176.5677298,-180.4236398,-184.2795497,-188.1354597,-191.9913696,-195.8472795
3590,68.02589118,14.02626642,5.135084428,-1.21575985,-5.026266417,-6.296435272,-13.91744841,-18.99812383,-24.07879925,-29.15947467,-34.24015009,-39.32082552,-44.40150094,-49.48217636,-53.34943715,-57.21669794,-61.08395872,-64.95121951,-68.8184803,-72.68574109,-76.55300188,-80.42026266,-84.28752345,-88.15478424,-92.02204503,-95.88930582,-99.7565666,-103.6238274,-107.4910882,-111.358349,-115.2256098,-119.0928705,-122.9601313,-126.8273921,-130.6946529,-134.5619137,-138.4291745,-142.2964353,-146.1636961,-150.0309568,-153.8982176,-157.7654784,-161.6327392,-165.5,-169.3672608,-173.2345216,-177.1017824,-180.9690432,-184.8363039,-188.7035647,-192.5708255,-196.4380863
3600,68.21791745,14.05440901,5.1369606,-1.232645403,-5.054409006,-6.328330206,-13.97185741,-19.06754221,-24.16322702,-29.25891182,-34.35459662,-39.45028143,-44.54596623,-49.64165103,-53.52026266,-57.3988743,-61.27748593,-65.15609756,-69.03470919,-72.91332083,-76.79193246,-80.67054409,-84.54915572,-88.42776735,-92.30637899,-96.18499062,-100.0636023,-103.9422139,-107.8208255,-111.6994371,-115.5780488,-119.4566604,-123.335272,-127.2138837,-131.0924953,-134.9711069,-138.8497186,-142.7283302,-146.6069418,-150.4855535,-154.3641651,-158.2427767,-162.1213884,-166,-169.8786116,-173.7572233,-177.6358349,-181.5144465,-185.3930582,-189.2716698,-193.1502814,-197.0288931
3610,68.40994371,14.08255159,5.138836773,-1.249530957,-5.082551595,-6.360225141,-14.02626642,-19.1369606,-24.24765478,-29.35834897,-34.46904315,-39.57973734,-44.69043152,-49.8011257,-53.69108818,-57.58105066,-61.47101313,-65.36097561,-69.25093809,-73.14090056,-77.03086304,-80.92082552,-84.81078799,-88.70075047,-92.59071295,-96.48067542,-100.3706379,-104.2606004,-108.1505629,-112.0405253,-115.9304878,-119.8204503,-123.7104128,-127.6003752,-131.4903377,-135.3803002,-139.2702627,-143.1602251,-147.0501876,-150.9401501,-154.8301126,-158.720075,-162.6100375,-166.5,-170.3899625,-174.279925,-178.1698874,-182.0598499,-185.9498124,-189.8397749,-193.7297373,-197.6196998
3620,68.60196998,14.11069418,5.140712946,-1.26641651,-5.110694184,-6.392120075,-14.08067542,-19.20637899,-24.33208255,-29.45778612,-34.58348968,-39.70919325,-44.83489681,-49.96060038,-53.8619137,-57.76322702,-61.66454034,-65.56585366,-69.46716698,-73.3684803,-77.26979362,-81.17110694,-85.07242026,-88.97373358,-92.8750469,-96.77636023,-100.6776735,-104.5789869,-108.4803002,-112.3816135,-116.2829268,-120.1842402,-124.0855535,-127.9868668,-131.8881801,-135.7894934,-139.6908068,-143.5921201,-147.4934334,-151.3947467,-155.29606,-159.1973734,-163.0986867,-167,-170.9013133,-174.8026266,-178.70394,-182.6052533,-186.5065666,-190.4078799,-194.3091932,-198.2105066
3630,68.79399625,14.13883677,5.142589118,-1.283302064,-5.138836773,-6.424015009,-14.13508443,-19.27579737,-24.41651032,-29.55722326,-34.69793621,-39.83864916,-44.9793621,-50.12007505,-54.03273921,-57.94540338,-61.85806754,-65.77073171,-69.68339587,-73.59606004,-77.5087242,-81.42138837,-85.33405253,-89.2467167,-93.15938086,-97.07204503,-100.9847092,-104.8973734,-108.8100375,-112.7227017,-116.6353659,-120.54803,-124.4606942,-128.3733583,-132.2860225,-136.1986867,-140.1113508,-144.024015,-147.9366792,-151.8493433,-155.7620075,-159.6746717,-163.5873358,-167.5,-171.4126642,-175.3253283,-179.2379925,-183.1506567,-187.0633208,-190.975985,-194.8886492,-198.8013133
3640,68.98602251,14.16697936,5.144465291,-1.300187617,-5.166979362,-6.455909944,-14.18949343,-19.34521576,-24.50093809,-29.65666041,-34.81238274,-39.96810507,-45.12382739,-50.27954972,-54.20356473,-58.12757974,-62.05159475,-65.97560976,-69.89962477,-73.82363977,-77.74765478,-81.67166979,-85.5956848,-89.51969981,-93.44371482,-97.36772983,-101.2917448,-105.2157598,-109.1397749,-113.0637899,-116.9878049,-120.9118199,-124.8358349,-128.7598499,-132.6838649,-136.6078799,-140.5318949,-144.4559099,-148.379925,-152.30394,-156.227955,-160.15197,-164.075985,-168,-171.924015,-175.84803,-179.772045,-183.69606,-187.620075,-191.5440901,-195.4681051,-199.3921201
3650,69.17804878,14.19512195,5.146341463,-1.317073171,-5.195121951,-6.487804878,-14.24390244,-19.41463415,-24.58536585,-29.75609756,-34.92682927,-40.09756098,-45.26829268,-50.43902439,-54.37439024,-58.3097561,-62.24512195,-66.1804878,-70.11585366,-74.05121951,-77.98658537,-81.92195122,-85.85731707,-89.79268293,-93.72804878,-97.66341463,-101.5987805,-105.5341463,-109.4695122,-113.404878,-117.3402439,-121.2756098,-125.2109756,-129.1463415,-133.0817073,-137.0170732,-140.952439,-144.8878049,-148.8231707,-152.7585366,-156.6939024,-160.6292683,-164.5646341,-168.5,-172.4353659,-176.3707317,-180.3060976,-184.2414634,-188.1768293,-192.1121951,-196.047561,-199.9829268
3660,69.37007505,14.22326454,5.148217636,-1.333958724,-5.22326454,-6.519699812,-14.29831144,-19.48405253,-24.66979362,-29.85553471,-35.0412758,-40.22701689,-45.41275797,-50.59849906,-54.54521576,-58.49193246,-62.43864916,-66.38536585,-70.33208255,-74.27879925,-78.22551595,-82.17223265,-86.11894934,-90.06566604,-94.01238274,-97.95909944,-101.9058161,-105.8525328,-109.7992495,-113.7459662,-117.6926829,-121.6393996,-125.5861163,-129.532833,-133.4795497,-137.4262664,-141.3729831,-145.3196998,-149.2664165,-153.2131332,-157.1598499,-161.1065666,-165.0532833,-169,-172.9467167,-176.8934334,-180.8401501,-184.7868668,-188.7335835,-192.6803002,-196.6270169,-200.5737336
3670,69.56210131,14.25140713,5.150093809,-1.350844278,-5.251407129,-6.551594747,-14.35272045,-19.55347092,-24.75422139,-29.95497186,-35.15572233,-40.3564728,-45.55722326,-50.75797373,-54.71604128,-58.67410882,-62.63217636,-66.5902439,-70.54831144,-74.50637899,-78.46444653,-82.42251407,-86.38058161,-90.33864916,-94.2967167,-98.25478424,-102.2128518,-106.1709193,-110.1289869,-114.0870544,-118.045122,-122.0031895,-125.961257,-129.9193246,-133.8773921,-137.8354597,-141.7935272,-145.7515947,-149.7096623,-153.6677298,-157.6257974,-161.5838649,-165.5419325,-169.5,-173.4580675,-177.4161351,-181.3742026,-185.3322702,-189.2903377,-193.2484053,-197.2064728,-201.1645403
3680,69.75412758,14.27954972,5.151969981,-1.367729831,-5.279549719,-6.583489681,-14.40712946,-19.62288931,-24.83864916,-30.05440901,-35.27016886,-40.48592871,-45.70168856,-50.91744841,-54.88686679,-58.85628518,-62.82570356,-66.79512195,-70.76454034,-74.73395872,-78.70337711,-82.6727955,-86.64221388,-90.61163227,-94.58105066,-98.55046904,-102.5198874,-106.4893058,-110.4587242,-114.4281426,-118.397561,-122.3669794,-126.3363977,-130.3058161,-134.2752345,-138.2446529,-142.2140713,-146.1834897,-150.1529081,-154.1223265,-158.0917448,-162.0611632,-166.0305816,-170,-173.9694184,-177.9388368,-181.9082552,-185.8776735,-189.8470919,-193.8165103,-197.7859287,-201.7553471
3690,69.94615385,14.30769231,5.153846154,-1.384615385,-5.307692308,-6.615384615,-14.46153846,-19.69230769,-24.92307692,-30.15384615,-35.38461538,-40.61538462,-45.84615385,-51.07692308,-55.05769231,-59.03846154,-63.01923077,-67,-70.98076923,-74.96153846,-78.94230769,-82.92307692,-86.90384615,-90.88461538,-94.86538462,-98.84615385,-102.8269231,-106.8076923,-110.7884615,-114.7692308,-118.75,-122.7307692,-126.7115385,-130.6923077,-134.6730769,-138.6538462,-142.6346154,-146.6153846,-150.5961538,-154.5769231,-158.5576923,-162.5384615,-166.5192308,-170.5,-174.4807692,-178.4615385,-182.4423077,-186.4230769,-190.4038462,-194.3846154,-198.3653846,-202.3461538
3700,70.13818011,14.3358349,5.155722326,-1.401500938,-5.335834897,-6.64727955,-14.51594747,-19.76172608,-25.00750469,-30.2532833,-35.49906191,-40.74484053,-45.99061914,-51.23639775,-55.22851782,-59.2206379,-63.21275797,-67.20487805,-71.19699812,-75.1891182,-79.18123827,-83.17335835,-87.16547842,-91.1575985,-95.14971857,-99.14183865,-103.1339587,-107.1260788,-111.1181989,-115.1103189,-119.102439,-123.0945591,-127.0866792,-131.0787992,-135.0709193,-139.0630394,-143.0551595,-147.0472795,-151.0393996,-155.0315197,-159.0236398,-163.0157598,-167.0078799,-171,-174.9921201,-178.9842402,-182.9763602,-186.9684803,-190.9606004,-194.9527205,-198.9448405,-202.9369606
3710,70.33020638,14.36397749,5.157598499,-1.418386492,-5.363977486,-6.679174484,-14.57035647,-19.83114447,-25.09193246,-30.35272045,-35.61350844,-40.87429644,-46.13508443,-51.39587242,-55.39934334,-59.40281426,-63.40628518,-67.4097561,-71.41322702,-75.41669794,-79.42016886,-83.42363977,-87.42711069,-91.43058161,-95.43405253,-99.43752345,-103.4409944,-107.4444653,-111.4479362,-115.4514071,-119.454878,-123.458349,-127.4618199,-131.4652908,-135.4687617,-139.4722326,-143.4757036,-147.4791745,-151.4826454,-155.4861163,-159.4895872,-163.4930582,-167.4965291,-171.5,-175.5034709,-179.5069418,-183.5104128,-187.5138837,-191.5173546,-195.5208255,-199.5242964,-203.5277674
3720,70.52223265,14.39212008,5.159474672,-1.435272045,-5.392120075,-6.711069418,-14.62476548,-19.90056285,-25.17636023,-30.4521576,-35.72795497,-41.00375235,-46.27954972,-51.55534709,-55.57016886,-59.58499062,-63.59981238,-67.61463415,-71.62945591,-75.64427767,-79.65909944,-83.6739212,-87.68874296,-91.70356473,-95.71838649,-99.73320826,-103.74803,-107.7628518,-111.7776735,-115.7924953,-119.8073171,-123.8221388,-127.8369606,-131.8517824,-135.8666041,-139.8814259,-143.8962477,-147.9110694,-151.9258912,-155.9407129,-159.9555347,-163.9703565,-167.9851782,-172,-176.0148218,-180.0296435,-184.0444653,-188.0592871,-192.0741088,-196.0889306,-200.1037523,-204.1185741
3730,70.71425891,14.42026266,5.161350844,-1.452157598,-5.420262664,-6.742964353,-14.67917448,-19.96998124,-25.26078799,-30.55159475,-35.8424015,-41.13320826,-46.42401501,-51.71482176,-55.74099437,-59.76716698,-63.79333959,-67.8195122,-71.8456848,-75.87185741,-79.89803002,-83.92420263,-87.95037523,-91.97654784,-96.00272045,-100.0288931,-104.0550657,-108.0812383,-112.1074109,-116.1335835,-120.1597561,-124.1859287,-128.2121013,-132.2382739,-136.2644465,-140.2906191,-144.3167917,-148.3429644,-152.369137,-156.3953096,-160.4214822,-164.4476548,-168.4738274,-172.5,-176.5261726,-180.5523452,-184.5785178,-188.6046904,-192.630863,-196.6570356,-200.6832083,-204.7093809
3740,70.90628518,14.44840525,5.163227017,-1.469043152,-5.448405253,-6.774859287,-14.73358349,-20.03939962,-25.34521576,-30.65103189,-35.95684803,-41.26266417,-46.5684803,-51.87429644,-55.91181989,-59.94934334,-63.98686679,-68.02439024,-72.0619137,-76.09943715,-80.1369606,-84.17448405,-88.2120075,-92.24953096,-96.28705441,-100.3245779,-104.3621013,-108.3996248,-112.4371482,-116.4746717,-120.5121951,-124.5497186,-128.587242,-132.6247655,-136.6622889,-140.6998124,-144.7373358,-148.7748593,-152.8123827,-156.8499062,-160.8874296,-164.9249531,-168.9624765,-173,-177.0375235,-181.0750469,-185.1125704,-189.1500938,-193.1876173,-197.2251407,-201.2626642,-205.3001876
3750,71.09831144,14.47654784,5.165103189,-1.485928705,-5.476547842,-6.806754221,-14.7879925,-20.10881801,-25.42964353,-30.75046904,-36.07129456,-41.39212008,-46.71294559,-52.03377111,-56.0826454,-60.1315197,-64.180394,-68.22926829,-72.27814259,-76.32701689,-80.37589118,-84.42476548,-88.47363977,-92.52251407,-96.57138837,-100.6202627,-104.669137,-108.7180113,-112.7668856,-116.8157598,-120.8646341,-124.9135084,-128.9623827,-133.011257,-137.0601313,-141.1090056,-145.1578799,-149.2067542,-153.2556285,-157.3045028,-161.3533771,-165.4022514,-169.4511257,-173.5,-177.5488743,-181.5977486,-185.6466229,-189.6954972,-193.7443715,-197.7932458,-201.8421201,-205.8909944
3760,71.29033771,14.50469043,5.166979362,-1.502814259,-5.504690432,-6.838649156,-14.8424015,-20.1782364,-25.51407129,-30.84990619,-36.18574109,-41.52157598,-46.85741088,-52.19324578,-56.25347092,-60.31369606,-64.3739212,-68.43414634,-72.49437148,-76.55459662,-80.61482176,-84.6750469,-88.73527205,-92.79549719,-96.85572233,-100.9159475,-104.9761726,-109.0363977,-113.0966229,-117.156848,-121.2170732,-125.2772983,-129.3375235,-133.3977486,-137.4579737,-141.5181989,-145.578424,-149.6386492,-153.6988743,-157.7590994,-161.8193246,-165.8795497,-169.9397749,-174,-178.0602251,-182.1204503,-186.1806754,-190.2409006,-194.3011257,-198.3613508,-202.421576,-206.4818011
3770,71.48236398,14.53283302,5.168855535,-1.519699812,-5.532833021,-6.87054409,-14.89681051,-20.24765478,-25.59849906,-30.94934334,-36.30018762,-41.65103189,-47.00187617,-52.35272045,-56.42429644,-60.49587242,-64.56744841,-68.63902439,-72.71060038,-76.78217636,-80.85375235,-84.92532833,-88.99690432,-93.0684803,-97.14005629,-101.2116323,-105.2832083,-109.3547842,-113.4263602,-117.4979362,-121.5695122,-125.6410882,-129.7126642,-133.7842402,-137.8558161,-141.9273921,-145.9989681,-150.0705441,-154.1421201,-158.2136961,-162.285272,-166.356848,-170.428424,-174.5,-178.571576,-182.643152,-186.714728,-190.7863039,-194.8578799,-198.9294559,-203.0010319,-207.0726079
3780,71.67439024,14.56097561,5.170731707,-1.536585366,-5.56097561,-6.902439024,-14.95121951,-20.31707317,-25.68292683,-31.04878049,-36.41463415,-41.7804878,-47.14634146,-52.51219512,-56.59512195,-60.67804878,-64.76097561,-68.84390244,-72.92682927,-77.0097561,-81.09268293,-85.17560976,-89.25853659,-93.34146341,-97.42439024,-101.5073171,-105.5902439,-109.6731707,-113.7560976,-117.8390244,-121.9219512,-126.004878,-130.0878049,-134.1707317,-138.2536585,-142.3365854,-146.4195122,-150.502439,-154.5853659,-158.6682927,-162.7512195,-166.8341463,-170.9170732,-175,-179.0829268,-183.1658537,-187.2487805,-191.3317073,-195.4146341,-199.497561,-203.5804878,-207.6634146
3790,71.86641651,14.5891182,5.17260788,-1.553470919,-5.589118199,-6.934333959,-15.00562852,-20.38649156,-25.7673546,-31.14821764,-36.52908068,-41.90994371,-47.29080675,-52.67166979,-56.76594747,-60.86022514,-64.95450281,-69.04878049,-73.14305816,-77.23733583,-81.33161351,-85.42589118,-89.52016886,-93.61444653,-97.7087242,-101.8030019,-105.8972795,-109.9915572,-114.0858349,-118.1801126,-122.2743902,-126.3686679,-130.4629456,-134.5572233,-138.6515009,-142.7457786,-146.8400563,-150.934334,-155.0286116,-159.1228893,-163.217167,-167.3114447,-171.4057223,-175.5,-179.5942777,-183.6885553,-187.782833,-191.8771107,-195.9713884,-200.065666,-204.1599437,-208.2542214
3800,72.05844278,14.61726079,5.174484053,-1.570356473,-5.617260788,-6.966228893,-15.06003752,-20.45590994,-25.85178236,-31.24765478,-36.6435272,-42.03939962,-47.43527205,-52.83114447,-56.93677298,-61.0424015,-65.14803002,-69.25365854,-73.35928705,-77.46491557,-81.57054409,-85.67617261,-89.78180113,-93.88742964,-97.99305816,-102.0986867,-106.2043152,-110.3099437,-114.4155722,-118.5212008,-122.6268293,-126.7324578,-130.8380863,-134.9437148,-139.0493433,-143.1549719,-147.2606004,-151.3662289,-155.4718574,-159.5774859,-163.6831144,-167.788743,-171.8943715,-176,-180.1056285,-184.211257,-188.3168856,-192.4225141,-196.5281426,-200.6337711,-204.7393996,-208.8450281
3810,72.25046904,14.64540338,5.176360225,-1.587242026,-5.645403377,-6.998123827,-15.11444653,-20.52532833,-25.93621013,-31.34709193,-36.75797373,-42.16885553,-47.57973734,-52.99061914,-57.1075985,-61.22457786,-65.34155722,-69.45853659,-73.57551595,-77.69249531,-81.80947467,-85.92645403,-90.0434334,-94.16041276,-98.27739212,-102.3943715,-106.5113508,-110.6283302,-114.7453096,-118.8622889,-122.9792683,-127.0962477,-131.213227,-135.3302064,-139.4471857,-143.5641651,-147.6811445,-151.7981238,-155.9151032,-160.0320826,-164.1490619,-168.2660413,-172.3830206,-176.5,-180.6169794,-184.7339587,-188.8509381,-192.9679174,-197.0848968,-201.2018762,-205.3188555,-209.4358349
3820,72.44249531,14.67354597,5.178236398,-1.60412758,-5.673545966,-7.030018762,-15.16885553,-20.59474672,-26.0206379,-31.44652908,-36.87242026,-42.29831144,-47.72420263,-53.15009381,-57.27842402,-61.40675422,-65.53508443,-69.66341463,-73.79174484,-77.92007505,-82.04840525,-86.17673546,-90.30506567,-94.43339587,-98.56172608,-102.6900563,-106.8183865,-110.9467167,-115.0750469,-119.2033771,-123.3317073,-127.4600375,-131.5883677,-135.7166979,-139.8450281,-143.9733583,-148.1016886,-152.2300188,-156.358349,-160.4866792,-164.6150094,-168.7433396,-172.8716698,-177,-181.1283302,-185.2566604,-189.3849906,-193.5133208,-197.641651,-201.7699812,-205.8983114,-210.0266417
3830,72.63452158,14.70168856,5.18011257,-1.621013133,-5.701688555,-7.061913696,-15.22326454,-20.6641651,-26.10506567,-31.54596623,-36.98686679,-42.42776735,-47.86866792,-53.30956848,-57.44924953,-61.58893058,-65.72861163,-69.86829268,-74.00797373,-78.14765478,-82.28733583,-86.42701689,-90.56669794,-94.70637899,-98.84606004,-102.9857411,-107.1254221,-111.2651032,-115.4047842,-119.5444653,-123.6841463,-127.8238274,-131.9635084,-136.1031895,-140.2428705,-144.3825516,-148.5222326,-152.6619137,-156.8015947,-160.9412758,-165.0809568,-169.2206379,-173.3603189,-177.5,-181.6396811,-185.7793621,-189.9190432,-194.0587242,-198.1984053,-202.3380863,-206.4777674,-210.6174484
3840,72.82654784,14.72983114,5.181988743,-1.637898687,-5.729831144,-7.09380863,-15.27767355,-20.73358349,-26.18949343,-31.64540338,-37.10131332,-42.55722326,-48.01313321,-53.46904315,-57.62007505,-61.77110694,-65.92213884,-70.07317073,-74.22420263,-78.37523452,-82.52626642,-86.67729831,-90.82833021,-94.9793621,-99.130394,-103.2814259,-107.4324578,-111.5834897,-115.7345216,-119.8855535,-124.0365854,-128.1876173,-132.3386492,-136.4896811,-140.6407129,-144.7917448,-148.9427767,-153.0938086,-157.2448405,-161.3958724,-165.5469043,-169.6979362,-173.8489681,-178,-182.1510319,-186.3020638,-190.4530957,-194.6041276,-198.7551595,-202.9061914,-207.0572233,-211.2082552
3850,73.01857411,14.75797373,5.183864916,-1.65478424,-5.757973734,-7.125703565,-15.33208255,-20.80300188,-26.2739212,-31.74484053,-37.21575985,-42.68667917,-48.1575985,-53.62851782,-57.79090056,-61.9532833,-66.11566604,-70.27804878,-74.44043152,-78.60281426,-82.765197,-86.92757974,-91.08996248,-95.25234522,-99.41472795,-103.5771107,-107.7394934,-111.9018762,-116.0642589,-120.2266417,-124.3890244,-128.5514071,-132.7137899,-136.8761726,-141.0385553,-145.2009381,-149.3633208,-153.5257036,-157.6880863,-161.850469,-166.0128518,-170.1752345,-174.3376173,-178.5,-182.6623827,-186.8247655,-190.9871482,-195.149531,-199.3119137,-203.4742964,-207.6366792,-211.7990619
3860,73.21060038,14.78611632,5.185741088,-1.671669794,-5.786116323,-7.157598499,-15.38649156,-20.87242026,-26.35834897,-31.84427767,-37.33020638,-42.81613508,-48.30206379,-53.7879925,-57.96172608,-62.13545966,-66.30919325,-70.48292683,-74.65666041,-78.830394,-83.00412758,-87.17786116,-91.35159475,-95.52532833,-99.69906191,-103.8727955,-108.0465291,-112.2202627,-116.3939962,-120.5677298,-124.7414634,-128.915197,-133.0889306,-137.2626642,-141.4363977,-145.6101313,-149.7838649,-153.9575985,-158.1313321,-162.3050657,-166.4787992,-170.6525328,-174.8262664,-179,-183.1737336,-187.3474672,-191.5212008,-195.6949343,-199.8686679,-204.0424015,-208.2161351,-212.3898687
3870,73.40262664,14.81425891,5.187617261,-1.688555347,-5.814258912,-7.189493433,-15.44090056,-20.94183865,-26.44277674,-31.94371482,-37.44465291,-42.94559099,-48.44652908,-53.94746717,-58.13255159,-62.31763602,-66.50272045,-70.68780488,-74.87288931,-79.05797373,-83.24305816,-87.42814259,-91.61322702,-95.79831144,-99.98339587,-104.1684803,-108.3535647,-112.5386492,-116.7237336,-120.908818,-125.0939024,-129.2789869,-133.4640713,-137.6491557,-141.8342402,-146.0193246,-150.204409,-154.3894934,-158.5745779,-162.7596623,-166.9447467,-171.1298311,-175.3149156,-179.5,-183.6850844,-187.8701689,-192.0552533,-196.2403377,-200.4254221,-204.6105066,-208.795591,-212.9806754
3880,73.59465291,14.8424015,5.189493433,-1.705440901,-5.842401501,-7.221388368,-15.49530957,-21.01125704,-26.5272045,-32.04315197,-37.55909944,-43.0750469,-48.59099437,-54.10694184,-58.30337711,-62.49981238,-66.69624765,-70.89268293,-75.0891182,-79.28555347,-83.48198874,-87.67842402,-91.87485929,-96.07129456,-100.2677298,-104.4641651,-108.6606004,-112.8570356,-117.0534709,-121.2499062,-125.4463415,-129.6427767,-133.839212,-138.0356473,-142.2320826,-146.4285178,-150.6249531,-154.8213884,-159.0178236,-163.2142589,-167.4106942,-171.6071295,-175.8035647,-180,-184.1964353,-188.3928705,-192.5893058,-196.7857411,-200.9821764,-205.1786116,-209.3750469,-213.5714822
3890,73.78667917,14.87054409,5.191369606,-1.722326454,-5.87054409,-7.253283302,-15.54971857,-21.08067542,-26.61163227,-32.14258912,-37.67354597,-43.20450281,-48.73545966,-54.26641651,-58.47420263,-62.68198874,-66.88977486,-71.09756098,-75.30534709,-79.51313321,-83.72091932,-87.92870544,-92.13649156,-96.34427767,-100.5520638,-104.7598499,-108.967636,-113.1754221,-117.3832083,-121.5909944,-125.7987805,-130.0065666,-134.2143527,-138.4221388,-142.629925,-146.8377111,-151.0454972,-155.2532833,-159.4610694,-163.6688555,-167.8766417,-172.0844278,-176.2922139,-180.5,-184.7077861,-188.9155722,-193.1233583,-197.3311445,-201.5389306,-205.7467167,-209.9545028,-214.1622889
3900,73.97870544,14.89868668,5.193245779,-1.739212008,-5.898686679,-7.285178236,-15.60412758,-21.15009381,-26.69606004,-32.24202627,-37.7879925,-43.33395872,-48.87992495,-54.42589118,-58.64502814,-62.8641651,-67.08330206,-71.30243902,-75.52157598,-79.74071295,-83.95984991,-88.17898687,-92.39812383,-96.61726079,-100.8363977,-105.0555347,-109.2746717,-113.4938086,-117.7129456,-121.9320826,-126.1512195,-130.3703565,-134.5894934,-138.8086304,-143.0277674,-147.2469043,-151.4660413,-155.6851782,-159.9043152,-164.1234522,-168.3425891,-172.5617261,-176.780863,-181,-185.219137,-189.4382739,-193.6574109,-197.8765478,-202.0956848,-206.3148218,-210.5339587,-214.7530957
3910,74.17073171,14.92682927,5.195121951,-1.756097561,-5.926829268,-7.317073171,-15.65853659,-21.2195122,-26.7804878,-32.34146341,-37.90243902,-43.46341463,-49.02439024,-54.58536585,-58.81585366,-63.04634146,-67.27682927,-71.50731707,-75.73780488,-79.96829268,-84.19878049,-88.42926829,-92.6597561,-96.8902439,-101.1207317,-105.3512195,-109.5817073,-113.8121951,-118.0426829,-122.2731707,-126.5036585,-130.7341463,-134.9646341,-139.195122,-143.4256098,-147.6560976,-151.8865854,-156.1170732,-160.347561,-164.5780488,-168.8085366,-173.0390244,-177.2695122,-181.5,-185.7304878,-189.9609756,-194.1914634,-198.4219512,-202.652439,-206.8829268,-211.1134146,-215.3439024
3920,74.36275797,14.95497186,5.196998124,-1.772983114,-5.954971857,-7.348968105,-15.71294559,-21.28893058,-26.86491557,-32.44090056,-38.01688555,-43.59287054,-49.16885553,-54.74484053,-58.98667917,-63.22851782,-67.47035647,-71.71219512,-75.95403377,-80.19587242,-84.43771107,-88.67954972,-92.92138837,-97.16322702,-101.4050657,-105.6469043,-109.888743,-114.1305816,-118.3724203,-122.6142589,-126.8560976,-131.0979362,-135.3397749,-139.5816135,-143.8234522,-148.0652908,-152.3071295,-156.5489681,-160.7908068,-165.0326454,-169.2744841,-173.5163227,-177.7581614,-182,-186.2418386,-190.4836773,-194.7255159,-198.9673546,-203.2091932,-207.4510319,-211.6928705,-215.9347092
3930,74.55478424,14.98311445,5.198874296,-1.789868668,-5.983114447,-7.380863039,-15.7673546,-21.35834897,-26.94934334,-32.54033771,-38.13133208,-43.72232645,-49.31332083,-54.9043152,-59.15750469,-63.41069418,-67.66388368,-71.91707317,-76.17026266,-80.42345216,-84.67664165,-88.92983114,-93.18302064,-97.43621013,-101.6893996,-105.9425891,-110.1957786,-114.4489681,-118.7021576,-122.9553471,-127.2085366,-131.4617261,-135.7149156,-139.9681051,-144.2212946,-148.4744841,-152.7276735,-156.980863,-161.2340525,-165.487242,-169.7404315,-173.993621,-178.2468105,-182.5,-186.7531895,-191.006379,-195.2595685,-199.512758,-203.7659475,-208.019137,-212.2723265,-216.5255159
3940,74.74681051,15.01125704,5.200750469,-1.806754221,-6.011257036,-7.412757974,-15.8217636,-21.42776735,-27.03377111,-32.63977486,-38.24577861,-43.85178236,-49.45778612,-55.06378987,-59.32833021,-63.59287054,-67.85741088,-72.12195122,-76.38649156,-80.65103189,-84.91557223,-89.18011257,-93.44465291,-97.70919325,-101.9737336,-106.2382739,-110.5028143,-114.7673546,-119.0318949,-123.2964353,-127.5609756,-131.8255159,-136.0900563,-140.3545966,-144.619137,-148.8836773,-153.1482176,-157.412758,-161.6772983,-165.9418386,-170.206379,-174.4709193,-178.7354597,-183,-187.2645403,-191.5290807,-195.793621,-200.0581614,-204.3227017,-208.587242,-212.8517824,-217.1163227
3950,74.93883677,15.03939962,5.202626642,-1.823639775,-6.039399625,-7.444652908,-15.87617261,-21.49718574,-27.11819887,-32.73921201,-38.36022514,-43.98123827,-49.60225141,-55.22326454,-59.49915572,-63.7750469,-68.05093809,-72.32682927,-76.60272045,-80.87861163,-85.15450281,-89.430394,-93.70628518,-97.98217636,-102.2580675,-106.5339587,-110.8098499,-115.0857411,-119.3616323,-123.6375235,-127.9134146,-132.1893058,-136.465197,-140.7410882,-145.0169794,-149.2928705,-153.5687617,-157.8446529,-162.1205441,-166.3964353,-170.6723265,-174.9482176,-179.2241088,-183.5,-187.7758912,-192.0517824,-196.3276735,-200.6035647,-204.8794559,-209.1553471,-213.4312383,-217.7071295
3960,75.13086304,15.06754221,5.204502814,-1.840525328,-6.067542214,-7.476547842,-15.93058161,-21.56660413,-27.20262664,-32.83864916,-38.47467167,-44.11069418,-49.7467167,-55.38273921,-59.66998124,-63.95722326,-68.24446529,-72.53170732,-76.81894934,-81.10619137,-85.3934334,-89.68067542,-93.96791745,-98.25515947,-102.5424015,-106.8296435,-111.1168856,-115.4041276,-119.6913696,-123.9786116,-128.2658537,-132.5530957,-136.8403377,-141.1275797,-145.4148218,-149.7020638,-153.9893058,-158.2765478,-162.5637899,-166.8510319,-171.1382739,-175.4255159,-179.712758,-184,-188.287242,-192.5744841,-196.8617261,-201.1489681,-205.4362101,-209.7234522,-214.0106942,-218.2979362
3970,75.32288931,15.0956848,5.206378987,-1.857410882,-6.095684803,-7.508442777,-15.98499062,-21.63602251,-27.28705441,-32.9380863,-38.5891182,-44.24015009,-49.89118199,-55.54221388,-59.84080675,-64.13939962,-68.4379925,-72.73658537,-77.03517824,-81.33377111,-85.63236398,-89.93095685,-94.22954972,-98.52814259,-102.8267355,-107.1253283,-111.4239212,-115.7225141,-120.0211069,-124.3196998,-128.6182927,-132.9168856,-137.2154784,-141.5140713,-145.8126642,-150.111257,-154.4098499,-158.7084428,-163.0070356,-167.3056285,-171.6042214,-175.9028143,-180.2014071,-184.5,-188.7985929,-193.0971857,-197.3957786,-201.6943715,-205.9929644,-210.2915572,-214.5901501,-218.888743
3980,75.51491557,15.12382739,5.208255159,-1.874296435,-6.123827392,-7.540337711,-16.03939962,-21.7054409,-27.37148218,-33.03752345,-38.70356473,-44.369606,-50.03564728,-55.70168856,-60.01163227,-64.32157598,-68.6315197,-72.94146341,-77.25140713,-81.56135084,-85.87129456,-90.18123827,-94.49118199,-98.8011257,-103.1110694,-107.4210131,-111.7309568,-116.0409006,-120.3508443,-124.660788,-128.9707317,-133.2806754,-137.5906191,-141.9005629,-146.2105066,-150.5204503,-154.830394,-159.1403377,-163.4502814,-167.7602251,-172.0701689,-176.3801126,-180.6900563,-185,-189.3099437,-193.6198874,-197.9298311,-202.2397749,-206.5497186,-210.8596623,-215.169606,-219.4795497
3990,75.70694184,15.15196998,5.210131332,-1.891181989,-6.151969981,-7.572232645,-16.09380863,-21.77485929,-27.45590994,-33.1369606,-38.81801126,-44.49906191,-50.18011257,-55.86116323,-60.18245779,-64.50375235,-68.8250469,-73.14634146,-77.46763602,-81.78893058,-86.11022514,-90.4315197,-94.75281426,-99.07410882,-103.3954034,-107.7166979,-112.0379925,-116.3592871,-120.6805816,-125.0018762,-129.3231707,-133.6444653,-137.9657598,-142.2870544,-146.608349,-150.9296435,-155.2509381,-159.5722326,-163.8935272,-168.2148218,-172.5361163,-176.8574109,-181.1787054,-185.5,-189.8212946,-194.1425891,-198.4638837,-202.7851782,-207.1064728,-211.4277674,-215.7490619,-220.0703565
4000,75.89896811,15.18011257,5.212007505,-1.908067542,-6.18011257,-7.60412758,-16.14821764,-21.84427767,-27.54033771,-33.23639775,-38.93245779,-44.62851782,-50.32457786,-56.0206379,-60.3532833,-64.68592871,-69.01857411,-73.35121951,-77.68386492,-82.01651032,-86.34915572,-90.68180113,-95.01444653,-99.34709193,-103.6797373,-108.0123827,-112.3450281,-116.6776735,-121.0103189,-125.3429644,-129.6756098,-134.0082552,-138.3409006,-142.673546,-147.0061914,-151.3388368,-155.6714822,-160.0041276,-164.336773,-168.6694184,-173.0020638,-177.3347092,-181.6673546,-186,-190.3326454,-194.6652908,-198.9979362,-203.3305816,-207.663227,-211.9958724,-216.3285178,-220.6611632
4010,76.09099437,15.20825516,5.213883677,-1.924953096,-6.208255159,-7.636022514,-16.20262664,-21.91369606,-27.62476548,-33.3358349,-39.04690432,-44.75797373,-50.46904315,-56.18011257,-60.52410882,-64.86810507,-69.21210131,-73.55609756,-77.90009381,-82.24409006,-86.5880863,-90.93208255,-95.2760788,-99.62007505,-103.9640713,-108.3080675,-112.6520638,-116.99606,-121.3400563,-125.6840525,-130.0280488,-134.372045,-138.7160413,-143.0600375,-147.4040338,-151.74803,-156.0920263,-160.4360225,-164.7800188,-169.124015,-173.4680113,-177.8120075,-182.1560038,-186.5,-190.8439962,-195.1879925,-199.5319887,-203.875985,-208.2199812,-212.5639775,-216.9079737,-221.25197
4020,76.28302064,15.23639775,5.21575985,-1.941838649,-6.236397749,-7.667917448,-16.25703565,-21.98311445,-27.70919325,-33.43527205,-39.16135084,-44.88742964,-50.61350844,-56.33958724,-60.69493433,-65.05028143,-69.40562852,-73.76097561,-78.1163227,-82.47166979,-86.82701689,-91.18236398,-95.53771107,-99.89305816,-104.2484053,-108.6037523,-112.9590994,-117.3144465,-121.6697936,-126.0251407,-130.3804878,-134.7358349,-139.091182,-143.4465291,-147.8018762,-152.1572233,-156.5125704,-160.8679174,-165.2232645,-169.5786116,-173.9339587,-178.2893058,-182.6446529,-187,-191.3553471,-195.7106942,-200.0660413,-204.4213884,-208.7767355,-213.1320826,-217.4874296,-221.8427767
4030,76.4750469,15.26454034,5.217636023,-1.958724203,-6.264540338,-7.699812383,-16.31144465,-22.05253283,-27.79362101,-33.53470919,-39.27579737,-45.01688555,-50.75797373,-56.49906191,-60.86575985,-65.23245779,-69.59915572,-73.96585366,-78.33255159,-82.69924953,-87.06594747,-91.4326454,-95.79934334,-100.1660413,-104.5327392,-108.8994371,-113.2661351,-117.632833,-121.999531,-126.3662289,-130.7329268,-135.0996248,-139.4663227,-143.8330206,-148.1997186,-152.5664165,-156.9331144,-161.2998124,-165.6665103,-170.0332083,-174.3999062,-178.7666041,-183.1333021,-187.5,-191.8666979,-196.2333959,-200.6000938,-204.9667917,-209.3334897,-213.7001876,-218.0668856,-222.4335835
4040,76.66707317,15.29268293,5.219512195,-1.975609756,-6.292682927,-7.731707317,-16.36585366,-22.12195122,-27.87804878,-33.63414634,-39.3902439,-45.14634146,-50.90243902,-56.65853659,-61.03658537,-65.41463415,-69.79268293,-74.17073171,-78.54878049,-82.92682927,-87.30487805,-91.68292683,-96.06097561,-100.4390244,-104.8170732,-109.195122,-113.5731707,-117.9512195,-122.3292683,-126.7073171,-131.0853659,-135.4634146,-139.8414634,-144.2195122,-148.597561,-152.9756098,-157.3536585,-161.7317073,-166.1097561,-170.4878049,-174.8658537,-179.2439024,-183.6219512,-188,-192.3780488,-196.7560976,-201.1341463,-205.5121951,-209.8902439,-214.2682927,-218.6463415,-223.0243902
4050,76.85909944,15.32082552,5.221388368,-1.99249531,-6.320825516,-7.763602251,-16.42026266,-22.19136961,-27.96247655,-33.73358349,-39.50469043,-45.27579737,-51.04690432,-56.81801126,-61.20741088,-65.59681051,-69.98621013,-74.37560976,-78.76500938,-83.15440901,-87.54380863,-91.93320826,-96.32260788,-100.7120075,-105.1014071,-109.4908068,-113.8802064,-118.269606,-122.6590056,-127.0484053,-131.4378049,-135.8272045,-140.2166041,-144.6060038,-148.9954034,-153.384803,-157.7742026,-162.1636023,-166.5530019,-170.9424015,-175.3318011,-179.7212008,-184.1106004,-188.5,-192.8893996,-197.2787992,-201.6681989,-206.0575985,-210.4469981,-214.8363977,-219.2257974,-223.615197
4060,77.0511257,15.34896811,5.22326454,-2.009380863,-6.348968105,-7.795497186,-16.47467167,-22.26078799,-28.04690432,-33.83302064,-39.61913696,-45.40525328,-51.19136961,-56.97748593,-61.3782364,-65.77898687,-70.17973734,-74.5804878,-78.98123827,-83.38198874,-87.78273921,-92.18348968,-96.58424015,-100.9849906,-105.3857411,-109.7864916,-114.187242,-118.5879925,-122.988743,-127.3894934,-131.7902439,-136.1909944,-140.5917448,-144.9924953,-149.3932458,-153.7939962,-158.1947467,-162.5954972,-166.9962477,-171.3969981,-175.7977486,-180.1984991,-184.5992495,-189,-193.4007505,-197.8015009,-202.2022514,-206.6030019,-211.0037523,-215.4045028,-219.8052533,-224.2060038
4070,77.24315197,15.37711069,5.225140713,-2.026266417,-6.377110694,-7.82739212,-16.52908068,-22.33020638,-28.13133208,-33.93245779,-39.73358349,-45.53470919,-51.3358349,-57.1369606,-61.54906191,-65.96116323,-70.37326454,-74.78536585,-79.19746717,-83.60956848,-88.02166979,-92.43377111,-96.84587242,-101.2579737,-105.670075,-110.0821764,-114.4942777,-118.906379,-123.3184803,-127.7305816,-132.1426829,-136.5547842,-140.9668856,-145.3789869,-149.7910882,-154.2031895,-158.6152908,-163.0273921,-167.4394934,-171.8515947,-176.2636961,-180.6757974,-185.0878987,-189.5,-193.9121013,-198.3242026,-202.7363039,-207.1484053,-211.5605066,-215.9726079,-220.3847092,-224.7968105
4080,77.43517824,15.40525328,5.227016886,-2.04315197,-6.405253283,-7.859287054,-16.58348968,-22.39962477,-28.21575985,-34.03189493,-39.84803002,-45.6641651,-51.48030019,-57.29643527,-61.71988743,-66.14333959,-70.56679174,-74.9902439,-79.41369606,-83.83714822,-88.26060038,-92.68405253,-97.10750469,-101.5309568,-105.954409,-110.3778612,-114.8013133,-119.2247655,-123.6482176,-128.0716698,-132.495122,-136.9185741,-141.3420263,-145.7654784,-150.1889306,-154.6123827,-159.0358349,-163.4592871,-167.8827392,-172.3061914,-176.7296435,-181.1530957,-185.5765478,-190,-194.4234522,-198.8469043,-203.2703565,-207.6938086,-212.1172608,-216.5407129,-220.9641651,-225.3876173
4090,77.6272045,15.43339587,5.228893058,-2.060037523,-6.433395872,-7.891181989,-16.63789869,-22.46904315,-28.30018762,-34.13133208,-39.96247655,-45.79362101,-51.62476548,-57.45590994,-61.89071295,-66.32551595,-70.76031895,-75.19512195,-79.62992495,-84.06472795,-88.49953096,-92.93433396,-97.36913696,-101.80394,-106.238743,-110.673546,-115.108349,-119.543152,-123.977955,-128.412758,-132.847561,-137.282364,-141.717167,-146.15197,-150.586773,-155.021576,-159.456379,-163.891182,-168.325985,-172.760788,-177.195591,-181.630394,-186.065197,-190.5,-194.934803,-199.369606,-203.804409,-208.239212,-212.674015,-217.108818,-221.543621,-225.978424
4100,77.81923077,15.46153846,5.230769231,-2.076923077,-6.461538462,-7.923076923,-16.69230769,-22.53846154,-28.38461538,-34.23076923,-40.07692308,-45.92307692,-51.76923077,-57.61538462,-62.06153846,-66.50769231,-70.95384615,-75.4,-79.84615385,-84.29230769,-88.73846154,-93.18461538,-97.63076923,-102.0769231,-106.5230769,-110.9692308,-115.4153846,-119.8615385,-124.3076923,-128.7538462,-133.2,-137.6461538,-142.0923077,-146.5384615,-150.9846154,-155.4307692,-159.8769231,-164.3230769,-168.7692308,-173.2153846,-177.6615385,-182.1076923,-186.5538462,-191,-195.4461538,-199.8923077,-204.3384615,-208.7846154,-213.2307692,-217.6769231,-222.1230769,-226.5692308
4110,78.01125704,15.48968105,5.232645403,-2.09380863,-6.489681051,-7.954971857,-16.7467167,-22.60787992,-28.46904315,-34.33020638,-40.19136961,-46.05253283,-51.91369606,-57.77485929,-62.23236398,-66.68986867,-71.14737336,-75.60487805,-80.06238274,-84.51988743,-88.97739212,-93.43489681,-97.8924015,-102.3499062,-106.8074109,-111.2649156,-115.7224203,-120.179925,-124.6374296,-129.0949343,-133.552439,-138.0099437,-142.4674484,-146.9249531,-151.3824578,-155.8399625,-160.2974672,-164.7549719,-169.2124765,-173.6699812,-178.1274859,-182.5849906,-187.0424953,-191.5,-195.9575047,-200.4150094,-204.8725141,-209.3300188,-213.7875235,-218.2450281,-222.7025328,-227.1600375
4120,78.2032833,15.51782364,5.234521576,-2.110694184,-6.51782364,-7.986866792,-16.8011257,-22.67729831,-28.55347092,-34.42964353,-40.30581614,-46.18198874,-52.05816135,-57.93433396,-62.40318949,-66.87204503,-71.34090056,-75.8097561,-80.27861163,-84.74746717,-89.2163227,-93.68517824,-98.15403377,-102.6228893,-107.0917448,-111.5606004,-116.0294559,-120.4983114,-124.967167,-129.4360225,-133.904878,-138.3737336,-142.8425891,-147.3114447,-151.7803002,-156.2491557,-160.7180113,-165.1868668,-169.6557223,-174.1245779,-178.5934334,-183.0622889,-187.5311445,-192,-196.4688555,-200.9377111,-205.4065666,-209.8754221,-214.3442777,-218.8131332,-223.2819887,-227.7508443
4130,78.39530957,15.54596623,5.236397749,-2.127579737,-6.545966229,-8.018761726,-16.85553471,-22.7467167,-28.63789869,-34.52908068,-40.42026266,-46.31144465,-52.20262664,-58.09380863,-62.57401501,-67.05422139,-71.53442777,-76.01463415,-80.49484053,-84.9750469,-89.45525328,-93.93545966,-98.41566604,-102.8958724,-107.3760788,-111.8562852,-116.3364916,-120.8166979,-125.2969043,-129.7771107,-134.2573171,-138.7375235,-143.2177298,-147.6979362,-152.1781426,-156.658349,-161.1385553,-165.6187617,-170.0989681,-174.5791745,-179.0593809,-183.5395872,-188.0197936,-192.5,-196.9802064,-201.4604128,-205.9406191,-210.4208255,-214.9010319,-219.3812383,-223.8614447,-228.341651
4140,78.58733583,15.57410882,5.238273921,-2.144465291,-6.574108818,-8.05065666,-16.90994371,-22.81613508,-28.72232645,-34.62851782,-40.53470919,-46.44090056,-52.34709193,-58.2532833,-62.74484053,-67.23639775,-71.72795497,-76.2195122,-80.71106942,-85.20262664,-89.69418386,-94.18574109,-98.67729831,-103.1688555,-107.6604128,-112.15197,-116.6435272,-121.1350844,-125.6266417,-130.1181989,-134.6097561,-139.1013133,-143.5928705,-148.0844278,-152.575985,-157.0675422,-161.5590994,-166.0506567,-170.5422139,-175.0337711,-179.5253283,-184.0168856,-188.5084428,-193,-197.4915572,-201.9831144,-206.4746717,-210.9662289,-215.4577861,-219.9493433,-224.4409006,-228.9324578
4150,78.7793621,15.60225141,5.240150094,-2.161350844,-6.602251407,-8.082551595,-16.96435272,-22.88555347,-28.80675422,-34.72795497,-40.64915572,-46.57035647,-52.49155722,-58.41275797,-62.91566604,-67.41857411,-71.92148218,-76.42439024,-80.92729831,-85.43020638,-89.93311445,-94.43602251,-98.93893058,-103.4418386,-107.9447467,-112.4476548,-116.9505629,-121.4534709,-125.956379,-130.4592871,-134.9621951,-139.4651032,-143.9680113,-148.4709193,-152.9738274,-157.4767355,-161.9796435,-166.4825516,-170.9854597,-175.4883677,-179.9912758,-184.4941839,-188.9970919,-193.5,-198.0029081,-202.5058161,-207.0087242,-211.5116323,-216.0145403,-220.5174484,-225.0203565,-229.5232645
4160,78.97138837,15.630394,5.242026266,-2.178236398,-6.630393996,-8.114446529,-17.01876173,-22.95497186,-28.89118199,-34.82739212,-40.76360225,-46.69981238,-52.63602251,-58.57223265,-63.08649156,-67.60075047,-72.11500938,-76.62926829,-81.1435272,-85.65778612,-90.17204503,-94.68630394,-99.20056285,-103.7148218,-108.2290807,-112.7433396,-117.2575985,-121.7718574,-126.2861163,-130.8003752,-135.3146341,-139.8288931,-144.343152,-148.8574109,-153.3716698,-157.8859287,-162.4001876,-166.9144465,-171.4287054,-175.9429644,-180.4572233,-184.9714822,-189.4857411,-194,-198.5142589,-203.0285178,-207.5427767,-212.0570356,-216.5712946,-221.0855535,-225.5998124,-230.1140713
4170,79.16341463,15.65853659,5.243902439,-2.195121951,-6.658536585,-8.146341463,-17.07317073,-23.02439024,-28.97560976,-34.92682927,-40.87804878,-46.82926829,-52.7804878,-58.73170732,-63.25731707,-67.78292683,-72.30853659,-76.83414634,-81.3597561,-85.88536585,-90.41097561,-94.93658537,-99.46219512,-103.9878049,-108.5134146,-113.0390244,-117.5646341,-122.0902439,-126.6158537,-131.1414634,-135.6670732,-140.1926829,-144.7182927,-149.2439024,-153.7695122,-158.295122,-162.8207317,-167.3463415,-171.8719512,-176.397561,-180.9231707,-185.4487805,-189.9743902,-194.5,-199.0256098,-203.5512195,-208.0768293,-212.602439,-217.1280488,-221.6536585,-226.1792683,-230.704878
4180,79.3554409,15.68667917,5.245778612,-2.212007505,-6.686679174,-8.178236398,-17.12757974,-23.09380863,-29.06003752,-35.02626642,-40.99249531,-46.9587242,-52.9249531,-58.89118199,-63.42814259,-67.96510319,-72.50206379,-77.03902439,-81.57598499,-86.11294559,-90.64990619,-95.18686679,-99.72382739,-104.260788,-108.7977486,-113.3347092,-117.8716698,-122.4086304,-126.945591,-131.4825516,-136.0195122,-140.5564728,-145.0934334,-149.630394,-154.1673546,-158.7043152,-163.2412758,-167.7782364,-172.315197,-176.8521576,-181.3891182,-185.9260788,-190.4630394,-195,-199.5369606,-204.0739212,-208.6108818,-213.1478424,-217.684803,-222.2217636,-226.7587242,-231.2956848
4190,79.54746717,15.71482176,5.247654784,-2.228893058,-6.714821764,-8.210131332,-17.18198874,-23.16322702,-29.14446529,-35.12570356,-41.10694184,-47.08818011,-53.06941839,-59.05065666,-63.59896811,-68.14727955,-72.69559099,-77.24390244,-81.79221388,-86.34052533,-90.88883677,-95.43714822,-99.98545966,-104.5337711,-109.0820826,-113.630394,-118.1787054,-122.7270169,-127.2753283,-131.8236398,-136.3719512,-140.9202627,-145.4685741,-150.0168856,-154.565197,-159.1135084,-163.6618199,-168.2101313,-172.7584428,-177.3067542,-181.8550657,-186.4033771,-190.9516886,-195.5,-200.0483114,-204.5966229,-209.1449343,-213.6932458,-218.2415572,-222.7898687,-227.3381801,-231.8864916
4200,79.73949343,15.74296435,5.249530957,-2.245778612,-6.742964353,-8.242026266,-17.23639775,-23.2326454,-29.22889306,-35.22514071,-41.22138837,-47.21763602,-53.21388368,-59.21013133,-63.76979362,-68.32945591,-72.8891182,-77.44878049,-82.00844278,-86.56810507,-91.12776735,-95.68742964,-100.2470919,-104.8067542,-109.3664165,-113.9260788,-118.4857411,-123.0454034,-127.6050657,-132.164728,-136.7243902,-141.2840525,-145.8437148,-150.4033771,-154.9630394,-159.5227017,-164.082364,-168.6420263,-173.2016886,-177.7613508,-182.3210131,-186.8806754,-191.4403377,-196,-200.5596623,-205.1193246,-209.6789869,-214.2386492,-218.7983114,-223.3579737,-227.917636,-232.4772983
4210,79.9315197,15.77110694,5.251407129,-2.262664165,-6.771106942,-8.273921201,-17.29080675,-23.30206379,-29.31332083,-35.32457786,-41.3358349,-47.34709193,-53.35834897,-59.369606,-63.94061914,-68.51163227,-73.0826454,-77.65365854,-82.22467167,-86.7956848,-91.36669794,-95.93771107,-100.5087242,-105.0797373,-109.6507505,-114.2217636,-118.7927767,-123.3637899,-127.934803,-132.5058161,-137.0768293,-141.6478424,-146.2188555,-150.7898687,-155.3608818,-159.9318949,-164.5029081,-169.0739212,-173.6449343,-178.2159475,-182.7869606,-187.3579737,-191.9289869,-196.5,-201.0710131,-205.6420263,-210.2130394,-214.7840525,-219.3550657,-223.9260788,-228.4970919,-233.0681051
4220,80.12354597,15.79924953,5.253283302,-2.279549719,-6.799249531,-8.305816135,-17.34521576,-23.37148218,-29.39774859,-35.42401501,-41.45028143,-47.47654784,-53.50281426,-59.52908068,-64.11144465,-68.69380863,-73.27617261,-77.85853659,-82.44090056,-87.02326454,-91.60562852,-96.1879925,-100.7703565,-105.3527205,-109.9350844,-114.5174484,-119.0998124,-123.6821764,-128.2645403,-132.8469043,-137.4292683,-142.0116323,-146.5939962,-151.1763602,-155.7587242,-160.3410882,-164.9234522,-169.5058161,-174.0881801,-178.6705441,-183.2529081,-187.835272,-192.417636,-197,-201.582364,-206.164728,-210.7470919,-215.3294559,-219.9118199,-224.4941839,-229.0765478,-233.6589118
4230,80.31557223,15.82739212,5.255159475,-2.296435272,-6.82739212,-8.337711069,-17.39962477,-23.44090056,-29.48217636,-35.52345216,-41.56472795,-47.60600375,-53.64727955,-59.68855535,-64.28227017,-68.87598499,-73.46969981,-78.06341463,-82.65712946,-87.25084428,-91.8445591,-96.43827392,-101.0319887,-105.6257036,-110.2194184,-114.8131332,-119.406848,-124.0005629,-128.5942777,-133.1879925,-137.7817073,-142.3754221,-146.969137,-151.5628518,-156.1565666,-160.7502814,-165.3439962,-169.9377111,-174.5314259,-179.1251407,-183.7188555,-188.3125704,-192.9062852,-197.5,-202.0937148,-206.6874296,-211.2811445,-215.8748593,-220.4685741,-225.0622889,-229.6560038,-234.2497186
4240,80.5075985,15.85553471,5.257035647,-2.313320826,-6.855534709,-8.369606004,-17.45403377,-23.51031895,-29.56660413,-35.62288931,-41.67917448,-47.73545966,-53.79174484,-59.84803002,-64.45309568,-69.05816135,-73.66322702,-78.26829268,-82.87335835,-87.47842402,-92.08348968,-96.68855535,-101.293621,-105.8986867,-110.5037523,-115.108818,-119.7138837,-124.3189493,-128.924015,-133.5290807,-138.1341463,-142.739212,-147.3442777,-151.9493433,-156.554409,-161.1594747,-165.7645403,-170.369606,-174.9746717,-179.5797373,-184.184803,-188.7898687,-193.3949343,-198,-202.6050657,-207.2101313,-211.815197,-216.4202627,-221.0253283,-225.630394,-230.2354597,-234.8405253
4250,80.69962477,15.8836773,5.25891182,-2.330206379,-6.883677298,-8.401500938,-17.50844278,-23.57973734,-29.65103189,-35.72232645,-41.79362101,-47.86491557,-53.93621013,-60.00750469,-64.6239212,-69.24033771,-73.85675422,-78.47317073,-83.08958724,-87.70600375,-92.32242026,-96.93883677,-101.5552533,-106.1716698,-110.7880863,-115.4045028,-120.0209193,-124.6373358,-129.2537523,-133.8701689,-138.4865854,-143.1030019,-147.7194184,-152.3358349,-156.9522514,-161.5686679,-166.1850844,-170.8015009,-175.4179174,-180.034334,-184.6507505,-189.267167,-193.8835835,-198.5,-203.1164165,-207.732833,-212.3492495,-216.965666,-221.5820826,-226.1984991,-230.8149156,-235.4313321
4260,80.89165103,15.91181989,5.260787992,-2.347091932,-6.911819887,-8.433395872,-17.56285178,-23.64915572,-29.73545966,-35.8217636,-41.90806754,-47.99437148,-54.08067542,-60.16697936,-64.79474672,-69.42251407,-74.05028143,-78.67804878,-83.30581614,-87.93358349,-92.56135084,-97.1891182,-101.8168856,-106.4446529,-111.0724203,-115.7001876,-120.327955,-124.9557223,-129.5834897,-134.211257,-138.8390244,-143.4667917,-148.0945591,-152.7223265,-157.3500938,-161.9778612,-166.6056285,-171.2333959,-175.8611632,-180.4889306,-185.1166979,-189.7444653,-194.3722326,-199,-203.6277674,-208.2555347,-212.8833021,-217.5110694,-222.1388368,-226.7666041,-231.3943715,-236.0221388
4270,81.0836773,15.93996248,5.262664165,-2.363977486,-6.939962477,-8.465290807,-17.61726079,-23.71857411,-29.81988743,-35.92120075,-42.02251407,-48.12382739,-54.22514071,-60.32645403,-64.96557223,-69.60469043,-74.24380863,-78.88292683,-83.52204503,-88.16116323,-92.80028143,-97.43939962,-102.0785178,-106.717636,-111.3567542,-115.9958724,-120.6349906,-125.2741088,-129.913227,-134.5523452,-139.1914634,-143.8305816,-148.4696998,-153.108818,-157.7479362,-162.3870544,-167.0261726,-171.6652908,-176.304409,-180.9435272,-185.5826454,-190.2217636,-194.8608818,-199.5,-204.1391182,-208.7782364,-213.4173546,-218.0564728,-222.695591,-227.3347092,-231.9738274,-236.6129456
4280,81.27570356,15.96810507,5.264540338,-2.380863039,-6.968105066,-8.497185741,-17.67166979,-23.7879925,-29.9043152,-36.0206379,-42.1369606,-48.2532833,-54.369606,-60.48592871,-65.13639775,-69.78686679,-74.43733583,-79.08780488,-83.73827392,-88.38874296,-93.03921201,-97.68968105,-102.3401501,-106.9906191,-111.6410882,-116.2915572,-120.9420263,-125.5924953,-130.2429644,-134.8934334,-139.5439024,-144.1943715,-148.8448405,-153.4953096,-158.1457786,-162.7962477,-167.4467167,-172.0971857,-176.7476548,-181.3981238,-186.0485929,-190.6990619,-195.349531,-200,-204.650469,-209.3009381,-213.9514071,-218.6018762,-223.2523452,-227.9028143,-232.5532833,-237.2037523
4290,81.46772983,15.99624765,5.26641651,-2.397748593,-6.996247655,-8.529080675,-17.7260788,-23.85741088,-29.98874296,-36.12007505,-42.25140713,-48.38273921,-54.51407129,-60.64540338,-65.30722326,-69.96904315,-74.63086304,-79.29268293,-83.95450281,-88.6163227,-93.27814259,-97.93996248,-102.6017824,-107.2636023,-111.9254221,-116.587242,-121.2490619,-125.9108818,-130.5727017,-135.2345216,-139.8963415,-144.5581614,-149.2199812,-153.8818011,-158.543621,-163.2054409,-167.8672608,-172.5290807,-177.1909006,-181.8527205,-186.5145403,-191.1763602,-195.8381801,-200.5,-205.1618199,-209.8236398,-214.4854597,-219.1472795,-223.8090994,-228.4709193,-233.1327392,-237.7945591
4300,81.6597561,16.02439024,5.268292683,-2.414634146,-7.024390244,-8.56097561,-17.7804878,-23.92682927,-30.07317073,-36.2195122,-42.36585366,-48.51219512,-54.65853659,-60.80487805,-65.47804878,-70.15121951,-74.82439024,-79.49756098,-84.17073171,-88.84390244,-93.51707317,-98.1902439,-102.8634146,-107.5365854,-112.2097561,-116.8829268,-121.5560976,-126.2292683,-130.902439,-135.5756098,-140.2487805,-144.9219512,-149.595122,-154.2682927,-158.9414634,-163.6146341,-168.2878049,-172.9609756,-177.6341463,-182.3073171,-186.9804878,-191.6536585,-196.3268293,-201,-205.6731707,-210.3463415,-215.0195122,-219.6926829,-224.3658537,-229.0390244,-233.7121951,-238.3853659
4310,81.85178236,16.05253283,5.270168856,-2.4315197,-7.052532833,-8.592870544,-17.83489681,-23.99624765,-30.1575985,-36.31894934,-42.48030019,-48.64165103,-54.80300188,-60.96435272,-65.6488743,-70.33339587,-75.01791745,-79.70243902,-84.3869606,-89.07148218,-93.75600375,-98.44052533,-103.1250469,-107.8095685,-112.4940901,-117.1786116,-121.8631332,-126.5476548,-131.2321764,-135.9166979,-140.6012195,-145.2857411,-149.9702627,-154.6547842,-159.3393058,-164.0238274,-168.708349,-173.3928705,-178.0773921,-182.7619137,-187.4464353,-192.1309568,-196.8154784,-201.5,-206.1845216,-210.8690432,-215.5535647,-220.2380863,-224.9226079,-229.6071295,-234.291651,-238.9761726
4320,82.04380863,16.08067542,5.272045028,-2.448405253,-7.080675422,-8.624765478,-17.88930582,-24.06566604,-30.24202627,-36.41838649,-42.59474672,-48.77110694,-54.94746717,-61.12382739,-65.81969981,-70.51557223,-75.21144465,-79.90731707,-84.60318949,-89.29906191,-93.99493433,-98.69080675,-103.3866792,-108.0825516,-112.778424,-117.4742964,-122.1701689,-126.8660413,-131.5619137,-136.2577861,-140.9536585,-145.649531,-150.3454034,-155.0412758,-159.7371482,-164.4330206,-169.1288931,-173.8247655,-178.5206379,-183.2165103,-187.9123827,-192.6082552,-197.3041276,-202,-206.6958724,-211.3917448,-216.0876173,-220.7834897,-225.4793621,-230.1752345,-234.8711069,-239.5669794
4330,82.2358349,16.10881801,5.273921201,-2.465290807,-7.108818011,-8.656660413,-17.94371482,-24.13508443,-30.32645403,-36.51782364,-42.70919325,-48.90056285,-55.09193246,-61.28330206,-65.99052533,-70.69774859,-75.40497186,-80.11219512,-84.81941839,-89.52664165,-94.23386492,-98.94108818,-103.6483114,-108.3555347,-113.062758,-117.7699812,-122.4772045,-127.1844278,-131.891651,-136.5988743,-141.3060976,-146.0133208,-150.7205441,-155.4277674,-160.1349906,-164.8422139,-169.5494371,-174.2566604,-178.9638837,-183.6711069,-188.3783302,-193.0855535,-197.7927767,-202.5,-207.2072233,-211.9144465,-216.6216698,-221.3288931,-226.0361163,-230.7433396,-235.4505629,-240.1577861
4340,82.42786116,16.1369606,5.275797373,-2.48217636,-7.1369606,-8.688555347,-17.99812383,-24.20450281,-30.4108818,-36.61726079,-42.82363977,-49.03001876,-55.23639775,-61.44277674,-66.16135084,-70.87992495,-75.59849906,-80.31707317,-85.03564728,-89.75422139,-94.4727955,-99.19136961,-103.9099437,-108.6285178,-113.3470919,-118.065666,-122.7842402,-127.5028143,-132.2213884,-136.9399625,-141.6585366,-146.3771107,-151.0956848,-155.8142589,-160.532833,-165.2514071,-169.9699812,-174.6885553,-179.4071295,-184.1257036,-188.8442777,-193.5628518,-198.2814259,-203,-207.7185741,-212.4371482,-217.1557223,-221.8742964,-226.5928705,-231.3114447,-236.0300188,-240.7485929
4350,82.61988743,16.16510319,5.277673546,-2.499061914,-7.165103189,-8.720450281,-18.05253283,-24.2739212,-30.49530957,-36.71669794,-42.9380863,-49.15947467,-55.38086304,-61.60225141,-66.33217636,-71.06210131,-75.79202627,-80.52195122,-85.25187617,-89.98180113,-94.71172608,-99.44165103,-104.171576,-108.9015009,-113.6314259,-118.3613508,-123.0912758,-127.8212008,-132.5511257,-137.2810507,-142.0109756,-146.7409006,-151.4708255,-156.2007505,-160.9306754,-165.6606004,-170.3905253,-175.1204503,-179.8503752,-184.5803002,-189.3102251,-194.0401501,-198.770075,-203.5,-208.229925,-212.9598499,-217.6897749,-222.4196998,-227.1496248,-231.8795497,-236.6094747,-241.3393996
4360,82.8119137,16.19324578,5.279549719,-2.515947467,-7.193245779,-8.752345216,-18.10694184,-24.34333959,-30.57973734,-36.81613508,-43.05253283,-49.28893058,-55.52532833,-61.76172608,-66.50300188,-71.24427767,-75.98555347,-80.72682927,-85.46810507,-90.20938086,-94.95065666,-99.69193246,-104.4332083,-109.1744841,-113.9157598,-118.6570356,-123.3983114,-128.1395872,-132.880863,-137.6221388,-142.3634146,-147.1046904,-151.8459662,-156.587242,-161.3285178,-166.0697936,-170.8110694,-175.5523452,-180.293621,-185.0348968,-189.7761726,-194.5174484,-199.2587242,-204,-208.7412758,-213.4825516,-218.2238274,-222.9651032,-227.706379,-232.4476548,-237.1889306,-241.9302064
4370,83.00393996,16.22138837,5.281425891,-2.532833021,-7.221388368,-8.78424015,-18.16135084,-24.41275797,-30.6641651,-36.91557223,-43.16697936,-49.41838649,-55.66979362,-61.92120075,-66.67382739,-71.42645403,-76.17908068,-80.93170732,-85.68433396,-90.4369606,-95.18958724,-99.94221388,-104.6948405,-109.4474672,-114.2000938,-118.9527205,-123.7053471,-128.4579737,-133.2106004,-137.963227,-142.7158537,-147.4684803,-152.2211069,-156.9737336,-161.7263602,-166.4789869,-171.2316135,-175.9842402,-180.7368668,-185.4894934,-190.2421201,-194.9947467,-199.7473734,-204.5,-209.2526266,-214.0052533,-218.7578799,-223.5105066,-228.2631332,-233.0157598,-237.7683865,-242.5210131
4380,83.19596623,16.24953096,5.283302064,-2.549718574,-7.249530957,-8.816135084,-18.21575985,-24.48217636,-30.74859287,-37.01500938,-43.28142589,-49.5478424,-55.81425891,-62.08067542,-66.84465291,-71.60863039,-76.37260788,-81.13658537,-85.90056285,-90.66454034,-95.42851782,-100.1924953,-104.9564728,-109.7204503,-114.4844278,-119.2484053,-124.0123827,-128.7763602,-133.5403377,-138.3043152,-143.0682927,-147.8322702,-152.5962477,-157.3602251,-162.1242026,-166.8881801,-171.6521576,-176.4161351,-181.1801126,-185.9440901,-190.7080675,-195.472045,-200.2360225,-205,-209.7639775,-214.527955,-219.2919325,-224.0559099,-228.8198874,-233.5838649,-238.3478424,-243.1118199
4390,83.3879925,16.27767355,5.285178236,-2.566604128,-7.277673546,-8.848030019,-18.27016886,-24.55159475,-30.83302064,-37.11444653,-43.39587242,-49.67729831,-55.9587242,-62.24015009,-67.01547842,-71.79080675,-76.56613508,-81.34146341,-86.11679174,-90.89212008,-95.66744841,-100.4427767,-105.2181051,-109.9934334,-114.7687617,-119.5440901,-124.3194184,-129.0947467,-133.870075,-138.6454034,-143.4207317,-148.19606,-152.9713884,-157.7467167,-162.522045,-167.2973734,-172.0727017,-176.84803,-181.6233583,-186.3986867,-191.174015,-195.9493433,-200.7246717,-205.5,-210.2753283,-215.0506567,-219.825985,-224.6013133,-229.3766417,-234.15197,-238.9272983,-243.7026266
4400,83.58001876,16.30581614,5.287054409,-2.583489681,-7.305816135,-8.879924953,-18.32457786,-24.62101313,-30.91744841,-37.21388368,-43.51031895,-49.80675422,-56.10318949,-62.39962477,-67.18630394,-71.97298311,-76.75966229,-81.54634146,-86.33302064,-91.11969981,-95.90637899,-100.6930582,-105.4797373,-110.2664165,-115.0530957,-119.8397749,-124.626454,-129.4131332,-134.1998124,-138.9864916,-143.7731707,-148.5598499,-153.3465291,-158.1332083,-162.9198874,-167.7065666,-172.4932458,-177.279925,-182.0666041,-186.8532833,-191.6399625,-196.4266417,-201.2133208,-206,-210.7866792,-215.5733583,-220.3600375,-225.1467167,-229.9333959,-234.720075,-239.5067542,-244.2934334
4410,83.77204503,16.33395872,5.288930582,-2.600375235,-7.333958724,-8.911819887,-18.37898687,-24.69043152,-31.00187617,-37.31332083,-43.62476548,-49.93621013,-56.24765478,-62.55909944,-67.35712946,-72.15515947,-76.95318949,-81.75121951,-86.54924953,-91.34727955,-96.14530957,-100.9433396,-105.7413696,-110.5393996,-115.3374296,-120.1354597,-124.9334897,-129.7315197,-134.5295497,-139.3275797,-144.1256098,-148.9236398,-153.7216698,-158.5196998,-163.3177298,-168.1157598,-172.9137899,-177.7118199,-182.5098499,-187.3078799,-192.1059099,-196.90394,-201.70197,-206.5,-211.29803,-216.09606,-220.8940901,-225.6921201,-230.4901501,-235.2881801,-240.0862101,-244.8842402
4420,83.96407129,16.36210131,5.290806754,-2.617260788,-7.362101313,-8.943714822,-18.43339587,-24.75984991,-31.08630394,-37.41275797,-43.73921201,-50.06566604,-56.39212008,-62.71857411,-67.52795497,-72.33733583,-77.1467167,-81.95609756,-86.76547842,-91.57485929,-96.38424015,-101.193621,-106.0030019,-110.8123827,-115.6217636,-120.4311445,-125.2405253,-130.0499062,-134.8592871,-139.6686679,-144.4780488,-149.2874296,-154.0968105,-158.9061914,-163.7155722,-168.5249531,-173.334334,-178.1437148,-182.9530957,-187.7624765,-192.5718574,-197.3812383,-202.1906191,-207,-211.8093809,-216.6187617,-221.4281426,-226.2375235,-231.0469043,-235.8562852,-240.665666,-245.4750469
4430,84.15609756,16.3902439,5.292682927,-2.634146341,-7.390243902,-8.975609756,-18.48780488,-24.82926829,-31.17073171,-37.51219512,-43.85365854,-50.19512195,-56.53658537,-62.87804878,-67.69878049,-72.5195122,-77.3402439,-82.16097561,-86.98170732,-91.80243902,-96.62317073,-101.4439024,-106.2646341,-111.0853659,-115.9060976,-120.7268293,-125.547561,-130.3682927,-135.1890244,-140.0097561,-144.8304878,-149.6512195,-154.4719512,-159.2926829,-164.1134146,-168.9341463,-173.754878,-178.5756098,-183.3963415,-188.2170732,-193.0378049,-197.8585366,-202.6792683,-207.5,-212.3207317,-217.1414634,-221.9621951,-226.7829268,-231.6036585,-236.4243902,-241.245122,-246.0658537
4440,84.34812383,16.41838649,5.294559099,-2.651031895,-7.418386492,-9.00750469,-18.54221388,-24.89868668,-31.25515947,-37.61163227,-43.96810507,-50.32457786,-56.68105066,-63.03752345,-67.869606,-72.70168856,-77.53377111,-82.36585366,-87.19793621,-92.03001876,-96.86210131,-101.6941839,-106.5262664,-111.358349,-116.1904315,-121.0225141,-125.8545966,-130.6866792,-135.5187617,-140.3508443,-145.1829268,-150.0150094,-154.8470919,-159.6791745,-164.511257,-169.3433396,-174.1754221,-179.0075047,-183.8395872,-188.6716698,-193.5037523,-198.3358349,-203.1679174,-208,-212.8320826,-217.6641651,-222.4962477,-227.3283302,-232.1604128,-236.9924953,-241.8245779,-246.6566604
4450,84.54015009,16.44652908,5.296435272,-2.667917448,-7.446529081,-9.039399625,-18.59662289,-24.96810507,-31.33958724,-37.71106942,-44.08255159,-50.45403377,-56.82551595,-63.19699812,-68.04043152,-72.88386492,-77.72729831,-82.57073171,-87.4141651,-92.2575985,-97.10103189,-101.9444653,-106.7878987,-111.6313321,-116.4747655,-121.3181989,-126.1616323,-131.0050657,-135.8484991,-140.6919325,-145.5353659,-150.3787992,-155.2222326,-160.065666,-164.9090994,-169.7525328,-174.5959662,-179.4393996,-184.282833,-189.1262664,-193.9696998,-198.8131332,-203.6565666,-208.5,-213.3434334,-218.1868668,-223.0303002,-227.8737336,-232.717167,-237.5606004,-242.4040338,-247.2474672
4460,84.73217636,16.47467167,5.298311445,-2.684803002,-7.47467167,-9.071294559,-18.65103189,-25.03752345,-31.42401501,-37.81050657,-44.19699812,-50.58348968,-56.96998124,-63.3564728,-68.21125704,-73.06604128,-77.92082552,-82.77560976,-87.630394,-92.48517824,-97.33996248,-102.1947467,-107.049531,-111.9043152,-116.7590994,-121.6138837,-126.4686679,-131.3234522,-136.1782364,-141.0330206,-145.8878049,-150.7425891,-155.5973734,-160.4521576,-165.3069418,-170.1617261,-175.0165103,-179.8712946,-184.7260788,-189.580863,-194.4356473,-199.2904315,-204.1452158,-209,-213.8547842,-218.7095685,-223.5643527,-228.419137,-233.2739212,-238.1287054,-242.9834897,-247.8382739
4470,84.92420263,16.50281426,5.300187617,-2.701688555,-7.502814259,-9.103189493,-18.7054409,-25.10694184,-31.50844278,-37.90994371,-44.31144465,-50.71294559,-57.11444653,-63.51594747,-68.38208255,-73.24821764,-78.11435272,-82.9804878,-87.84662289,-92.71275797,-97.57889306,-102.4450281,-107.3111632,-112.1772983,-117.0434334,-121.9095685,-126.7757036,-131.6418386,-136.5079737,-141.3741088,-146.2402439,-151.106379,-155.9725141,-160.8386492,-165.7047842,-170.5709193,-175.4370544,-180.3031895,-185.1693246,-190.0354597,-194.9015947,-199.7677298,-204.6338649,-209.5,-214.3661351,-219.2322702,-224.0984053,-228.9645403,-233.8306754,-238.6968105,-243.5629456,-248.4290807
4480,85.11622889,16.53095685,5.30206379,-2.718574109,-7.530956848,-9.135084428,-18.75984991,-25.17636023,-31.59287054,-38.00938086,-44.42589118,-50.8424015,-57.25891182,-63.67542214,-68.55290807,-73.430394,-78.30787992,-83.18536585,-88.06285178,-92.94033771,-97.81782364,-102.6953096,-107.5727955,-112.4502814,-117.3277674,-122.2052533,-127.0827392,-131.9602251,-136.8377111,-141.715197,-146.5926829,-151.4701689,-156.3476548,-161.2251407,-166.1026266,-170.9801126,-175.8575985,-180.7350844,-185.6125704,-190.4900563,-195.3675422,-200.2450281,-205.1225141,-210,-214.8774859,-219.7549719,-224.6324578,-229.5099437,-234.3874296,-239.2649156,-244.1424015,-249.0198874
4490,85.30825516,16.55909944,5.303939962,-2.735459662,-7.559099437,-9.166979362,-18.81425891,-25.24577861,-31.67729831,-38.10881801,-44.54033771,-50.97185741,-57.40337711,-63.83489681,-68.72373358,-73.61257036,-78.50140713,-83.3902439,-88.27908068,-93.16791745,-98.05675422,-102.945591,-107.8344278,-112.7232645,-117.6121013,-122.5009381,-127.3897749,-132.2786116,-137.1674484,-142.0562852,-146.945122,-151.8339587,-156.7227955,-161.6116323,-166.500469,-171.3893058,-176.2781426,-181.1669794,-186.0558161,-190.9446529,-195.8334897,-200.7223265,-205.6111632,-210.5,-215.3888368,-220.2776735,-225.1665103,-230.0553471,-234.9441839,-239.8330206,-244.7218574,-249.6106942
4500,85.50028143,16.58724203,5.305816135,-2.752345216,-7.587242026,-9.198874296,-18.86866792,-25.315197,-31.76172608,-38.20825516,-44.65478424,-51.10131332,-57.5478424,-63.99437148,-68.8945591,-73.79474672,-78.69493433,-83.59512195,-88.49530957,-93.39549719,-98.2956848,-103.1958724,-108.09606,-112.9962477,-117.8964353,-122.7966229,-127.6968105,-132.5969981,-137.4971857,-142.3973734,-147.297561,-152.1977486,-157.0979362,-161.9981238,-166.8983114,-171.7984991,-176.6986867,-181.5988743,-186.4990619,-191.3992495,-196.2994371,-201.1996248,-206.0998124,-211,-215.9001876,-220.8003752,-225.7005629,-230.6007505,-235.5009381,-240.4011257,-245.3013133,-250.2015009
4510,85.69230769,16.61538462,5.307692308,-2.769230769,-7.615384615,-9.230769231,-18.92307692,-25.38461538,-31.84615385,-38.30769231,-44.76923077,-51.23076923,-57.69230769,-64.15384615,-69.06538462,-73.97692308,-78.88846154,-83.8,-88.71153846,-93.62307692,-98.53461538,-103.4461538,-108.3576923,-113.2692308,-118.1807692,-123.0923077,-128.0038462,-132.9153846,-137.8269231,-142.7384615,-147.65,-152.5615385,-157.4730769,-162.3846154,-167.2961538,-172.2076923,-177.1192308,-182.0307692,-186.9423077,-191.8538462,-196.7653846,-201.6769231,-206.5884615,-211.5,-216.4115385,-221.3230769,-226.2346154,-231.1461538,-236.0576923,-240.9692308,-245.8807692,-250.7923077
4520,85.88433396,16.6435272,5.30956848,-2.786116323,-7.643527205,-9.262664165,-18.97748593,-25.45403377,-31.93058161,-38.40712946,-44.8836773,-51.36022514,-57.83677298,-64.31332083,-69.23621013,-74.15909944,-79.08198874,-84.00487805,-88.92776735,-93.85065666,-98.77354597,-103.6964353,-108.6193246,-113.5422139,-118.4651032,-123.3879925,-128.3108818,-133.2337711,-138.1566604,-143.0795497,-148.002439,-152.9253283,-157.8482176,-162.7711069,-167.6939962,-172.6168856,-177.5397749,-182.4626642,-187.3855535,-192.3084428,-197.2313321,-202.1542214,-207.0771107,-212,-216.9228893,-221.8457786,-226.7686679,-231.6915572,-236.6144465,-241.5373358,-246.4602251,-251.3831144
4530,86.07636023,16.67166979,5.311444653,-2.803001876,-7.671669794,-9.294559099,-19.03189493,-25.52345216,-32.01500938,-38.5065666,-44.99812383,-51.48968105,-57.98123827,-64.4727955,-69.40703565,-74.3412758,-79.27551595,-84.2097561,-89.14399625,-94.0782364,-99.01247655,-103.9467167,-108.8809568,-113.815197,-118.7494371,-123.6836773,-128.6179174,-133.5521576,-138.4863977,-143.4206379,-148.354878,-153.2891182,-158.2233583,-163.1575985,-168.0918386,-173.0260788,-177.9603189,-182.8945591,-187.8287992,-192.7630394,-197.6972795,-202.6315197,-207.5657598,-212.5,-217.4342402,-222.3684803,-227.3027205,-232.2369606,-237.1712008,-242.1054409,-247.0396811,-251.9739212
4540,86.26838649,16.69981238,5.313320826,-2.81988743,-7.699812383,-9.326454034,-19.08630394,-25.59287054,-32.09943715,-38.60600375,-45.11257036,-51.61913696,-58.12570356,-64.63227017,-69.57786116,-74.52345216,-79.46904315,-84.41463415,-89.36022514,-94.30581614,-99.25140713,-104.1969981,-109.1425891,-114.0881801,-119.0337711,-123.9793621,-128.9249531,-133.8705441,-138.8161351,-143.7617261,-148.7073171,-153.6529081,-158.5984991,-163.5440901,-168.4896811,-173.435272,-178.380863,-183.326454,-188.272045,-193.217636,-198.163227,-203.108818,-208.054409,-213,-217.945591,-222.891182,-227.836773,-232.782364,-237.727955,-242.673546,-247.619137,-252.564728
4550,86.46041276,16.72795497,5.315196998,-2.836772983,-7.727954972,-9.358348968,-19.14071295,-25.66228893,-32.18386492,-38.7054409,-45.22701689,-51.74859287,-58.27016886,-64.79174484,-69.74868668,-74.70562852,-79.66257036,-84.6195122,-89.57645403,-94.53339587,-99.49033771,-104.4472795,-109.4042214,-114.3611632,-119.3181051,-124.2750469,-129.2319887,-134.1889306,-139.1458724,-144.1028143,-149.0597561,-154.0166979,-158.9736398,-163.9305816,-168.8875235,-173.8444653,-178.8014071,-183.758349,-188.7152908,-193.6722326,-198.6291745,-203.5861163,-208.5430582,-213.5,-218.4569418,-223.4138837,-228.3708255,-233.3277674,-238.2847092,-243.241651,-248.1985929,-253.1555347
4560,86.65243902,16.75609756,5.317073171,-2.853658537,-7.756097561,-9.390243902,-19.19512195,-25.73170732,-32.26829268,-38.80487805,-45.34146341,-51.87804878,-58.41463415,-64.95121951,-69.9195122,-74.88780488,-79.85609756,-84.82439024,-89.79268293,-94.76097561,-99.72926829,-104.697561,-109.6658537,-114.6341463,-119.602439,-124.5707317,-129.5390244,-134.5073171,-139.4756098,-144.4439024,-149.4121951,-154.3804878,-159.3487805,-164.3170732,-169.2853659,-174.2536585,-179.2219512,-184.1902439,-189.1585366,-194.1268293,-199.095122,-204.0634146,-209.0317073,-214,-218.9682927,-223.9365854,-228.904878,-233.8731707,-238.8414634,-243.8097561,-248.7780488,-253.7463415
4570,86.84446529,16.78424015,5.318949343,-2.87054409,-7.78424015,-9.422138837,-19.24953096,-25.8011257,-32.35272045,-38.9043152,-45.45590994,-52.00750469,-58.55909944,-65.11069418,-70.09033771,-75.06998124,-80.04962477,-85.02926829,-90.00891182,-94.98855535,-99.96819887,-104.9478424,-109.9274859,-114.9071295,-119.886773,-124.8664165,-129.84606,-134.8257036,-139.8053471,-144.7849906,-149.7646341,-154.7442777,-159.7239212,-164.7035647,-169.6832083,-174.6628518,-179.6424953,-184.6221388,-189.6017824,-194.5814259,-199.5610694,-204.5407129,-209.5203565,-214.5,-219.4796435,-224.4592871,-229.4389306,-234.4185741,-239.3982176,-244.3778612,-249.3575047,-254.3371482
4580,87.03649156,16.81238274,5.320825516,-2.887429644,-7.812382739,-9.454033771,-19.30393996,-25.87054409,-32.43714822,-39.00375235,-45.57035647,-52.1369606,-58.70356473,-65.27016886,-70.26116323,-75.2521576,-80.24315197,-85.23414634,-90.22514071,-95.21613508,-100.2071295,-105.1981238,-110.1891182,-115.1801126,-120.1711069,-125.1621013,-130.1530957,-135.1440901,-140.1350844,-145.1260788,-150.1170732,-155.1080675,-160.0990619,-165.0900563,-170.0810507,-175.072045,-180.0630394,-185.0540338,-190.0450281,-195.0360225,-200.0270169,-205.0180113,-210.0090056,-215,-219.9909944,-224.9819887,-229.9729831,-234.9639775,-239.9549719,-244.9459662,-249.9369606,-254.927955
4590,87.22851782,16.84052533,5.322701689,-2.904315197,-7.840525328,-9.485928705,-19.35834897,-25.93996248,-32.52157598,-39.10318949,-45.684803,-52.26641651,-58.84803002,-65.42964353,-70.43198874,-75.43433396,-80.43667917,-85.43902439,-90.44136961,-95.44371482,-100.44606,-105.4484053,-110.4507505,-115.4530957,-120.4554409,-125.4577861,-130.4601313,-135.4624765,-140.4648218,-145.467167,-150.4695122,-155.4718574,-160.4742026,-165.4765478,-170.4788931,-175.4812383,-180.4835835,-185.4859287,-190.4882739,-195.4906191,-200.4929644,-205.4953096,-210.4976548,-215.5,-220.5023452,-225.5046904,-230.5070356,-235.5093809,-240.5117261,-245.5140713,-250.5164165,-255.5187617
4600,87.42054409,16.86866792,5.324577861,-2.92120075,-7.868667917,-9.51782364,-19.41275797,-26.00938086,-32.60600375,-39.20262664,-45.79924953,-52.39587242,-58.99249531,-65.5891182,-70.60281426,-75.61651032,-80.63020638,-85.64390244,-90.6575985,-95.67129456,-100.6849906,-105.6986867,-110.7123827,-115.7260788,-120.7397749,-125.7534709,-130.767167,-135.780863,-140.7945591,-145.8082552,-150.8219512,-155.8356473,-160.8493433,-165.8630394,-170.8767355,-175.8904315,-180.9041276,-185.9178236,-190.9315197,-195.9452158,-200.9589118,-205.9726079,-210.9863039,-216,-221.0136961,-226.0273921,-231.0410882,-236.0547842,-241.0684803,-246.0821764,-251.0958724,-256.1095685
4610,87.61257036,16.89681051,5.326454034,-2.938086304,-7.896810507,-9.549718574,-19.46716698,-26.07879925,-32.69043152,-39.30206379,-45.91369606,-52.52532833,-59.1369606,-65.74859287,-70.77363977,-75.79868668,-80.82373358,-85.84878049,-90.87382739,-95.8988743,-100.9239212,-105.9489681,-110.974015,-115.9990619,-121.0241088,-126.0491557,-131.0742026,-136.0992495,-141.1242964,-146.1493433,-151.1743902,-156.1994371,-161.2244841,-166.249531,-171.2745779,-176.2996248,-181.3246717,-186.3497186,-191.3747655,-196.3998124,-201.4248593,-206.4499062,-211.4749531,-216.5,-221.5250469,-226.5500938,-231.5751407,-236.6001876,-241.6252345,-246.6502814,-251.6753283,-256.7003752
4620,87.80459662,16.9249531,5.328330206,-2.954971857,-7.924953096,-9.581613508,-19.52157598,-26.14821764,-32.77485929,-39.40150094,-46.02814259,-52.65478424,-59.28142589,-65.90806754,-70.94446529,-75.98086304,-81.01726079,-86.05365854,-91.09005629,-96.12645403,-101.1628518,-106.1992495,-111.2356473,-116.272045,-121.3084428,-126.3448405,-131.3812383,-136.417636,-141.4540338,-146.4904315,-151.5268293,-156.563227,-161.5996248,-166.6360225,-171.6724203,-176.708818,-181.7452158,-186.7816135,-191.8180113,-196.854409,-201.8908068,-206.9272045,-211.9636023,-217,-222.0363977,-227.0727955,-232.1091932,-237.145591,-242.1819887,-247.2183865,-252.2547842,-257.291182
4630,87.99662289,16.95309568,5.330206379,-2.971857411,-7.953095685,-9.613508443,-19.57598499,-26.21763602,-32.85928705,-39.50093809,-46.14258912,-52.78424015,-59.42589118,-66.06754221,-71.11529081,-76.1630394,-81.21078799,-86.25853659,-91.30628518,-96.35403377,-101.4017824,-106.449531,-111.4972795,-116.5450281,-121.5927767,-126.6405253,-131.6882739,-136.7360225,-141.7837711,-146.8315197,-151.8792683,-156.9270169,-161.9747655,-167.0225141,-172.0702627,-177.1180113,-182.1657598,-187.2135084,-192.261257,-197.3090056,-202.3567542,-207.4045028,-212.4522514,-217.5,-222.5477486,-227.5954972,-232.6432458,-237.6909944,-242.738743,-247.7864916,-252.8342402,-257.8819887
4640,88.18864916,16.98123827,5.332082552,-2.988742964,-7.981238274,-9.645403377,-19.630394,-26.28705441,-32.94371482,-39.60037523,-46.25703565,-52.91369606,-59.57035647,-66.22701689,-71.28611632,-76.34521576,-81.4043152,-86.46341463,-91.52251407,-96.58161351,-101.6407129,-106.6998124,-111.7589118,-116.8180113,-121.8771107,-126.9362101,-131.9953096,-137.054409,-142.1135084,-147.1726079,-152.2317073,-157.2908068,-162.3499062,-167.4090056,-172.4681051,-177.5272045,-182.5863039,-187.6454034,-192.7045028,-197.7636023,-202.8227017,-207.8818011,-212.9409006,-218,-223.0590994,-228.1181989,-233.1772983,-238.2363977,-243.2954972,-248.3545966,-253.4136961,-258.4727955
4650,88.38067542,17.00938086,5.333958724,-3.005628518,-8.009380863,-9.677298311,-19.684803,-26.3564728,-33.02814259,-39.69981238,-46.37148218,-53.04315197,-59.71482176,-66.38649156,-71.45694184,-76.52739212,-81.5978424,-86.66829268,-91.73874296,-96.80919325,-101.8796435,-106.9500938,-112.0205441,-117.0909944,-122.1614447,-127.2318949,-132.3023452,-137.3727955,-142.4432458,-147.5136961,-152.5841463,-157.6545966,-162.7250469,-167.7954972,-172.8659475,-177.9363977,-183.006848,-188.0772983,-193.1477486,-198.2181989,-203.2886492,-208.3590994,-213.4295497,-218.5,-223.5704503,-228.6409006,-233.7113508,-238.7818011,-243.8522514,-248.9227017,-253.993152,-259.0636023
4660,88.57270169,17.03752345,5.335834897,-3.022514071,-8.037523452,-9.709193246,-19.73921201,-26.42589118,-33.11257036,-39.79924953,-46.48592871,-53.17260788,-59.85928705,-66.54596623,-71.62776735,-76.70956848,-81.79136961,-86.87317073,-91.95497186,-97.03677298,-102.1185741,-107.2003752,-112.2821764,-117.3639775,-122.4457786,-127.5275797,-132.6093809,-137.691182,-142.7729831,-147.8547842,-152.9365854,-158.0183865,-163.1001876,-168.1819887,-173.2637899,-178.345591,-183.4273921,-188.5091932,-193.5909944,-198.6727955,-203.7545966,-208.8363977,-213.9181989,-219,-224.0818011,-229.1636023,-234.2454034,-239.3272045,-244.4090056,-249.4908068,-254.5726079,-259.654409
4670,88.76472795,17.06566604,5.337711069,-3.039399625,-8.065666041,-9.74108818,-19.79362101,-26.49530957,-33.19699812,-39.89868668,-46.60037523,-53.30206379,-60.00375235,-66.7054409,-71.79859287,-76.89174484,-81.98489681,-87.07804878,-92.17120075,-97.26435272,-102.3575047,-107.4506567,-112.5438086,-117.6369606,-122.7301126,-127.8232645,-132.9164165,-138.0095685,-143.1027205,-148.1958724,-153.2890244,-158.3821764,-163.4753283,-168.5684803,-173.6616323,-178.7547842,-183.8479362,-188.9410882,-194.0342402,-199.1273921,-204.2205441,-209.3136961,-214.406848,-219.5,-224.593152,-229.6863039,-234.7794559,-239.8726079,-244.9657598,-250.0589118,-255.1520638,-260.2452158
4680,88.95675422,17.09380863,5.339587242,-3.056285178,-8.09380863,-9.772983114,-19.84803002,-26.56472795,-33.28142589,-39.99812383,-46.71482176,-53.4315197,-60.14821764,-66.86491557,-71.96941839,-77.0739212,-82.17842402,-87.28292683,-92.38742964,-97.49193246,-102.5964353,-107.7009381,-112.8054409,-117.9099437,-123.0144465,-128.1189493,-133.2234522,-138.327955,-143.4324578,-148.5369606,-153.6414634,-158.7459662,-163.850469,-168.9549719,-174.0594747,-179.1639775,-184.2684803,-189.3729831,-194.4774859,-199.5819887,-204.6864916,-209.7909944,-214.8954972,-220,-225.1045028,-230.2090056,-235.3135084,-240.4180113,-245.5225141,-250.6270169,-255.7315197,-260.8360225
4690,89.14878049,17.12195122,5.341463415,-3.073170732,-8.12195122,-9.804878049,-19.90243902,-26.63414634,-33.36585366,-40.09756098,-46.82926829,-53.56097561,-60.29268293,-67.02439024,-72.1402439,-77.25609756,-82.37195122,-87.48780488,-92.60365854,-97.7195122,-102.8353659,-107.9512195,-113.0670732,-118.1829268,-123.2987805,-128.4146341,-133.5304878,-138.6463415,-143.7621951,-148.8780488,-153.9939024,-159.1097561,-164.2256098,-169.3414634,-174.4573171,-179.5731707,-184.6890244,-189.804878,-194.9207317,-200.0365854,-205.152439,-210.2682927,-215.3841463,-220.5,-225.6158537,-230.7317073,-235.847561,-240.9634146,-246.0792683,-251.195122,-256.3109756,-261.4268293
4700,89.34080675,17.15009381,5.343339587,-3.090056285,-8.150093809,-9.836772983,-19.95684803,-26.70356473,-33.45028143,-40.19699812,-46.94371482,-53.69043152,-60.43714822,-67.18386492,-72.31106942,-77.43827392,-82.56547842,-87.69268293,-92.81988743,-97.94709193,-103.0742964,-108.2015009,-113.3287054,-118.4559099,-123.5831144,-128.7103189,-133.8375235,-138.964728,-144.0919325,-149.219137,-154.3463415,-159.473546,-164.6007505,-169.727955,-174.8551595,-179.982364,-185.1095685,-190.236773,-195.3639775,-200.491182,-205.6183865,-210.745591,-215.8727955,-221,-226.1272045,-231.254409,-236.3816135,-241.508818,-246.6360225,-251.763227,-256.8904315,-262.017636
4710,89.53283302,17.1782364,5.34521576,-3.106941839,-8.178236398,-9.868667917,-20.01125704,-26.77298311,-33.53470919,-40.29643527,-47.05816135,-53.81988743,-60.58161351,-67.34333959,-72.48189493,-77.62045028,-82.75900563,-87.89756098,-93.03611632,-98.17467167,-103.313227,-108.4517824,-113.5903377,-118.7288931,-123.8674484,-129.0060038,-134.1445591,-139.2831144,-144.4216698,-149.5602251,-154.6987805,-159.8373358,-164.9758912,-170.1144465,-175.2530019,-180.3915572,-185.5301126,-190.6686679,-195.8072233,-200.9457786,-206.084334,-211.2228893,-216.3614447,-221.5,-226.6385553,-231.7771107,-236.915666,-242.0542214,-247.1927767,-252.3313321,-257.4698874,-262.6084428
4720,89.72485929,17.20637899,5.347091932,-3.123827392,-8.206378987,-9.900562852,-20.06566604,-26.8424015,-33.61913696,-40.39587242,-47.17260788,-53.94934334,-60.7260788,-67.50281426,-72.65272045,-77.80262664,-82.95253283,-88.10243902,-93.25234522,-98.40225141,-103.5521576,-108.7020638,-113.85197,-119.0018762,-124.1517824,-129.3016886,-134.4515947,-139.6015009,-144.7514071,-149.9013133,-155.0512195,-160.2011257,-165.3510319,-170.5009381,-175.6508443,-180.8007505,-185.9506567,-191.1005629,-196.250469,-201.4003752,-206.5502814,-211.7001876,-216.8500938,-222,-227.1499062,-232.2998124,-237.4497186,-242.5996248,-247.749531,-252.8994371,-258.0493433,-263.1992495
4730,89.91688555,17.23452158,5.348968105,-3.140712946,-8.234521576,-9.932457786,-20.12007505,-26.91181989,-33.70356473,-40.49530957,-47.28705441,-54.07879925,-60.87054409,-67.66228893,-72.82354597,-77.984803,-83.14606004,-88.30731707,-93.46857411,-98.62983114,-103.7910882,-108.9523452,-114.1136023,-119.2748593,-124.4361163,-129.5973734,-134.7586304,-139.9198874,-145.0811445,-150.2424015,-155.4036585,-160.5649156,-165.7261726,-170.8874296,-176.0486867,-181.2099437,-186.3712008,-191.5324578,-196.6937148,-201.8549719,-207.0162289,-212.1774859,-217.338743,-222.5,-227.661257,-232.8225141,-237.9837711,-243.1450281,-248.3062852,-253.4675422,-258.6287992,-263.7900563
4740,90.10891182,17.26266417,5.350844278,-3.157598499,-8.262664165,-9.96435272,-20.17448405,-26.98123827,-33.7879925,-40.59474672,-47.40150094,-54.20825516,-61.01500938,-67.8217636,-72.99437148,-78.16697936,-83.33958724,-88.51219512,-93.684803,-98.85741088,-104.0300188,-109.2026266,-114.3752345,-119.5478424,-124.7204503,-129.8930582,-135.065666,-140.2382739,-145.4108818,-150.5834897,-155.7560976,-160.9287054,-166.1013133,-171.2739212,-176.4465291,-181.619137,-186.7917448,-191.9643527,-197.1369606,-202.3095685,-207.4821764,-212.6547842,-217.8273921,-223,-228.1726079,-233.3452158,-238.5178236,-243.6904315,-248.8630394,-254.0356473,-259.2082552,-264.380863
4750,90.30093809,17.29080675,5.35272045,-3.174484053,-8.290806754,-9.996247655,-20.22889306,-27.05065666,-33.87242026,-40.69418386,-47.51594747,-54.33771107,-61.15947467,-67.98123827,-73.165197,-78.34915572,-83.53311445,-88.71707317,-93.90103189,-99.08499062,-104.2689493,-109.4529081,-114.6368668,-119.8208255,-125.0047842,-130.188743,-135.3727017,-140.5566604,-145.7406191,-150.9245779,-156.1085366,-161.2924953,-166.476454,-171.6604128,-176.8443715,-182.0283302,-187.2122889,-192.3962477,-197.5802064,-202.7641651,-207.9481238,-213.1320826,-218.3160413,-223.5,-228.6839587,-233.8679174,-239.0518762,-244.2358349,-249.4197936,-254.6037523,-259.7877111,-264.9716698
4760,90.49296435,17.31894934,5.354596623,-3.191369606,-8.318949343,-10.02814259,-20.28330206,-27.12007505,-33.95684803,-40.79362101,-47.630394,-54.46716698,-61.30393996,-68.14071295,-73.33602251,-78.53133208,-83.72664165,-88.92195122,-94.11726079,-99.31257036,-104.5078799,-109.7031895,-114.8984991,-120.0938086,-125.2891182,-130.4844278,-135.6797373,-140.8750469,-146.0703565,-151.265666,-156.4609756,-161.6562852,-166.8515947,-172.0469043,-177.2422139,-182.4375235,-187.632833,-192.8281426,-198.0234522,-203.2187617,-208.4140713,-213.6093809,-218.8046904,-224,-229.1953096,-234.3906191,-239.5859287,-244.7812383,-249.9765478,-255.1718574,-260.367167,-265.5624765
4770,90.68499062,17.34709193,5.356472795,-3.208255159,-8.347091932,-10.06003752,-20.33771107,-27.18949343,-34.0412758,-40.89305816,-47.74484053,-54.59662289,-61.44840525,-68.30018762,-73.50684803,-78.71350844,-83.92016886,-89.12682927,-94.33348968,-99.54015009,-104.7468105,-109.9534709,-115.1601313,-120.3667917,-125.5734522,-130.7801126,-135.986773,-141.1934334,-146.4000938,-151.6067542,-156.8134146,-162.020075,-167.2267355,-172.4333959,-177.6400563,-182.8467167,-188.0533771,-193.2600375,-198.4666979,-203.6733583,-208.8800188,-214.0866792,-219.2933396,-224.5,-229.7066604,-234.9133208,-240.1199812,-245.3266417,-250.5333021,-255.7399625,-260.9466229,-266.1532833
4780,90.87701689,17.37523452,5.358348968,-3.225140713,-8.375234522,-10.09193246,-20.39212008,-27.25891182,-34.12570356,-40.99249531,-47.85928705,-54.7260788,-61.59287054,-68.45966229,-73.67767355,-78.8956848,-84.11369606,-89.33170732,-94.54971857,-99.76772983,-104.9857411,-110.2037523,-115.4217636,-120.6397749,-125.8577861,-131.0757974,-136.2938086,-141.5118199,-146.7298311,-151.9478424,-157.1658537,-162.3838649,-167.6018762,-172.8198874,-178.0378987,-183.2559099,-188.4739212,-193.6919325,-198.9099437,-204.127955,-209.3459662,-214.5639775,-219.7819887,-225,-230.2180113,-235.4360225,-240.6540338,-245.872045,-251.0900563,-256.3080675,-261.5260788,-266.7440901
4790,91.06904315,17.40337711,5.360225141,-3.242026266,-8.403377111,-10.12382739,-20.44652908,-27.32833021,-34.21013133,-41.09193246,-47.97373358,-54.85553471,-61.73733583,-68.61913696,-73.84849906,-79.07786116,-84.30722326,-89.53658537,-94.76594747,-99.99530957,-105.2246717,-110.4540338,-115.6833959,-120.912758,-126.1421201,-131.3714822,-136.6008443,-141.8302064,-147.0595685,-152.2889306,-157.5182927,-162.7476548,-167.9770169,-173.206379,-178.4357411,-183.6651032,-188.8944653,-194.1238274,-199.3531895,-204.5825516,-209.8119137,-215.0412758,-220.2706379,-225.5,-230.7293621,-235.9587242,-241.1880863,-246.4174484,-251.6468105,-256.8761726,-262.1055347,-267.3348968
4800,91.26106942,17.4315197,5.362101313,-3.25891182,-8.4315197,-10.15572233,-20.50093809,-27.39774859,-34.2945591,-41.19136961,-48.08818011,-54.98499062,-61.88180113,-68.77861163,-74.01932458,-79.26003752,-84.50075047,-89.74146341,-94.98217636,-100.2228893,-105.4636023,-110.7043152,-115.9450281,-121.1857411,-126.426454,-131.667167,-136.9078799,-142.1485929,-147.3893058,-152.6300188,-157.8707317,-163.1114447,-168.3521576,-173.5928705,-178.8335835,-184.0742964,-189.3150094,-194.5557223,-199.7964353,-205.0371482,-210.2778612,-215.5185741,-220.7592871,-226,-231.2407129,-236.4814259,-241.7221388,-246.9628518,-252.2035647,-257.4442777,-262.6849906,-267.9257036
4810,91.45309568,17.45966229,5.363977486,-3.275797373,-8.459662289,-10.18761726,-20.55534709,-27.46716698,-34.37898687,-41.29080675,-48.20262664,-55.11444653,-62.02626642,-68.9380863,-74.19015009,-79.44221388,-84.69427767,-89.94634146,-95.19840525,-100.450469,-105.7025328,-110.9545966,-116.2066604,-121.4587242,-126.710788,-131.9628518,-137.2149156,-142.4669794,-147.7190432,-152.9711069,-158.2231707,-163.4752345,-168.7272983,-173.9793621,-179.2314259,-184.4834897,-189.7355535,-194.9876173,-200.2396811,-205.4917448,-210.7438086,-215.9958724,-221.2479362,-226.5,-231.7520638,-237.0041276,-242.2561914,-247.5082552,-252.7603189,-258.0123827,-263.2644465,-268.5165103
4820,91.64512195,17.48780488,5.365853659,-3.292682927,-8.487804878,-10.2195122,-20.6097561,-27.53658537,-34.46341463,-41.3902439,-48.31707317,-55.24390244,-62.17073171,-69.09756098,-74.36097561,-79.62439024,-84.88780488,-90.15121951,-95.41463415,-100.6780488,-105.9414634,-111.204878,-116.4682927,-121.7317073,-126.995122,-132.2585366,-137.5219512,-142.7853659,-148.0487805,-153.3121951,-158.5756098,-163.8390244,-169.102439,-174.3658537,-179.6292683,-184.8926829,-190.1560976,-195.4195122,-200.6829268,-205.9463415,-211.2097561,-216.4731707,-221.7365854,-227,-232.2634146,-237.5268293,-242.7902439,-248.0536585,-253.3170732,-258.5804878,-263.8439024,-269.1073171
4830,91.83714822,17.51594747,5.367729831,-3.30956848,-8.515947467,-10.25140713,-20.6641651,-27.60600375,-34.5478424,-41.48968105,-48.4315197,-55.37335835,-62.315197,-69.25703565,-74.53180113,-79.8065666,-85.08133208,-90.35609756,-95.63086304,-100.9056285,-106.180394,-111.4551595,-116.729925,-122.0046904,-127.2794559,-132.5542214,-137.8289869,-143.1037523,-148.3785178,-153.6532833,-158.9280488,-164.2028143,-169.4775797,-174.7523452,-180.0271107,-185.3018762,-190.5766417,-195.8514071,-201.1261726,-206.4009381,-211.6757036,-216.950469,-222.2252345,-227.5,-232.7747655,-238.049531,-243.3242964,-248.5990619,-253.8738274,-259.1485929,-264.4233583,-269.6981238
4840,92.02917448,17.54409006,5.369606004,-3.326454034,-8.544090056,-10.28330206,-20.71857411,-27.67542214,-34.63227017,-41.5891182,-48.54596623,-55.50281426,-62.45966229,-69.41651032,-74.70262664,-79.98874296,-85.27485929,-90.56097561,-95.84709193,-101.1332083,-106.4193246,-111.7054409,-116.9915572,-122.2776735,-127.5637899,-132.8499062,-138.1360225,-143.4221388,-148.7082552,-153.9943715,-159.2804878,-164.5666041,-169.8527205,-175.1388368,-180.4249531,-185.7110694,-190.9971857,-196.2833021,-201.5694184,-206.8555347,-212.141651,-217.4277674,-222.7138837,-228,-233.2861163,-238.5722326,-243.858349,-249.1444653,-254.4305816,-259.7166979,-265.0028143,-270.2889306
4850,92.22120075,17.57223265,5.371482176,-3.343339587,-8.572232645,-10.315197,-20.77298311,-27.74484053,-34.71669794,-41.68855535,-48.66041276,-55.63227017,-62.60412758,-69.57598499,-74.87345216,-80.17091932,-85.46838649,-90.76585366,-96.06332083,-101.360788,-106.6582552,-111.9557223,-117.2531895,-122.5506567,-127.8481238,-133.145591,-138.4430582,-143.7405253,-149.0379925,-154.3354597,-159.6329268,-164.930394,-170.2278612,-175.5253283,-180.8227955,-186.1202627,-191.4177298,-196.715197,-202.0126642,-207.3101313,-212.6075985,-217.9050657,-223.2025328,-228.5,-233.7974672,-239.0949343,-244.3924015,-249.6898687,-254.9873358,-260.284803,-265.5822702,-270.8797373
4860,92.41322702,17.60037523,5.373358349,-3.360225141,-8.600375235,-10.34709193,-20.82739212,-27.81425891,-34.8011257,-41.7879925,-48.77485929,-55.76172608,-62.74859287,-69.73545966,-75.04427767,-80.35309568,-85.6619137,-90.97073171,-96.27954972,-101.5883677,-106.8971857,-112.2060038,-117.5148218,-122.8236398,-128.1324578,-133.4412758,-138.7500938,-144.0589118,-149.3677298,-154.6765478,-159.9853659,-165.2941839,-170.6030019,-175.9118199,-181.2206379,-186.5294559,-191.8382739,-197.1470919,-202.4559099,-207.764728,-213.073546,-218.382364,-223.691182,-229,-234.308818,-239.617636,-244.926454,-250.235272,-255.5440901,-260.8529081,-266.1617261,-271.4705441
4870,92.60525328,17.62851782,5.375234522,-3.377110694,-8.628517824,-10.37898687,-20.88180113,-27.8836773,-34.88555347,-41.88742964,-48.88930582,-55.89118199,-62.89305816,-69.89493433,-75.21510319,-80.53527205,-85.8554409,-91.17560976,-96.49577861,-101.8159475,-107.1361163,-112.4562852,-117.776454,-123.0966229,-128.4167917,-133.7369606,-139.0571295,-144.3772983,-149.6974672,-155.017636,-160.3378049,-165.6579737,-170.9781426,-176.2983114,-181.6184803,-186.9386492,-192.258818,-197.5789869,-202.8991557,-208.2193246,-213.5394934,-218.8596623,-224.1798311,-229.5,-234.8201689,-240.1403377,-245.4605066,-250.7806754,-256.1008443,-261.4210131,-266.741182,-272.0613508
4880,92.79727955,17.65666041,5.377110694,-3.393996248,-8.656660413,-10.4108818,-20.93621013,-27.95309568,-34.96998124,-41.98686679,-49.00375235,-56.0206379,-63.03752345,-70.05440901,-75.38592871,-80.71744841,-86.04896811,-91.3804878,-96.7120075,-102.0435272,-107.3750469,-112.7065666,-118.0380863,-123.369606,-128.7011257,-134.0326454,-139.3641651,-144.6956848,-150.0272045,-155.3587242,-160.6902439,-166.0217636,-171.3532833,-176.684803,-182.0163227,-187.3478424,-192.6793621,-198.0108818,-203.3424015,-208.6739212,-214.0054409,-219.3369606,-224.6684803,-230,-235.3315197,-240.6630394,-245.9945591,-251.3260788,-256.6575985,-261.9891182,-267.3206379,-272.6521576
4890,92.98930582,17.684803,5.378986867,-3.410881801,-8.684803002,-10.44277674,-20.99061914,-28.02251407,-35.05440901,-42.08630394,-49.11819887,-56.15009381,-63.18198874,-70.21388368,-75.55675422,-80.89962477,-86.24249531,-91.58536585,-96.9282364,-102.2711069,-107.6139775,-112.956848,-118.2997186,-123.6425891,-128.9854597,-134.3283302,-139.6712008,-145.0140713,-150.3569418,-155.6998124,-161.0426829,-166.3855535,-171.728424,-177.0712946,-182.4141651,-187.7570356,-193.0999062,-198.4427767,-203.7856473,-209.1285178,-214.4713884,-219.8142589,-225.1571295,-230.5,-235.8428705,-241.1857411,-246.5286116,-251.8714822,-257.2143527,-262.5572233,-267.9000938,-273.2429644
4900,93.18133208,17.71294559,5.380863039,-3.427767355,-8.712945591,-10.47467167,-21.04502814,-28.09193246,-35.13883677,-42.18574109,-49.2326454,-56.27954972,-63.32645403,-70.37335835,-75.72757974,-81.08180113,-86.43602251,-91.7902439,-97.14446529,-102.4986867,-107.8529081,-113.2071295,-118.5613508,-123.9155722,-129.2697936,-134.624015,-139.9782364,-145.3324578,-150.6866792,-156.0409006,-161.395122,-166.7493433,-172.1035647,-177.4577861,-182.8120075,-188.1662289,-193.5204503,-198.8746717,-204.2288931,-209.5831144,-214.9373358,-220.2915572,-225.6457786,-231,-236.3542214,-241.7084428,-247.0626642,-252.4168856,-257.7711069,-263.1253283,-268.4795497,-273.8337711
4910,93.37335835,17.74108818,5.382739212,-3.444652908,-8.74108818,-10.5065666,-21.09943715,-28.16135084,-35.22326454,-42.28517824,-49.34709193,-56.40900563,-63.47091932,-70.53283302,-75.89840525,-81.26397749,-86.62954972,-91.99512195,-97.36069418,-102.7262664,-108.0918386,-113.4574109,-118.8229831,-124.1885553,-129.5541276,-134.9196998,-140.285272,-145.6508443,-151.0164165,-156.3819887,-161.747561,-167.1131332,-172.4787054,-177.8442777,-183.2098499,-188.5754221,-193.9409944,-199.3065666,-204.6721388,-210.0377111,-215.4032833,-220.7688555,-226.1344278,-231.5,-236.8655722,-242.2311445,-247.5967167,-252.9622889,-258.3278612,-263.6934334,-269.0590056,-274.4245779
4920,93.56538462,17.76923077,5.384615385,-3.461538462,-8.769230769,-10.53846154,-21.15384615,-28.23076923,-35.30769231,-42.38461538,-49.46153846,-56.53846154,-63.61538462,-70.69230769,-76.06923077,-81.44615385,-86.82307692,-92.2,-97.57692308,-102.9538462,-108.3307692,-113.7076923,-119.0846154,-124.4615385,-129.8384615,-135.2153846,-140.5923077,-145.9692308,-151.3461538,-156.7230769,-162.1,-167.4769231,-172.8538462,-178.2307692,-183.6076923,-188.9846154,-194.3615385,-199.7384615,-205.1153846,-210.4923077,-215.8692308,-221.2461538,-226.6230769,-232,-237.3769231,-242.7538462,-248.1307692,-253.5076923,-258.8846154,-264.2615385,-269.6384615,-275.0153846
4930,93.75741088,17.79737336,5.386491557,-3.478424015,-8.797373358,-10.57035647,-21.20825516,-28.30018762,-35.39212008,-42.48405253,-49.57598499,-56.66791745,-63.75984991,-70.85178236,-76.24005629,-81.62833021,-87.01660413,-92.40487805,-97.79315197,-103.1814259,-108.5696998,-113.9579737,-119.3462477,-124.7345216,-130.1227955,-135.5110694,-140.8993433,-146.2876173,-151.6758912,-157.0641651,-162.452439,-167.8407129,-173.2289869,-178.6172608,-184.0055347,-189.3938086,-194.7820826,-200.1703565,-205.5586304,-210.9469043,-216.3351782,-221.7234522,-227.1117261,-232.5,-237.8882739,-243.2765478,-248.6648218,-254.0530957,-259.4413696,-264.8296435,-270.2179174,-275.6061914
4940,93.94943715,17.82551595,5.38836773,-3.495309568,-8.825515947,-10.60225141,-21.26266417,-28.369606,-35.47654784,-42.58348968,-49.69043152,-56.79737336,-63.9043152,-71.01125704,-76.4108818,-81.81050657,-87.21013133,-92.6097561,-98.00938086,-103.4090056,-108.8086304,-114.2082552,-119.6078799,-125.0075047,-130.4071295,-135.8067542,-141.206379,-146.6060038,-152.0056285,-157.4052533,-162.804878,-168.2045028,-173.6041276,-179.0037523,-184.4033771,-189.8030019,-195.2026266,-200.6022514,-206.0018762,-211.4015009,-216.8011257,-222.2007505,-227.6003752,-233,-238.3996248,-243.7992495,-249.1988743,-254.5984991,-259.9981238,-265.3977486,-270.7973734,-276.1969981
4950,94.14146341,17.85365854,5.390243902,-3.512195122,-8.853658537,-10.63414634,-21.31707317,-28.43902439,-35.56097561,-42.68292683,-49.80487805,-56.92682927,-64.04878049,-71.17073171,-76.58170732,-81.99268293,-87.40365854,-92.81463415,-98.22560976,-103.6365854,-109.047561,-114.4585366,-119.8695122,-125.2804878,-130.6914634,-136.102439,-141.5134146,-146.9243902,-152.3353659,-157.7463415,-163.1573171,-168.5682927,-173.9792683,-179.3902439,-184.8012195,-190.2121951,-195.6231707,-201.0341463,-206.445122,-211.8560976,-217.2670732,-222.6780488,-228.0890244,-233.5,-238.9109756,-244.3219512,-249.7329268,-255.1439024,-260.554878,-265.9658537,-271.3768293,-276.7878049
4960,94.33348968,17.88180113,5.392120075,-3.529080675,-8.881801126,-10.66604128,-21.37148218,-28.50844278,-35.64540338,-42.78236398,-49.91932458,-57.05628518,-64.19324578,-71.33020638,-76.75253283,-82.17485929,-87.59718574,-93.0195122,-98.44183865,-103.8641651,-109.2864916,-114.708818,-120.1311445,-125.5534709,-130.9757974,-136.3981238,-141.8204503,-147.2427767,-152.6651032,-158.0874296,-163.5097561,-168.9320826,-174.354409,-179.7767355,-185.1990619,-190.6213884,-196.0437148,-201.4660413,-206.8883677,-212.3106942,-217.7330206,-223.1553471,-228.5776735,-234,-239.4223265,-244.8446529,-250.2669794,-255.6893058,-261.1116323,-266.5339587,-271.9562852,-277.3786116
4970,94.52551595,17.90994371,5.393996248,-3.545966229,-8.909943715,-10.69793621,-21.42589118,-28.57786116,-35.72983114,-42.88180113,-50.03377111,-57.18574109,-64.33771107,-71.48968105,-76.92335835,-82.35703565,-87.79071295,-93.22439024,-98.65806754,-104.0917448,-109.5254221,-114.9590994,-120.3927767,-125.826454,-131.2601313,-136.6938086,-142.1274859,-147.5611632,-152.9948405,-158.4285178,-163.8621951,-169.2958724,-174.7295497,-180.163227,-185.5969043,-191.0305816,-196.4642589,-201.8979362,-207.3316135,-212.7652908,-218.1989681,-223.6326454,-229.0663227,-234.5,-239.9336773,-245.3673546,-250.8010319,-256.2347092,-261.6683865,-267.1020638,-272.5357411,-277.9694184
4980,94.71754221,17.9380863,5.39587242,-3.562851782,-8.938086304,-10.72983114,-21.48030019,-28.64727955,-35.81425891,-42.98123827,-50.14821764,-57.315197,-64.48217636,-71.64915572,-77.09418386,-82.53921201,-87.98424015,-93.42926829,-98.87429644,-104.3193246,-109.7643527,-115.2093809,-120.654409,-126.0994371,-131.5444653,-136.9894934,-142.4345216,-147.8795497,-153.3245779,-158.769606,-164.2146341,-169.6596623,-175.1046904,-180.5497186,-185.9947467,-191.4397749,-196.884803,-202.3298311,-207.7748593,-213.2198874,-218.6649156,-224.1099437,-229.5549719,-235,-240.4450281,-245.8900563,-251.3350844,-256.7801126,-262.2251407,-267.6701689,-273.115197,-278.5602251
4990,94.90956848,17.96622889,5.397748593,-3.579737336,-8.966228893,-10.76172608,-21.53470919,-28.71669794,-35.89868668,-43.08067542,-50.26266417,-57.44465291,-64.62664165,-71.80863039,-77.26500938,-82.72138837,-88.17776735,-93.63414634,-99.09052533,-104.5469043,-110.0032833,-115.4596623,-120.9160413,-126.3724203,-131.8287992,-137.2851782,-142.7415572,-148.1979362,-153.6543152,-159.1106942,-164.5670732,-170.0234522,-175.4798311,-180.9362101,-186.3925891,-191.8489681,-197.3053471,-202.7617261,-208.2181051,-213.6744841,-219.130863,-224.587242,-230.043621,-235.5,-240.956379,-246.412758,-251.869137,-257.3255159,-262.7818949,-268.2382739,-273.6946529,-279.1510319
5000,95.10159475,17.99437148,5.399624765,-3.596622889,-8.994371482,-10.79362101,-21.5891182,-28.78611632,-35.98311445,-43.18011257,-50.37711069,-57.57410882,-64.77110694,-71.96810507,-77.4358349,-82.90356473,-88.37129456,-93.83902439,-99.30675422,-104.7744841,-110.2422139,-115.7099437,-121.1776735,-126.6454034,-132.1131332,-137.580863,-143.0485929,-148.5163227,-153.9840525,-159.4517824,-164.9195122,-170.387242,-175.8549719,-181.3227017,-186.7904315,-192.2581614,-197.7258912,-203.193621,-208.6613508,-214.1290807,-219.5968105,-225.0645403,-230.5322702,-236,-241.4677298,-246.9354597,-252.4031895,-257.8709193,-263.3386492,-268.806379,-274.2741088,-279.7418386
5010,95.29362101,18.02251407,5.401500938,-3.613508443,-9.022514071,-10.82551595,-21.6435272,-28.85553471,-36.06754221,-43.27954972,-50.49155722,-57.70356473,-64.91557223,-72.12757974,-77.60666041,-83.08574109,-88.56482176,-94.04390244,-99.52298311,-105.0020638,-110.4811445,-115.9602251,-121.4393058,-126.9183865,-132.3974672,-137.8765478,-143.3556285,-148.8347092,-154.3137899,-159.7928705,-165.2719512,-170.7510319,-176.2301126,-181.7091932,-187.1882739,-192.6673546,-198.1464353,-203.6255159,-209.1045966,-214.5836773,-220.062758,-225.5418386,-231.0209193,-236.5,-241.9790807,-247.4581614,-252.937242,-258.4163227,-263.8954034,-269.3744841,-274.8535647,-280.3326454
5020,95.48564728,18.05065666,5.403377111,-3.630393996,-9.05065666,-10.85741088,-21.69793621,-28.9249531,-36.15196998,-43.37898687,-50.60600375,-57.83302064,-65.06003752,-72.28705441,-77.77748593,-83.26791745,-88.75834897,-94.24878049,-99.73921201,-105.2296435,-110.720075,-116.2105066,-121.7009381,-127.1913696,-132.6818011,-138.1722326,-143.6626642,-149.1530957,-154.6435272,-160.1339587,-165.6243902,-171.1148218,-176.6052533,-182.0956848,-187.5861163,-193.0765478,-198.5669794,-204.0574109,-209.5478424,-215.0382739,-220.5287054,-226.019137,-231.5095685,-237,-242.4904315,-247.980863,-253.4712946,-258.9617261,-264.4521576,-269.9425891,-275.4330206,-280.9234522
5030,95.67767355,18.07879925,5.405253283,-3.64727955,-9.07879925,-10.88930582,-21.75234522,-28.99437148,-36.23639775,-43.47842402,-50.72045028,-57.96247655,-65.20450281,-72.44652908,-77.94831144,-83.45009381,-88.95187617,-94.45365854,-99.9554409,-105.4572233,-110.9590056,-116.460788,-121.9625704,-127.4643527,-132.9661351,-138.4679174,-143.9696998,-149.4714822,-154.9732645,-160.4750469,-165.9768293,-171.4786116,-176.980394,-182.4821764,-187.9839587,-193.4857411,-198.9875235,-204.4893058,-209.9910882,-215.4928705,-220.9946529,-226.4964353,-231.9982176,-237.5,-243.0017824,-248.5035647,-254.0053471,-259.5071295,-265.0089118,-270.5106942,-276.0124765,-281.5142589
5040,95.86969981,18.10694184,5.407129456,-3.664165103,-9.106941839,-10.92120075,-21.80675422,-29.06378987,-36.32082552,-43.57786116,-50.83489681,-58.09193246,-65.34896811,-72.60600375,-78.11913696,-83.63227017,-89.14540338,-94.65853659,-100.1716698,-105.684803,-111.1979362,-116.7110694,-122.2242026,-127.7373358,-133.250469,-138.7636023,-144.2767355,-149.7898687,-155.3030019,-160.8161351,-166.3292683,-171.8424015,-177.3555347,-182.8686679,-188.3818011,-193.8949343,-199.4080675,-204.9212008,-210.434334,-215.9474672,-221.4606004,-226.9737336,-232.4868668,-238,-243.5131332,-249.0262664,-254.5393996,-260.0525328,-265.565666,-271.0787992,-276.5919325,-282.1050657
5050,96.06172608,18.13508443,5.409005629,-3.681050657,-9.135084428,-10.95309568,-21.86116323,-29.13320826,-36.40525328,-43.67729831,-50.94934334,-58.22138837,-65.4934334,-72.76547842,-78.28996248,-83.81444653,-89.33893058,-94.86341463,-100.3878987,-105.9123827,-111.4368668,-116.9613508,-122.4858349,-128.0103189,-133.534803,-139.0592871,-144.5837711,-150.1082552,-155.6327392,-161.1572233,-166.6817073,-172.2061914,-177.7306754,-183.2551595,-188.7796435,-194.3041276,-199.8286116,-205.3530957,-210.8775797,-216.4020638,-221.9265478,-227.4510319,-232.9755159,-238.5,-244.0244841,-249.5489681,-255.0734522,-260.5979362,-266.1224203,-271.6469043,-277.1713884,-282.6958724
5060,96.25375235,18.16322702,5.410881801,-3.69793621,-9.163227017,-10.98499062,-21.91557223,-29.20262664,-36.48968105,-43.77673546,-51.06378987,-58.35084428,-65.63789869,-72.9249531,-78.46078799,-83.99662289,-89.53245779,-95.06829268,-100.6041276,-106.1399625,-111.6757974,-117.2116323,-122.7474672,-128.2833021,-133.819137,-139.3549719,-144.8908068,-150.4266417,-155.9624765,-161.4983114,-167.0341463,-172.5699812,-178.1058161,-183.641651,-189.1774859,-194.7133208,-200.2491557,-205.7849906,-211.3208255,-216.8566604,-222.3924953,-227.9283302,-233.4641651,-239,-244.5358349,-250.0716698,-255.6075047,-261.1433396,-266.6791745,-272.2150094,-277.7508443,-283.2866792
5070,96.44577861,18.19136961,5.412757974,-3.714821764,-9.191369606,-11.01688555,-21.96998124,-29.27204503,-36.57410882,-43.87617261,-51.1782364,-58.48030019,-65.78236398,-73.08442777,-78.63161351,-84.17879925,-89.72598499,-95.27317073,-100.8203565,-106.3675422,-111.914728,-117.4619137,-123.0090994,-128.5562852,-134.1034709,-139.6506567,-145.1978424,-150.7450281,-156.2922139,-161.8393996,-167.3865854,-172.9337711,-178.4809568,-184.0281426,-189.5753283,-195.1225141,-200.6696998,-206.2168856,-211.7640713,-217.311257,-222.8584428,-228.4056285,-233.9528143,-239.5,-245.0471857,-250.5943715,-256.1415572,-261.688743,-267.2359287,-272.7831144,-278.3303002,-283.8774859
5080,96.63780488,18.2195122,5.414634146,-3.731707317,-9.219512195,-11.04878049,-22.02439024,-29.34146341,-36.65853659,-43.97560976,-51.29268293,-58.6097561,-65.92682927,-73.24390244,-78.80243902,-84.36097561,-89.9195122,-95.47804878,-101.0365854,-106.595122,-112.1536585,-117.7121951,-123.2707317,-128.8292683,-134.3878049,-139.9463415,-145.504878,-151.0634146,-156.6219512,-162.1804878,-167.7390244,-173.297561,-178.8560976,-184.4146341,-189.9731707,-195.5317073,-201.0902439,-206.6487805,-212.2073171,-217.7658537,-223.3243902,-228.8829268,-234.4414634,-240,-245.5585366,-251.1170732,-256.6756098,-262.2341463,-267.7926829,-273.3512195,-278.9097561,-284.4682927
5090,96.82983114,18.24765478,5.416510319,-3.748592871,-9.247654784,-11.08067542,-22.07879925,-29.4108818,-36.74296435,-44.0750469,-51.40712946,-58.73921201,-66.07129456,-73.40337711,-78.97326454,-84.54315197,-90.1130394,-95.68292683,-101.2528143,-106.8227017,-112.3925891,-117.9624765,-123.532364,-129.1022514,-134.6721388,-140.2420263,-145.8119137,-151.3818011,-156.9516886,-162.521576,-168.0914634,-173.6613508,-179.2312383,-184.8011257,-190.3710131,-195.9409006,-201.510788,-207.0806754,-212.6505629,-218.2204503,-223.7903377,-229.3602251,-234.9301126,-240.5,-246.0698874,-251.6397749,-257.2096623,-262.7795497,-268.3494371,-273.9193246,-279.489212,-285.0590994
5100,97.02185741,18.27579737,5.418386492,-3.765478424,-9.275797373,-11.11257036,-22.13320826,-29.48030019,-36.82739212,-44.17448405,-51.52157598,-58.86866792,-66.21575985,-73.56285178,-79.14409006,-84.72532833,-90.3065666,-95.88780488,-101.4690432,-107.0502814,-112.6315197,-118.212758,-123.7939962,-129.3752345,-134.9564728,-140.5377111,-146.1189493,-151.7001876,-157.2814259,-162.8626642,-168.4439024,-174.0251407,-179.606379,-185.1876173,-190.7688555,-196.3500938,-201.9313321,-207.5125704,-213.0938086,-218.6750469,-224.2562852,-229.8375235,-235.4187617,-241,-246.5812383,-252.1624765,-257.7437148,-263.3249531,-268.9061914,-274.4874296,-280.0686679,-285.6499062
5110,97.21388368,18.30393996,5.420262664,-3.782363977,-9.303939962,-11.14446529,-22.18761726,-29.54971857,-36.91181989,-44.2739212,-51.63602251,-58.99812383,-66.36022514,-73.72232645,-79.31491557,-84.90750469,-90.50009381,-96.09268293,-101.685272,-107.2778612,-112.8704503,-118.4630394,-124.0556285,-129.6482176,-135.2408068,-140.8333959,-146.425985,-152.0185741,-157.6111632,-163.2037523,-168.7963415,-174.3889306,-179.9815197,-185.5741088,-191.1666979,-196.7592871,-202.3518762,-207.9444653,-213.5370544,-219.1296435,-224.7222326,-230.3148218,-235.9074109,-241.5,-247.0925891,-252.6851782,-258.2777674,-263.8703565,-269.4629456,-275.0555347,-280.6481238,-286.2407129
5120,97.40590994,18.33208255,5.422138837,-3.799249531,-9.332082552,-11.17636023,-22.24202627,-29.61913696,-36.99624765,-44.37335835,-51.75046904,-59.12757974,-66.50469043,-73.88180113,-79.48574109,-85.08968105,-90.69362101,-96.29756098,-101.9015009,-107.5054409,-113.1093809,-118.7133208,-124.3172608,-129.9212008,-135.5251407,-141.1290807,-146.7330206,-152.3369606,-157.9409006,-163.5448405,-169.1487805,-174.7527205,-180.3566604,-185.9606004,-191.5645403,-197.1684803,-202.7724203,-208.3763602,-213.9803002,-219.5842402,-225.1881801,-230.7921201,-236.39606,-242,-247.60394,-253.2078799,-258.8118199,-264.4157598,-270.0196998,-275.6236398,-281.2275797,-286.8315197
5130,97.59793621,18.36022514,5.424015009,-3.816135084,-9.360225141,-11.20825516,-22.29643527,-29.68855535,-37.08067542,-44.4727955,-51.86491557,-59.25703565,-66.64915572,-74.0412758,-79.6565666,-85.27185741,-90.88714822,-96.50243902,-102.1177298,-107.7330206,-113.3483114,-118.9636023,-124.5788931,-130.1941839,-135.8094747,-141.4247655,-147.0400563,-152.6553471,-158.2706379,-163.8859287,-169.5012195,-175.1165103,-180.7318011,-186.3470919,-191.9623827,-197.5776735,-203.1929644,-208.8082552,-214.423546,-220.0388368,-225.6541276,-231.2694184,-236.8847092,-242.5,-248.1152908,-253.7305816,-259.3458724,-264.9611632,-270.576454,-276.1917448,-281.8070356,-287.4223265
5140,97.78996248,18.38836773,5.425891182,-3.833020638,-9.38836773,-11.24015009,-22.35084428,-29.75797373,-37.16510319,-44.57223265,-51.9793621,-59.38649156,-66.79362101,-74.20075047,-79.82739212,-85.45403377,-91.08067542,-96.70731707,-102.3339587,-107.9606004,-113.587242,-119.2138837,-124.8405253,-130.467167,-136.0938086,-141.7204503,-147.3470919,-152.9737336,-158.6003752,-164.2270169,-169.8536585,-175.4803002,-181.1069418,-186.7335835,-192.3602251,-197.9868668,-203.6135084,-209.2401501,-214.8667917,-220.4934334,-226.120075,-231.7467167,-237.3733583,-243,-248.6266417,-254.2532833,-259.879925,-265.5065666,-271.1332083,-276.7598499,-282.3864916,-288.0131332
5150,97.98198874,18.41651032,5.427767355,-3.849906191,-9.416510319,-11.27204503,-22.40525328,-29.82739212,-37.24953096,-44.67166979,-52.09380863,-59.51594747,-66.9380863,-74.36022514,-79.99821764,-85.63621013,-91.27420263,-96.91219512,-102.5501876,-108.1881801,-113.8261726,-119.4641651,-125.1021576,-130.7401501,-136.3781426,-142.0161351,-147.6541276,-153.2921201,-158.9301126,-164.5681051,-170.2060976,-175.8440901,-181.4820826,-187.120075,-192.7580675,-198.39606,-204.0340525,-209.672045,-215.3100375,-220.94803,-226.5860225,-232.224015,-237.8620075,-243.5,-249.1379925,-254.775985,-260.4139775,-266.05197,-271.6899625,-277.327955,-282.9659475,-288.60394
5160,98.17401501,18.44465291,5.429643527,-3.866791745,-9.444652908,-11.30393996,-22.45966229,-29.89681051,-37.33395872,-44.77110694,-52.20825516,-59.64540338,-67.08255159,-74.51969981,-80.16904315,-85.81838649,-91.46772983,-97.11707317,-102.7664165,-108.4157598,-114.0651032,-119.7144465,-125.3637899,-131.0131332,-136.6624765,-142.3118199,-147.9611632,-153.6105066,-159.2598499,-164.9091932,-170.5585366,-176.2078799,-181.8572233,-187.5065666,-193.1559099,-198.8052533,-204.4545966,-210.10394,-215.7532833,-221.4026266,-227.05197,-232.7013133,-238.3506567,-244,-249.6493433,-255.2986867,-260.94803,-266.5973734,-272.2467167,-277.89606,-283.5454034,-289.1947467
5170,98.36604128,18.4727955,5.4315197,-3.883677298,-9.472795497,-11.3358349,-22.51407129,-29.96622889,-37.41838649,-44.87054409,-52.32270169,-59.77485929,-67.22701689,-74.67917448,-80.33986867,-86.00056285,-91.66125704,-97.32195122,-102.9826454,-108.6433396,-114.3040338,-119.964728,-125.6254221,-131.2861163,-136.9468105,-142.6075047,-148.2681989,-153.9288931,-159.5895872,-165.2502814,-170.9109756,-176.5716698,-182.232364,-187.8930582,-193.5537523,-199.2144465,-204.8751407,-210.5358349,-216.1965291,-221.8572233,-227.5179174,-233.1786116,-238.8393058,-244.5,-250.1606942,-255.8213884,-261.4820826,-267.1427767,-272.8034709,-278.4641651,-284.1248593,-289.7855535
5180,98.55806754,18.50093809,5.433395872,-3.900562852,-9.500938086,-11.36772983,-22.5684803,-30.03564728,-37.50281426,-44.96998124,-52.43714822,-59.9043152,-67.37148218,-74.83864916,-80.51069418,-86.18273921,-91.85478424,-97.52682927,-103.1988743,-108.8709193,-114.5429644,-120.2150094,-125.8870544,-131.5590994,-137.2311445,-142.9031895,-148.5752345,-154.2472795,-159.9193246,-165.5913696,-171.2634146,-176.9354597,-182.6075047,-188.2795497,-193.9515947,-199.6236398,-205.2956848,-210.9677298,-216.6397749,-222.3118199,-227.9838649,-233.6559099,-239.327955,-245,-250.672045,-256.3440901,-262.0161351,-267.6881801,-273.3602251,-279.0322702,-284.7043152,-290.3763602
5190,98.75009381,18.52908068,5.435272045,-3.917448405,-9.529080675,-11.39962477,-22.62288931,-30.10506567,-37.58724203,-45.06941839,-52.55159475,-60.03377111,-67.51594747,-74.99812383,-80.6815197,-86.36491557,-92.04831144,-97.73170732,-103.4151032,-109.0984991,-114.7818949,-120.4652908,-126.1486867,-131.8320826,-137.5154784,-143.1988743,-148.8822702,-154.565666,-160.2490619,-165.9324578,-171.6158537,-177.2992495,-182.9826454,-188.6660413,-194.3494371,-200.032833,-205.7162289,-211.3996248,-217.0830206,-222.7664165,-228.4498124,-234.1332083,-239.8166041,-245.5,-251.1833959,-256.8667917,-262.5501876,-268.2335835,-273.9169794,-279.6003752,-285.2837711,-290.967167
5200,98.94212008,18.55722326,5.437148218,-3.934333959,-9.557223265,-11.4315197,-22.67729831,-30.17448405,-37.67166979,-45.16885553,-52.66604128,-60.16322702,-67.66041276,-75.1575985,-80.85234522,-86.54709193,-92.24183865,-97.93658537,-103.6313321,-109.3260788,-115.0208255,-120.7155722,-126.4103189,-132.1050657,-137.7998124,-143.4945591,-149.1893058,-154.8840525,-160.5787992,-166.273546,-171.9682927,-177.6630394,-183.3577861,-189.0525328,-194.7472795,-200.4420263,-206.136773,-211.8315197,-217.5262664,-223.2210131,-228.9157598,-234.6105066,-240.3052533,-246,-251.6947467,-257.3894934,-263.0842402,-268.7789869,-274.4737336,-280.1684803,-285.863227,-291.5579737
5210,99.13414634,18.58536585,5.43902439,-3.951219512,-9.585365854,-11.46341463,-22.73170732,-30.24390244,-37.75609756,-45.26829268,-52.7804878,-60.29268293,-67.80487805,-75.31707317,-81.02317073,-86.72926829,-92.43536585,-98.14146341,-103.847561,-109.5536585,-115.2597561,-120.9658537,-126.6719512,-132.3780488,-138.0841463,-143.7902439,-149.4963415,-155.202439,-160.9085366,-166.6146341,-172.3207317,-178.0268293,-183.7329268,-189.4390244,-195.145122,-200.8512195,-206.5573171,-212.2634146,-217.9695122,-223.6756098,-229.3817073,-235.0878049,-240.7939024,-246.5,-252.2060976,-257.9121951,-263.6182927,-269.3243902,-275.0304878,-280.7365854,-286.4426829,-292.1487805
5220,99.32617261,18.61350844,5.440900563,-3.968105066,-9.613508443,-11.49530957,-22.78611632,-30.31332083,-37.84052533,-45.36772983,-52.89493433,-60.42213884,-67.94934334,-75.47654784,-81.19399625,-86.91144465,-92.62889306,-98.34634146,-104.0637899,-109.7812383,-115.4986867,-121.2161351,-126.9335835,-132.6510319,-138.3684803,-144.0859287,-149.8033771,-155.5208255,-161.2382739,-166.9557223,-172.6731707,-178.3906191,-184.1080675,-189.8255159,-195.5429644,-201.2604128,-206.9778612,-212.6953096,-218.412758,-224.1302064,-229.8476548,-235.5651032,-241.2825516,-247,-252.7174484,-258.4348968,-264.1523452,-269.8697936,-275.587242,-281.3046904,-287.0221388,-292.7395872
5230,99.51819887,18.64165103,5.442776735,-3.984990619,-9.641651032,-11.5272045,-22.84052533,-30.38273921,-37.9249531,-45.46716698,-53.00938086,-60.55159475,-68.09380863,-75.63602251,-81.36482176,-87.09362101,-92.82242026,-98.55121951,-104.2800188,-110.008818,-115.7376173,-121.4664165,-127.1952158,-132.924015,-138.6528143,-144.3816135,-150.1104128,-155.839212,-161.5680113,-167.2968105,-173.0256098,-178.754409,-184.4832083,-190.2120075,-195.9408068,-201.669606,-207.3984053,-213.1272045,-218.8560038,-224.584803,-230.3136023,-236.0424015,-241.7712008,-247.5,-253.2287992,-258.9575985,-264.6863977,-270.415197,-276.1439962,-281.8727955,-287.6015947,-293.330394
5240,99.71022514,18.66979362,5.444652908,-4.001876173,-9.669793621,-11.55909944,-22.89493433,-30.4521576,-38.00938086,-45.56660413,-53.12382739,-60.68105066,-68.23827392,-75.79549719,-81.53564728,-87.27579737,-93.01594747,-98.75609756,-104.4962477,-110.2363977,-115.9765478,-121.7166979,-127.456848,-133.1969981,-138.9371482,-144.6772983,-150.4174484,-156.1575985,-161.8977486,-167.6378987,-173.3780488,-179.1181989,-184.858349,-190.5984991,-196.3386492,-202.0787992,-207.8189493,-213.5590994,-219.2992495,-225.0393996,-230.7795497,-236.5196998,-242.2598499,-248,-253.7401501,-259.4803002,-265.2204503,-270.9606004,-276.7007505,-282.4409006,-288.1810507,-293.9212008
5250,99.90225141,18.69793621,5.446529081,-4.018761726,-9.69793621,-11.59099437,-22.94934334,-30.52157598,-38.09380863,-45.66604128,-53.23827392,-60.81050657,-68.38273921,-75.95497186,-81.7064728,-87.45797373,-93.20947467,-98.96097561,-104.7124765,-110.4639775,-116.2154784,-121.9669794,-127.7184803,-133.4699812,-139.2214822,-144.9729831,-150.7244841,-156.475985,-162.2274859,-167.9789869,-173.7304878,-179.4819887,-185.2334897,-190.9849906,-196.7364916,-202.4879925,-208.2394934,-213.9909944,-219.7424953,-225.4939962,-231.2454972,-236.9969981,-242.7484991,-248.5,-254.2515009,-260.0030019,-265.7545028,-271.5060038,-277.2575047,-283.0090056,-288.7605066,-294.5120075
5260,100.0942777,18.7260788,5.448405253,-4.03564728,-9.726078799,-11.62288931,-23.00375235,-30.59099437,-38.1782364,-45.76547842,-53.35272045,-60.93996248,-68.5272045,-76.11444653,-81.87729831,-87.64015009,-93.40300188,-99.16585366,-104.9287054,-110.6915572,-116.454409,-122.2172608,-127.9801126,-133.7429644,-139.5058161,-145.2686679,-151.0315197,-156.7943715,-162.5572233,-168.320075,-174.0829268,-179.8457786,-185.6086304,-191.3714822,-197.134334,-202.8971857,-208.6600375,-214.4228893,-220.1857411,-225.9485929,-231.7114447,-237.4742964,-243.2371482,-249,-254.7628518,-260.5257036,-266.2885553,-272.0514071,-277.8142589,-283.5771107,-289.3399625,-295.1028143
5270,100.2863039,18.75422139,5.450281426,-4.052532833,-9.754221388,-11.65478424,-23.05816135,-30.66041276,-38.26266417,-45.86491557,-53.46716698,-61.06941839,-68.67166979,-76.2739212,-82.04812383,-87.82232645,-93.59652908,-99.37073171,-105.1449343,-110.919137,-116.6933396,-122.4675422,-128.2417448,-134.0159475,-139.7901501,-145.5643527,-151.3385553,-157.112758,-162.8869606,-168.6611632,-174.4353659,-180.2095685,-185.9837711,-191.7579737,-197.5321764,-203.306379,-209.0805816,-214.8547842,-220.6289869,-226.4031895,-232.1773921,-237.9515947,-243.7257974,-249.5,-255.2742026,-261.0484053,-266.8226079,-272.5968105,-278.3710131,-284.1452158,-289.9194184,-295.693621
5280,100.4783302,18.78236398,5.452157598,-4.069418386,-9.782363977,-11.68667917,-23.11257036,-30.72983114,-38.34709193,-45.96435272,-53.58161351,-61.1988743,-68.81613508,-76.43339587,-82.21894934,-88.00450281,-93.79005629,-99.57560976,-105.3611632,-111.1467167,-116.9322702,-122.7178236,-128.5033771,-134.2889306,-140.0744841,-145.8600375,-151.645591,-157.4311445,-163.2166979,-169.0022514,-174.7878049,-180.5733583,-186.3589118,-192.1444653,-197.9300188,-203.7155722,-209.5011257,-215.2866792,-221.0722326,-226.8577861,-232.6433396,-238.4288931,-244.2144465,-250,-255.7855535,-261.5711069,-267.3566604,-273.1422139,-278.9277674,-284.7133208,-290.4988743,-296.2844278
5290,100.6703565,18.81050657,5.454033771,-4.08630394,-9.810506567,-11.71857411,-23.16697936,-30.79924953,-38.4315197,-46.06378987,-53.69606004,-61.32833021,-68.96060038,-76.59287054,-82.38977486,-88.18667917,-93.98358349,-99.7804878,-105.5773921,-111.3742964,-117.1712008,-122.9681051,-128.7650094,-134.5619137,-140.358818,-146.1557223,-151.9526266,-157.749531,-163.5464353,-169.3433396,-175.1402439,-180.9371482,-186.7340525,-192.5309568,-198.3278612,-204.1247655,-209.9216698,-215.7185741,-221.5154784,-227.3123827,-233.1092871,-238.9061914,-244.7030957,-250.5,-256.2969043,-262.0938086,-267.8907129,-273.6876173,-279.4845216,-285.2814259,-291.0783302,-296.8752345
5300,100.8623827,18.83864916,5.455909944,-4.103189493,-9.838649156,-11.75046904,-23.22138837,-30.86866792,-38.51594747,-46.16322702,-53.81050657,-61.45778612,-69.10506567,-76.75234522,-82.56060038,-88.36885553,-94.17711069,-99.98536585,-105.793621,-111.6018762,-117.4101313,-123.2183865,-129.0266417,-134.8348968,-140.643152,-146.4514071,-152.2596623,-158.0679174,-163.8761726,-169.6844278,-175.4926829,-181.3009381,-187.1091932,-192.9174484,-198.7257036,-204.5339587,-210.3422139,-216.150469,-221.9587242,-227.7669794,-233.5752345,-239.3834897,-245.1917448,-251,-256.8082552,-262.6165103,-268.4247655,-274.2330206,-280.0412758,-285.849531,-291.6577861,-297.4660413
5310,101.054409,18.86679174,5.457786116,-4.120075047,-9.866791745,-11.78236398,-23.27579737,-30.9380863,-38.60037523,-46.26266417,-53.9249531,-61.58724203,-69.24953096,-76.91181989,-82.73142589,-88.55103189,-94.3706379,-100.1902439,-106.0098499,-111.8294559,-117.6490619,-123.4686679,-129.2882739,-135.1078799,-140.9274859,-146.7470919,-152.5666979,-158.3863039,-164.2059099,-170.0255159,-175.845122,-181.664728,-187.484334,-193.30394,-199.123546,-204.943152,-210.762758,-216.582364,-222.40197,-228.221576,-234.041182,-239.860788,-245.680394,-251.5,-257.319606,-263.139212,-268.958818,-274.778424,-280.59803,-286.417636,-292.237242,-298.056848
5320,101.2464353,18.89493433,5.459662289,-4.1369606,-9.894934334,-11.81425891,-23.33020638,-31.00750469,-38.684803,-46.36210131,-54.03939962,-61.71669794,-69.39399625,-77.07129456,-82.90225141,-88.73320826,-94.5641651,-100.395122,-106.2260788,-112.0570356,-117.8879925,-123.7189493,-129.5499062,-135.380863,-141.2118199,-147.0427767,-152.8737336,-158.7046904,-164.5356473,-170.3666041,-176.197561,-182.0285178,-187.8594747,-193.6904315,-199.5213884,-205.3523452,-211.1833021,-217.0142589,-222.8452158,-228.6761726,-234.5071295,-240.3380863,-246.1690432,-252,-257.8309568,-263.6619137,-269.4928705,-275.3238274,-281.1547842,-286.9857411,-292.8166979,-298.6476548
5330,101.4384615,18.92307692,5.461538462,-4.153846154,-9.923076923,-11.84615385,-23.38461538,-31.07692308,-38.76923077,-46.46153846,-54.15384615,-61.84615385,-69.53846154,-77.23076923,-83.07307692,-88.91538462,-94.75769231,-100.6,-106.4423077,-112.2846154,-118.1269231,-123.9692308,-129.8115385,-135.6538462,-141.4961538,-147.3384615,-153.1807692,-159.0230769,-164.8653846,-170.7076923,-176.55,-182.3923077,-188.2346154,-194.0769231,-199.9192308,-205.7615385,-211.6038462,-217.4461538,-223.2884615,-229.1307692,-234.9730769,-240.8153846,-246.6576923,-252.5,-258.3423077,-264.1846154,-270.0269231,-275.8692308,-281.7115385,-287.5538462,-293.3961538,-299.2384615
5340,101.6304878,18.95121951,5.463414634,-4.170731707,-9.951219512,-11.87804878,-23.43902439,-31.14634146,-38.85365854,-46.56097561,-54.26829268,-61.97560976,-69.68292683,-77.3902439,-83.24390244,-89.09756098,-94.95121951,-100.804878,-106.6585366,-112.5121951,-118.3658537,-124.2195122,-130.0731707,-135.9268293,-141.7804878,-147.6341463,-153.4878049,-159.3414634,-165.195122,-171.0487805,-176.902439,-182.7560976,-188.6097561,-194.4634146,-200.3170732,-206.1707317,-212.0243902,-217.8780488,-223.7317073,-229.5853659,-235.4390244,-241.2926829,-247.1463415,-253,-258.8536585,-264.7073171,-270.5609756,-276.4146341,-282.2682927,-288.1219512,-293.9756098,-299.8292683
5350,101.8225141,18.9793621,5.465290807,-4.187617261,-9.979362101,-11.90994371,-23.4934334,-31.21575985,-38.9380863,-46.66041276,-54.38273921,-62.10506567,-69.82739212,-77.54971857,-83.41472795,-89.27973734,-95.14474672,-101.0097561,-106.8747655,-112.7397749,-118.6047842,-124.4697936,-130.334803,-136.1998124,-142.0648218,-147.9298311,-153.7948405,-159.6598499,-165.5248593,-171.3898687,-177.254878,-183.1198874,-188.9848968,-194.8499062,-200.7149156,-206.579925,-212.4449343,-218.3099437,-224.1749531,-230.0399625,-235.9049719,-241.7699812,-247.6349906,-253.5,-259.3650094,-265.2300188,-271.0950281,-276.9600375,-282.8250469,-288.6900563,-294.5550657,-300.420075
5360,102.0145403,19.00750469,5.467166979,-4.204502814,-10.00750469,-11.94183865,-23.5478424,-31.28517824,-39.02251407,-46.75984991,-54.49718574,-62.23452158,-69.97185741,-77.70919325,-83.58555347,-89.4619137,-95.33827392,-101.2146341,-107.0909944,-112.9673546,-118.8437148,-124.720075,-130.5964353,-136.4727955,-142.3491557,-148.2255159,-154.1018762,-159.9782364,-165.8545966,-171.7309568,-177.6073171,-183.4836773,-189.3600375,-195.2363977,-201.112758,-206.9891182,-212.8654784,-218.7418386,-224.6181989,-230.4945591,-236.3709193,-242.2472795,-248.1236398,-254,-259.8763602,-265.7527205,-271.6290807,-277.5054409,-283.3818011,-289.2581614,-295.1345216,-301.0108818
5370,102.2065666,19.03564728,5.469043152,-4.221388368,-10.03564728,-11.97373358,-23.60225141,-31.35459662,-39.10694184,-46.85928705,-54.61163227,-62.36397749,-70.1163227,-77.86866792,-83.75637899,-89.64409006,-95.53180113,-101.4195122,-107.3072233,-113.1949343,-119.0826454,-124.9703565,-130.8580675,-136.7457786,-142.6334897,-148.5212008,-154.4089118,-160.2966229,-166.184334,-172.072045,-177.9597561,-183.8474672,-189.7351782,-195.6228893,-201.5106004,-207.3983114,-213.2860225,-219.1737336,-225.0614447,-230.9491557,-236.8368668,-242.7245779,-248.6122889,-254.5,-260.3877111,-266.2754221,-272.1631332,-278.0508443,-283.9385553,-289.8262664,-295.7139775,-301.6016886
5380,102.3985929,19.06378987,5.470919325,-4.238273921,-10.06378987,-12.00562852,-23.65666041,-31.42401501,-39.19136961,-46.9587242,-54.7260788,-62.4934334,-70.26078799,-78.02814259,-83.9272045,-89.82626642,-95.72532833,-101.6243902,-107.5234522,-113.4225141,-119.321576,-125.2206379,-131.1196998,-137.0187617,-142.9178236,-148.8168856,-154.7159475,-160.6150094,-166.5140713,-172.4131332,-178.3121951,-184.211257,-190.1103189,-196.0093809,-201.9084428,-207.8075047,-213.7065666,-219.6056285,-225.5046904,-231.4037523,-237.3028143,-243.2018762,-249.1009381,-255,-260.8990619,-266.7981238,-272.6971857,-278.5962477,-284.4953096,-290.3943715,-296.2934334,-302.1924953
5390,102.5906191,19.09193246,5.472795497,-4.255159475,-10.09193246,-12.03752345,-23.71106942,-31.4934334,-39.27579737,-47.05816135,-54.84052533,-62.62288931,-70.40525328,-78.18761726,-84.09803002,-90.00844278,-95.91885553,-101.8292683,-107.7396811,-113.6500938,-119.5605066,-125.4709193,-131.3813321,-137.2917448,-143.2021576,-149.1125704,-155.0229831,-160.9333959,-166.8438086,-172.7542214,-178.6646341,-184.5750469,-190.4854597,-196.3958724,-202.3062852,-208.2166979,-214.1271107,-220.0375235,-225.9479362,-231.858349,-237.7687617,-243.6791745,-249.5895872,-255.5,-261.4104128,-267.3208255,-273.2312383,-279.141651,-285.0520638,-290.9624765,-296.8728893,-302.7833021
5400,102.7826454,19.12007505,5.47467167,-4.272045028,-10.12007505,-12.06941839,-23.76547842,-31.56285178,-39.36022514,-47.1575985,-54.95497186,-62.75234522,-70.54971857,-78.34709193,-84.26885553,-90.19061914,-96.11238274,-102.0341463,-107.9559099,-113.8776735,-119.7994371,-125.7212008,-131.6429644,-137.564728,-143.4864916,-149.4082552,-155.3300188,-161.2517824,-167.173546,-173.0953096,-179.0170732,-184.9388368,-190.8606004,-196.782364,-202.7041276,-208.6258912,-214.5476548,-220.4694184,-226.391182,-232.3129456,-238.2347092,-244.1564728,-250.0782364,-256,-261.9217636,-267.8435272,-273.7652908,-279.6870544,-285.608818,-291.5305816,-297.4523452,-303.3741088
5410,102.9746717,19.14821764,5.476547842,-4.288930582,-10.14821764,-12.10131332,-23.81988743,-31.63227017,-39.44465291,-47.25703565,-55.06941839,-62.88180113,-70.69418386,-78.5065666,-84.43968105,-90.3727955,-96.30590994,-102.2390244,-108.1721388,-114.1052533,-120.0383677,-125.9714822,-131.9045966,-137.8377111,-143.7708255,-149.70394,-155.6370544,-161.5701689,-167.5032833,-173.4363977,-179.3695122,-185.3026266,-191.2357411,-197.1688555,-203.10197,-209.0350844,-214.9681989,-220.9013133,-226.8344278,-232.7675422,-238.7006567,-244.6337711,-250.5668856,-256.5,-262.4331144,-268.3662289,-274.2993433,-280.2324578,-286.1655722,-292.0986867,-298.0318011,-303.9649156
5420,103.1666979,19.17636023,5.478424015,-4.305816135,-10.17636023,-12.13320826,-23.87429644,-31.70168856,-39.52908068,-47.3564728,-55.18386492,-63.01125704,-70.83864916,-78.66604128,-84.61050657,-90.55497186,-96.49943715,-102.4439024,-108.3883677,-114.332833,-120.2772983,-126.2217636,-132.1662289,-138.1106942,-144.0551595,-149.9996248,-155.9440901,-161.8885553,-167.8330206,-173.7774859,-179.7219512,-185.6664165,-191.6108818,-197.5553471,-203.4998124,-209.4442777,-215.388743,-221.3332083,-227.2776735,-233.2221388,-239.1666041,-245.1110694,-251.0555347,-257,-262.9444653,-268.8889306,-274.8333959,-280.7778612,-286.7223265,-292.6667917,-298.611257,-304.5557223
5430,103.3587242,19.20450281,5.480300188,-4.322701689,-10.20450281,-12.16510319,-23.92870544,-31.77110694,-39.61350844,-47.45590994,-55.29831144,-63.14071295,-70.98311445,-78.82551595,-84.78133208,-90.73714822,-96.69296435,-102.6487805,-108.6045966,-114.5604128,-120.5162289,-126.472045,-132.4278612,-138.3836773,-144.3394934,-150.2953096,-156.2511257,-162.2069418,-168.162758,-174.1185741,-180.0743902,-186.0302064,-191.9860225,-197.9418386,-203.8976548,-209.8534709,-215.8092871,-221.7651032,-227.7209193,-233.6767355,-239.6325516,-245.5883677,-251.5441839,-257.5,-263.4558161,-269.4116323,-275.3674484,-281.3232645,-287.2790807,-293.2348968,-299.1907129,-305.1465291
5440,103.5507505,19.2326454,5.48217636,-4.339587242,-10.2326454,-12.19699812,-23.98311445,-31.84052533,-39.69793621,-47.55534709,-55.41275797,-63.27016886,-71.12757974,-78.98499062,-84.9521576,-90.91932458,-96.88649156,-102.8536585,-108.8208255,-114.7879925,-120.7551595,-126.7223265,-132.6894934,-138.6566604,-144.6238274,-150.5909944,-156.5581614,-162.5253283,-168.4924953,-174.4596623,-180.4268293,-186.3939962,-192.3611632,-198.3283302,-204.2954972,-210.2626642,-216.2298311,-222.1969981,-228.1641651,-234.1313321,-240.0984991,-246.065666,-252.032833,-258,-263.967167,-269.934334,-275.9015009,-281.8686679,-287.8358349,-293.8030019,-299.7701689,-305.7373358
5450,103.7427767,19.26078799,5.484052533,-4.356472795,-10.26078799,-12.22889306,-24.03752345,-31.90994371,-39.78236398,-47.65478424,-55.5272045,-63.39962477,-71.27204503,-79.14446529,-85.12298311,-91.10150094,-97.08001876,-103.0585366,-109.0370544,-115.0155722,-120.9940901,-126.9726079,-132.9511257,-138.9296435,-144.9081614,-150.8866792,-156.865197,-162.8437148,-168.8222326,-174.8007505,-180.7792683,-186.7577861,-192.7363039,-198.7148218,-204.6933396,-210.6718574,-216.6503752,-222.6288931,-228.6074109,-234.5859287,-240.5644465,-246.5429644,-252.5214822,-258.5,-264.4785178,-270.4570356,-276.4355535,-282.4140713,-288.3925891,-294.3711069,-300.3496248,-306.3281426
5460,103.934803,19.28893058,5.485928705,-4.373358349,-10.28893058,-12.26078799,-24.09193246,-31.9793621,-39.86679174,-47.75422139,-55.64165103,-63.52908068,-71.41651032,-79.30393996,-85.29380863,-91.2836773,-97.27354597,-103.2634146,-109.2532833,-115.243152,-121.2330206,-127.2228893,-133.212758,-139.2026266,-145.1924953,-151.182364,-157.1722326,-163.1621013,-169.15197,-175.1418386,-181.1317073,-187.121576,-193.1114447,-199.1013133,-205.091182,-211.0810507,-217.0709193,-223.060788,-229.0506567,-235.0405253,-241.030394,-247.0202627,-253.0101313,-259,-264.9898687,-270.9797373,-276.969606,-282.9594747,-288.9493433,-294.939212,-300.9290807,-306.9189493
5470,104.1268293,19.31707317,5.487804878,-4.390243902,-10.31707317,-12.29268293,-24.14634146,-32.04878049,-39.95121951,-47.85365854,-55.75609756,-63.65853659,-71.56097561,-79.46341463,-85.46463415,-91.46585366,-97.46707317,-103.4682927,-109.4695122,-115.4707317,-121.4719512,-127.4731707,-133.4743902,-139.4756098,-145.4768293,-151.4780488,-157.4792683,-163.4804878,-169.4817073,-175.4829268,-181.4841463,-187.4853659,-193.4865854,-199.4878049,-205.4890244,-211.4902439,-217.4914634,-223.4926829,-229.4939024,-235.495122,-241.4963415,-247.497561,-253.4987805,-259.5,-265.5012195,-271.502439,-277.5036585,-283.504878,-289.5060976,-295.5073171,-301.5085366,-307.5097561
5480,104.3188555,19.34521576,5.489681051,-4.407129456,-10.34521576,-12.32457786,-24.20075047,-32.11819887,-40.03564728,-47.95309568,-55.87054409,-63.7879925,-71.7054409,-79.62288931,-85.63545966,-91.64803002,-97.66060038,-103.6731707,-109.6857411,-115.6983114,-121.7108818,-127.7234522,-133.7360225,-139.7485929,-145.7611632,-151.7737336,-157.7863039,-163.7988743,-169.8114447,-175.824015,-181.8365854,-187.8491557,-193.8617261,-199.8742964,-205.8868668,-211.8994371,-217.9120075,-223.9245779,-229.9371482,-235.9497186,-241.9622889,-247.9748593,-253.9874296,-260,-266.0125704,-272.0251407,-278.0377111,-284.0502814,-290.0628518,-296.0754221,-302.0879925,-308.1005629
5490,104.5108818,19.37335835,5.491557223,-4.424015009,-10.37335835,-12.3564728,-24.25515947,-32.18761726,-40.12007505,-48.05253283,-55.98499062,-63.91744841,-71.84990619,-79.78236398,-85.80628518,-91.83020638,-97.85412758,-103.8780488,-109.90197,-115.9258912,-121.9498124,-127.9737336,-133.9976548,-140.021576,-146.0454972,-152.0694184,-158.0933396,-164.1172608,-170.141182,-176.1651032,-182.1890244,-188.2129456,-194.2368668,-200.260788,-206.2847092,-212.3086304,-218.3325516,-224.3564728,-230.380394,-236.4043152,-242.4282364,-248.4521576,-254.4760788,-260.5,-266.5239212,-272.5478424,-278.5717636,-284.5956848,-290.619606,-296.6435272,-302.6674484,-308.6913696
5500,104.7029081,19.40150094,5.493433396,-4.440900563,-10.40150094,-12.38836773,-24.30956848,-32.25703565,-40.20450281,-48.15196998,-56.09943715,-64.04690432,-71.99437148,-79.94183865,-85.97711069,-92.01238274,-98.04765478,-104.0829268,-110.1181989,-116.1534709,-122.188743,-128.224015,-134.2592871,-140.2945591,-146.3298311,-152.3651032,-158.4003752,-164.4356473,-170.4709193,-176.5061914,-182.5414634,-188.5767355,-194.6120075,-200.6472795,-206.6825516,-212.7178236,-218.7530957,-224.7883677,-230.8236398,-236.8589118,-242.8941839,-248.9294559,-254.964728,-261,-267.035272,-273.0705441,-279.1058161,-285.1410882,-291.1763602,-297.2116323,-303.2469043,-309.2821764
5510,104.8949343,19.42964353,5.495309568,-4.457786116,-10.42964353,-12.42026266,-24.36397749,-32.32645403,-40.28893058,-48.25140713,-56.21388368,-64.17636023,-72.13883677,-80.10131332,-86.14793621,-92.1945591,-98.24118199,-104.2878049,-110.3344278,-116.3810507,-122.4276735,-128.4742964,-134.5209193,-140.5675422,-146.6141651,-152.660788,-158.7074109,-164.7540338,-170.8006567,-176.8472795,-182.8939024,-188.9405253,-194.9871482,-201.0337711,-207.080394,-213.1270169,-219.1736398,-225.2202627,-231.2668856,-237.3135084,-243.3601313,-249.4067542,-255.4533771,-261.5,-267.5466229,-273.5932458,-279.6398687,-285.6864916,-291.7331144,-297.7797373,-303.8263602,-309.8729831
5520,105.0869606,19.45778612,5.497185741,-4.47467167,-10.45778612,-12.4521576,-24.41838649,-32.39587242,-40.37335835,-48.35084428,-56.32833021,-64.30581614,-72.28330206,-80.26078799,-86.31876173,-92.37673546,-98.43470919,-104.4926829,-110.5506567,-116.6086304,-122.6666041,-128.7245779,-134.7825516,-140.8405253,-146.8984991,-152.9564728,-159.0144465,-165.0724203,-171.130394,-177.1883677,-183.2463415,-189.3043152,-195.3622889,-201.4202627,-207.4782364,-213.5362101,-219.5941839,-225.6521576,-231.7101313,-237.7681051,-243.8260788,-249.8840525,-255.9420263,-262,-268.0579737,-274.1159475,-280.1739212,-286.2318949,-292.2898687,-298.3478424,-304.4058161,-310.4637899
5530,105.2789869,19.48592871,5.499061914,-4.491557223,-10.48592871,-12.48405253,-24.4727955,-32.46529081,-40.45778612,-48.45028143,-56.44277674,-64.43527205,-72.42776735,-80.42026266,-86.48958724,-92.55891182,-98.6282364,-104.697561,-110.7668856,-116.8362101,-122.9055347,-128.9748593,-135.0441839,-141.1135084,-147.182833,-153.2521576,-159.3214822,-165.3908068,-171.4601313,-177.5294559,-183.5987805,-189.6681051,-195.7374296,-201.8067542,-207.8760788,-213.9454034,-220.014728,-226.0840525,-232.1533771,-238.2227017,-244.2920263,-250.3613508,-256.4306754,-262.5,-268.5693246,-274.6386492,-280.7079737,-286.7772983,-292.8466229,-298.9159475,-304.985272,-311.0545966
5540,105.4710131,19.51407129,5.500938086,-4.508442777,-10.51407129,-12.51594747,-24.5272045,-32.53470919,-40.54221388,-48.54971857,-56.55722326,-64.56472795,-72.57223265,-80.57973734,-86.66041276,-92.74108818,-98.8217636,-104.902439,-110.9831144,-117.0637899,-123.1444653,-129.2251407,-135.3058161,-141.3864916,-147.467167,-153.5478424,-159.6285178,-165.7091932,-171.7898687,-177.8705441,-183.9512195,-190.0318949,-196.1125704,-202.1932458,-208.2739212,-214.3545966,-220.435272,-226.5159475,-232.5966229,-238.6772983,-244.7579737,-250.8386492,-256.9193246,-263,-269.0806754,-275.1613508,-281.2420263,-287.3227017,-293.4033771,-299.4840525,-305.564728,-311.6454034
5550,105.6630394,19.54221388,5.502814259,-4.52532833,-10.54221388,-12.5478424,-24.58161351,-32.60412758,-40.62664165,-48.64915572,-56.67166979,-64.69418386,-72.71669794,-80.73921201,-86.83123827,-92.92326454,-99.01529081,-105.1073171,-111.1993433,-117.2913696,-123.3833959,-129.4754221,-135.5674484,-141.6594747,-147.7515009,-153.8435272,-159.9355535,-166.0275797,-172.119606,-178.2116323,-184.3036585,-190.3956848,-196.4877111,-202.5797373,-208.6717636,-214.7637899,-220.8558161,-226.9478424,-233.0398687,-239.1318949,-245.2239212,-251.3159475,-257.4079737,-263.5,-269.5920263,-275.6840525,-281.7760788,-287.8681051,-293.9601313,-300.0521576,-306.1441839,-312.2362101
5560,105.8550657,19.57035647,5.504690432,-4.542213884,-10.57035647,-12.57973734,-24.63602251,-32.67354597,-40.71106942,-48.74859287,-56.78611632,-64.82363977,-72.86116323,-80.89868668,-87.00206379,-93.1054409,-99.20881801,-105.3121951,-111.4155722,-117.5189493,-123.6223265,-129.7257036,-135.8290807,-141.9324578,-148.0358349,-154.139212,-160.2425891,-166.3459662,-172.4493433,-178.5527205,-184.6560976,-190.7594747,-196.8628518,-202.9662289,-209.069606,-215.1729831,-221.2763602,-227.3797373,-233.4831144,-239.5864916,-245.6898687,-251.7932458,-257.8966229,-264,-270.1033771,-276.2067542,-282.3101313,-288.4135084,-294.5168856,-300.6202627,-306.7236398,-312.8270169
5570,106.0470919,19.59849906,5.506566604,-4.559099437,-10.59849906,-12.61163227,-24.69043152,-32.74296435,-40.79549719,-48.84803002,-56.90056285,-64.95309568,-73.00562852,-81.05816135,-87.17288931,-93.28761726,-99.40234522,-105.5170732,-111.6318011,-117.7465291,-123.861257,-129.975985,-136.0907129,-142.2054409,-148.3201689,-154.4348968,-160.5496248,-166.6643527,-172.7790807,-178.8938086,-185.0085366,-191.1232645,-197.2379925,-203.3527205,-209.4674484,-215.5821764,-221.6969043,-227.8116323,-233.9263602,-240.0410882,-246.1558161,-252.2705441,-258.385272,-264.5,-270.614728,-276.7294559,-282.8441839,-288.9589118,-295.0736398,-301.1883677,-307.3030957,-313.4178236
5580,106.2391182,19.62664165,5.508442777,-4.575984991,-10.62664165,-12.6435272,-24.74484053,-32.81238274,-40.87992495,-48.94746717,-57.01500938,-65.08255159,-73.15009381,-81.21763602,-87.34371482,-93.46979362,-99.59587242,-105.7219512,-111.84803,-117.9741088,-124.1001876,-130.2262664,-136.3523452,-142.478424,-148.6045028,-154.7305816,-160.8566604,-166.9827392,-173.108818,-179.2348968,-185.3609756,-191.4870544,-197.6131332,-203.739212,-209.8652908,-215.9913696,-222.1174484,-228.2435272,-234.369606,-240.4956848,-246.6217636,-252.7478424,-258.8739212,-265,-271.1260788,-277.2521576,-283.3782364,-289.5043152,-295.630394,-301.7564728,-307.8825516,-314.0086304
5590,106.4311445,19.65478424,5.510318949,-4.592870544,-10.65478424,-12.67542214,-24.79924953,-32.88180113,-40.96435272,-49.04690432,-57.12945591,-65.2120075,-73.2945591,-81.37711069,-87.51454034,-93.65196998,-99.78939962,-105.9268293,-112.0642589,-118.2016886,-124.3391182,-130.4765478,-136.6139775,-142.7514071,-148.8888368,-155.0262664,-161.1636961,-167.3011257,-173.4385553,-179.575985,-185.7134146,-191.8508443,-197.9882739,-204.1257036,-210.2631332,-216.4005629,-222.5379925,-228.6754221,-234.8128518,-240.9502814,-247.0877111,-253.2251407,-259.3625704,-265.5,-271.6374296,-277.7748593,-283.9122889,-290.0497186,-296.1871482,-302.3245779,-308.4620075,-314.5994371
5600,106.6231707,19.68292683,5.512195122,-4.609756098,-10.68292683,-12.70731707,-24.85365854,-32.95121951,-41.04878049,-49.14634146,-57.24390244,-65.34146341,-73.43902439,-81.53658537,-87.68536585,-93.83414634,-99.98292683,-106.1317073,-112.2804878,-118.4292683,-124.5780488,-130.7268293,-136.8756098,-143.0243902,-149.1731707,-155.3219512,-161.4707317,-167.6195122,-173.7682927,-179.9170732,-186.0658537,-192.2146341,-198.3634146,-204.5121951,-210.6609756,-216.8097561,-222.9585366,-229.1073171,-235.2560976,-241.404878,-247.5536585,-253.702439,-259.8512195,-266,-272.1487805,-278.297561,-284.4463415,-290.595122,-296.7439024,-302.8926829,-309.0414634,-315.1902439
5610,106.815197,19.71106942,5.514071295,-4.626641651,-10.71106942,-12.73921201,-24.90806754,-33.0206379,-41.13320826,-49.24577861,-57.35834897,-65.47091932,-73.58348968,-81.69606004,-87.85619137,-94.0163227,-100.176454,-106.3365854,-112.4967167,-118.656848,-124.8169794,-130.9771107,-137.137242,-143.2973734,-149.4575047,-155.617636,-161.7777674,-167.9378987,-174.09803,-180.2581614,-186.4182927,-192.578424,-198.7385553,-204.8986867,-211.058818,-217.2189493,-223.3790807,-229.539212,-235.6993433,-241.8594747,-248.019606,-254.1797373,-260.3398687,-266.5,-272.6601313,-278.8202627,-284.980394,-291.1405253,-297.3006567,-303.460788,-309.6209193,-315.7810507
5620,107.0072233,19.73921201,5.515947467,-4.643527205,-10.73921201,-12.77110694,-24.96247655,-33.09005629,-41.21763602,-49.34521576,-57.4727955,-65.60037523,-73.72795497,-81.85553471,-88.02701689,-94.19849906,-100.3699812,-106.5414634,-112.7129456,-118.8844278,-125.0559099,-131.2273921,-137.3988743,-143.5703565,-149.7418386,-155.9133208,-162.084803,-168.2562852,-174.4277674,-180.5992495,-186.7707317,-192.9422139,-199.1136961,-205.2851782,-211.4566604,-217.6281426,-223.7996248,-229.9711069,-236.1425891,-242.3140713,-248.4855535,-254.6570356,-260.8285178,-267,-273.1714822,-279.3429644,-285.5144465,-291.6859287,-297.8574109,-304.0288931,-310.2003752,-316.3718574
5630,107.1992495,19.7673546,5.51782364,-4.660412758,-10.7673546,-12.80300188,-25.01688555,-33.15947467,-41.30206379,-49.44465291,-57.58724203,-65.72983114,-73.87242026,-82.01500938,-88.1978424,-94.38067542,-100.5635084,-106.7463415,-112.9291745,-119.1120075,-125.2948405,-131.4776735,-137.6605066,-143.8433396,-150.0261726,-156.2090056,-162.3918386,-168.5746717,-174.7575047,-180.9403377,-187.1231707,-193.3060038,-199.4888368,-205.6716698,-211.8545028,-218.0373358,-224.2201689,-230.4030019,-236.5858349,-242.7686679,-248.9515009,-255.134334,-261.317167,-267.5,-273.682833,-279.865666,-286.0484991,-292.2313321,-298.4141651,-304.5969981,-310.7798311,-316.9626642
5640,107.3912758,19.79549719,5.519699812,-4.677298311,-10.79549719,-12.83489681,-25.07129456,-33.22889306,-41.38649156,-49.54409006,-57.70168856,-65.85928705,-74.01688555,-82.17448405,-88.36866792,-94.56285178,-100.7570356,-106.9512195,-113.1454034,-119.3395872,-125.5337711,-131.727955,-137.9221388,-144.1163227,-150.3105066,-156.5046904,-162.6988743,-168.8930582,-175.087242,-181.2814259,-187.4756098,-193.6697936,-199.8639775,-206.0581614,-212.2523452,-218.4465291,-224.6407129,-230.8348968,-237.0290807,-243.2232645,-249.4174484,-255.6116323,-261.8058161,-268,-274.1941839,-280.3883677,-286.5825516,-292.7767355,-298.9709193,-305.1651032,-311.3592871,-317.5534709
5650,107.5833021,19.82363977,5.521575985,-4.694183865,-10.82363977,-12.86679174,-25.12570356,-33.29831144,-41.47091932,-49.6435272,-57.81613508,-65.98874296,-74.16135084,-82.33395872,-88.53949343,-94.74502814,-100.9505629,-107.1560976,-113.3616323,-119.567167,-125.7727017,-131.9782364,-138.1837711,-144.3893058,-150.5948405,-156.8003752,-163.0059099,-169.2114447,-175.4169794,-181.6225141,-187.8280488,-194.0335835,-200.2391182,-206.4446529,-212.6501876,-218.8557223,-225.061257,-231.2667917,-237.4723265,-243.6778612,-249.8833959,-256.0889306,-262.2944653,-268.5,-274.7055347,-280.9110694,-287.1166041,-293.3221388,-299.5276735,-305.7332083,-311.938743,-318.1442777
5660,107.7753283,19.85178236,5.523452158,-4.711069418,-10.85178236,-12.89868668,-25.18011257,-33.36772983,-41.55534709,-49.74296435,-57.93058161,-66.11819887,-74.30581614,-82.4934334,-88.71031895,-94.9272045,-101.1440901,-107.3609756,-113.5778612,-119.7947467,-126.0116323,-132.2285178,-138.4454034,-144.6622889,-150.8791745,-157.09606,-163.3129456,-169.5298311,-175.7467167,-181.9636023,-188.1804878,-194.3973734,-200.6142589,-206.8311445,-213.04803,-219.2649156,-225.4818011,-231.6986867,-237.9155722,-244.1324578,-250.3493433,-256.5662289,-262.7831144,-269,-275.2168856,-281.4337711,-287.6506567,-293.8675422,-300.0844278,-306.3013133,-312.5181989,-318.7350844
5670,107.9673546,19.87992495,5.52532833,-4.727954972,-10.87992495,-12.93058161,-25.23452158,-33.43714822,-41.63977486,-49.8424015,-58.04502814,-66.24765478,-74.45028143,-82.65290807,-88.88114447,-95.10938086,-101.3376173,-107.5658537,-113.7940901,-120.0223265,-126.2505629,-132.4787992,-138.7070356,-144.935272,-151.1635084,-157.3917448,-163.6199812,-169.8482176,-176.076454,-182.3046904,-188.5329268,-194.7611632,-200.9893996,-207.217636,-213.4458724,-219.6741088,-225.9023452,-232.1305816,-238.358818,-244.5870544,-250.8152908,-257.0435272,-263.2717636,-269.5,-275.7282364,-281.9564728,-288.1847092,-294.4129456,-300.641182,-306.8694184,-313.0976548,-319.3258912
5680,108.1593809,19.90806754,5.527204503,-4.744840525,-10.90806754,-12.96247655,-25.28893058,-33.5065666,-41.72420263,-49.94183865,-58.15947467,-66.37711069,-74.59474672,-82.81238274,-89.05196998,-95.29155722,-101.5311445,-107.7707317,-114.0103189,-120.2499062,-126.4894934,-132.7290807,-138.9686679,-145.2082552,-151.4478424,-157.6874296,-163.9270169,-170.1666041,-176.4061914,-182.6457786,-188.8853659,-195.1249531,-201.3645403,-207.6041276,-213.8437148,-220.0833021,-226.3228893,-232.5624765,-238.8020638,-245.041651,-251.2812383,-257.5208255,-263.7604128,-270,-276.2395872,-282.4791745,-288.7187617,-294.958349,-301.1979362,-307.4375235,-313.6771107,-319.9166979
5690,108.3514071,19.93621013,5.529080675,-4.761726079,-10.93621013,-12.99437148,-25.34333959,-33.57598499,-41.80863039,-50.0412758,-58.2739212,-66.5065666,-74.73921201,-82.97185741,-89.2227955,-95.47373358,-101.7246717,-107.9756098,-114.2265478,-120.4774859,-126.728424,-132.9793621,-139.2303002,-145.4812383,-151.7321764,-157.9831144,-164.2340525,-170.4849906,-176.7359287,-182.9868668,-189.2378049,-195.488743,-201.7396811,-207.9906191,-214.2415572,-220.4924953,-226.7434334,-232.9943715,-239.2453096,-245.4962477,-251.7471857,-257.9981238,-264.2490619,-270.5,-276.7509381,-283.0018762,-289.2528143,-295.5037523,-301.7546904,-308.0056285,-314.2565666,-320.5075047
5700,108.5434334,19.96435272,5.530956848,-4.778611632,-10.96435272,-13.02626642,-25.39774859,-33.64540338,-41.89305816,-50.14071295,-58.38836773,-66.63602251,-74.8836773,-83.13133208,-89.39362101,-95.65590994,-101.9181989,-108.1804878,-114.4427767,-120.7050657,-126.9673546,-133.2296435,-139.4919325,-145.7542214,-152.0165103,-158.2787992,-164.5410882,-170.8033771,-177.065666,-183.327955,-189.5902439,-195.8525328,-202.1148218,-208.3771107,-214.6393996,-220.9016886,-227.1639775,-233.4262664,-239.6885553,-245.9508443,-252.2131332,-258.4754221,-264.7377111,-271,-277.2622889,-283.5245779,-289.7868668,-296.0491557,-302.3114447,-308.5737336,-314.8360225,-321.0983114
5710,108.7354597,19.99249531,5.532833021,-4.795497186,-10.99249531,-13.05816135,-25.4521576,-33.71482176,-41.97748593,-50.24015009,-58.50281426,-66.76547842,-75.02814259,-83.29080675,-89.56444653,-95.8380863,-102.1117261,-108.3853659,-114.6590056,-120.9326454,-127.2062852,-133.479925,-139.7535647,-146.0272045,-152.3008443,-158.5744841,-164.8481238,-171.1217636,-177.3954034,-183.6690432,-189.9426829,-196.2163227,-202.4899625,-208.7636023,-215.037242,-221.3108818,-227.5845216,-233.8581614,-240.1318011,-246.4054409,-252.6790807,-258.9527205,-265.2263602,-271.5,-277.7736398,-284.0472795,-290.3209193,-296.5945591,-302.8681989,-309.1418386,-315.4154784,-321.6891182
5720,108.9274859,20.0206379,5.534709193,-4.812382739,-11.0206379,-13.09005629,-25.5065666,-33.78424015,-42.0619137,-50.33958724,-58.61726079,-66.89493433,-75.17260788,-83.45028143,-89.73527205,-96.02026266,-102.3052533,-108.5902439,-114.8752345,-121.1602251,-127.4452158,-133.7302064,-140.015197,-146.3001876,-152.5851782,-158.8701689,-165.1551595,-171.4401501,-177.7251407,-184.0101313,-190.295122,-196.5801126,-202.8651032,-209.1500938,-215.4350844,-221.720075,-228.0050657,-234.2900563,-240.5750469,-246.8600375,-253.1450281,-259.4300188,-265.7150094,-272,-278.2849906,-284.5699812,-290.8549719,-297.1399625,-303.4249531,-309.7099437,-315.9949343,-322.279925
5730,109.1195122,20.04878049,5.536585366,-4.829268293,-11.04878049,-13.12195122,-25.56097561,-33.85365854,-42.14634146,-50.43902439,-58.73170732,-67.02439024,-75.31707317,-83.6097561,-89.90609756,-96.20243902,-102.4987805,-108.795122,-115.0914634,-121.3878049,-127.6841463,-133.9804878,-140.2768293,-146.5731707,-152.8695122,-159.1658537,-165.4621951,-171.7585366,-178.054878,-184.3512195,-190.647561,-196.9439024,-203.2402439,-209.5365854,-215.8329268,-222.1292683,-228.4256098,-234.7219512,-241.0182927,-247.3146341,-253.6109756,-259.9073171,-266.2036585,-272.5,-278.7963415,-285.0926829,-291.3890244,-297.6853659,-303.9817073,-310.2780488,-316.5743902,-322.8707317
5740,109.3115385,20.07692308,5.538461538,-4.846153846,-11.07692308,-13.15384615,-25.61538462,-33.92307692,-42.23076923,-50.53846154,-58.84615385,-67.15384615,-75.46153846,-83.76923077,-90.07692308,-96.38461538,-102.6923077,-109,-115.3076923,-121.6153846,-127.9230769,-134.2307692,-140.5384615,-146.8461538,-153.1538462,-159.4615385,-165.7692308,-172.0769231,-178.3846154,-184.6923077,-191,-197.3076923,-203.6153846,-209.9230769,-216.2307692,-222.5384615,-228.8461538,-235.1538462,-241.4615385,-247.7692308,-254.0769231,-260.3846154,-266.6923077,-273,-279.3076923,-285.6153846,-291.9230769,-298.2307692,-304.5384615,-310.8461538,-317.1538462,-323.4615385
5750,109.5035647,20.10506567,5.540337711,-4.8630394,-11.10506567,-13.18574109,-25.66979362,-33.99249531,-42.315197,-50.63789869,-58.96060038,-67.28330206,-75.60600375,-83.92870544,-90.24774859,-96.56679174,-102.8858349,-109.204878,-115.5239212,-121.8429644,-128.1620075,-134.4810507,-140.8000938,-147.119137,-153.4381801,-159.7572233,-166.0762664,-172.3953096,-178.7143527,-185.0333959,-191.352439,-197.6714822,-203.9905253,-210.3095685,-216.6286116,-222.9476548,-229.2666979,-235.5857411,-241.9047842,-248.2238274,-254.5428705,-260.8619137,-267.1809568,-273.5,-279.8190432,-286.1380863,-292.4571295,-298.7761726,-305.0952158,-311.4142589,-317.7333021,-324.0523452
5760,109.695591,20.13320826,5.542213884,-4.879924953,-11.13320826,-13.21763602,-25.72420263,-34.0619137,-42.39962477,-50.73733583,-59.0750469,-67.41275797,-75.75046904,-84.08818011,-90.41857411,-96.74896811,-103.0793621,-109.4097561,-115.7401501,-122.0705441,-128.4009381,-134.7313321,-141.0617261,-147.3921201,-153.7225141,-160.0529081,-166.3833021,-172.7136961,-179.0440901,-185.3744841,-191.704878,-198.035272,-204.365666,-210.69606,-217.026454,-223.356848,-229.687242,-236.017636,-242.34803,-248.678424,-255.008818,-261.339212,-267.669606,-274,-280.330394,-286.660788,-292.991182,-299.321576,-305.65197,-311.982364,-318.312758,-324.643152
5770,109.8876173,20.16135084,5.544090056,-4.896810507,-11.16135084,-13.24953096,-25.77861163,-34.13133208,-42.48405253,-50.83677298,-59.18949343,-67.54221388,-75.89493433,-84.24765478,-90.58939962,-96.93114447,-103.2728893,-109.6146341,-115.956379,-122.2981238,-128.6398687,-134.9816135,-141.3233583,-147.6651032,-154.006848,-160.3485929,-166.6903377,-173.0320826,-179.3738274,-185.7155722,-192.0573171,-198.3990619,-204.7408068,-211.0825516,-217.4242964,-223.7660413,-230.1077861,-236.449531,-242.7912758,-249.1330206,-255.4747655,-261.8165103,-268.1582552,-274.5,-280.8417448,-287.1834897,-293.5252345,-299.8669794,-306.2087242,-312.550469,-318.8922139,-325.2339587
5780,110.0796435,20.18949343,5.545966229,-4.91369606,-11.18949343,-13.28142589,-25.83302064,-34.20075047,-42.5684803,-50.93621013,-59.30393996,-67.67166979,-76.03939962,-84.40712946,-90.76022514,-97.11332083,-103.4664165,-109.8195122,-116.1726079,-122.5257036,-128.8787992,-135.2318949,-141.5849906,-147.9380863,-154.291182,-160.6442777,-166.9973734,-173.350469,-179.7035647,-186.0566604,-192.4097561,-198.7628518,-205.1159475,-211.4690432,-217.8221388,-224.1752345,-230.5283302,-236.8814259,-243.2345216,-249.5876173,-255.9407129,-262.2938086,-268.6469043,-275,-281.3530957,-287.7061914,-294.0592871,-300.4123827,-306.7654784,-313.1185741,-319.4716698,-325.8247655
5790,110.2716698,20.21763602,5.547842402,-4.930581614,-11.21763602,-13.31332083,-25.88742964,-34.27016886,-42.65290807,-51.03564728,-59.41838649,-67.8011257,-76.18386492,-84.56660413,-90.93105066,-97.29549719,-103.6599437,-110.0243902,-116.3888368,-122.7532833,-129.1177298,-135.4821764,-141.8466229,-148.2110694,-154.5755159,-160.9399625,-167.304409,-173.6688555,-180.0333021,-186.3977486,-192.7621951,-199.1266417,-205.4910882,-211.8555347,-218.2199812,-224.5844278,-230.9488743,-237.3133208,-243.6777674,-250.0422139,-256.4066604,-262.7711069,-269.1355535,-275.5,-281.8644465,-288.2288931,-294.5933396,-300.9577861,-307.3222326,-313.6866792,-320.0511257,-326.4155722
5800,110.4636961,20.24577861,5.549718574,-4.947467167,-11.24577861,-13.34521576,-25.94183865,-34.33958724,-42.73733583,-51.13508443,-59.53283302,-67.93058161,-76.32833021,-84.7260788,-91.10187617,-97.47767355,-103.8534709,-110.2292683,-116.6050657,-122.980863,-129.3566604,-135.7324578,-142.1082552,-148.4840525,-154.8598499,-161.2356473,-167.6114447,-173.987242,-180.3630394,-186.7388368,-193.1146341,-199.4904315,-205.8662289,-212.2420263,-218.6178236,-224.993621,-231.3694184,-237.7452158,-244.1210131,-250.4968105,-256.8726079,-263.2484053,-269.6242026,-276,-282.3757974,-288.7515947,-295.1273921,-301.5031895,-307.8789869,-314.2547842,-320.6305816,-327.006379
5810,110.6557223,20.2739212,5.551594747,-4.96435272,-11.2739212,-13.37711069,-25.99624765,-34.40900563,-42.8217636,-51.23452158,-59.64727955,-68.06003752,-76.4727955,-84.88555347,-91.27270169,-97.65984991,-104.0469981,-110.4341463,-116.8212946,-123.2084428,-129.595591,-135.9827392,-142.3698874,-148.7570356,-155.1441839,-161.5313321,-167.9184803,-174.3056285,-180.6927767,-187.079925,-193.4670732,-199.8542214,-206.2413696,-212.6285178,-219.015666,-225.4028143,-231.7899625,-238.1771107,-244.5642589,-250.9514071,-257.3385553,-263.7257036,-270.1128518,-276.5,-282.8871482,-289.2742964,-295.6614447,-302.0485929,-308.4357411,-314.8228893,-321.2100375,-327.5971857
5820,110.8477486,20.30206379,5.553470919,-4.981238274,-11.30206379,-13.40900563,-26.05065666,-34.47842402,-42.90619137,-51.33395872,-59.76172608,-68.18949343,-76.61726079,-85.04502814,-91.4435272,-97.84202627,-104.2405253,-110.6390244,-117.0375235,-123.4360225,-129.8345216,-136.2330206,-142.6315197,-149.0300188,-155.4285178,-161.8270169,-168.2255159,-174.624015,-181.0225141,-187.4210131,-193.8195122,-200.2180113,-206.6165103,-213.0150094,-219.4135084,-225.8120075,-232.2105066,-238.6090056,-245.0075047,-251.4060038,-257.8045028,-264.2030019,-270.6015009,-277,-283.3984991,-289.7969981,-296.1954972,-302.5939962,-308.9924953,-315.3909944,-321.7894934,-328.1879925
5830,111.0397749,20.33020638,5.555347092,-4.998123827,-11.33020638,-13.44090056,-26.10506567,-34.5478424,-42.99061914,-51.43339587,-59.87617261,-68.31894934,-76.76172608,-85.20450281,-91.61435272,-98.02420263,-104.4340525,-110.8439024,-117.2537523,-123.6636023,-130.0734522,-136.4833021,-142.893152,-149.3030019,-155.7128518,-162.1227017,-168.5325516,-174.9424015,-181.3522514,-187.7621013,-194.1719512,-200.5818011,-206.991651,-213.4015009,-219.8113508,-226.2212008,-232.6310507,-239.0409006,-245.4507505,-251.8606004,-258.2704503,-264.6803002,-271.0901501,-277.5,-283.9098499,-290.3196998,-296.7295497,-303.1393996,-309.5492495,-315.9590994,-322.3689493,-328.7787992
5840,111.2318011,20.35834897,5.557223265,-5.015009381,-11.35834897,-13.4727955,-26.15947467,-34.61726079,-43.0750469,-51.53283302,-59.99061914,-68.44840525,-76.90619137,-85.36397749,-91.78517824,-98.20637899,-104.6275797,-111.0487805,-117.4699812,-123.891182,-130.3123827,-136.7335835,-143.1547842,-149.575985,-155.9971857,-162.4183865,-168.8395872,-175.260788,-181.6819887,-188.1031895,-194.5243902,-200.945591,-207.3667917,-213.7879925,-220.2091932,-226.630394,-233.0515947,-239.4727955,-245.8939962,-252.315197,-258.7363977,-265.1575985,-271.5787992,-278,-284.4212008,-290.8424015,-297.2636023,-303.684803,-310.1060038,-316.5272045,-322.9484053,-329.369606
5850,111.4238274,20.38649156,5.559099437,-5.031894934,-11.38649156,-13.50469043,-26.21388368,-34.68667917,-43.15947467,-51.63227017,-60.10506567,-68.57786116,-77.05065666,-85.52345216,-91.95600375,-98.38855535,-104.8211069,-111.2536585,-117.6862101,-124.1187617,-130.5513133,-136.9838649,-143.4164165,-149.8489681,-156.2815197,-162.7140713,-169.1466229,-175.5791745,-182.0117261,-188.4442777,-194.8768293,-201.3093809,-207.7419325,-214.1744841,-220.6070356,-227.0395872,-233.4721388,-239.9046904,-246.337242,-252.7697936,-259.2023452,-265.6348968,-272.0674484,-278.5,-284.9325516,-291.3651032,-297.7976548,-304.2302064,-310.662758,-317.0953096,-323.5278612,-329.9604128
5860,111.6158537,20.41463415,5.56097561,-5.048780488,-11.41463415,-13.53658537,-26.26829268,-34.75609756,-43.24390244,-51.73170732,-60.2195122,-68.70731707,-77.19512195,-85.68292683,-92.12682927,-98.57073171,-105.0146341,-111.4585366,-117.902439,-124.3463415,-130.7902439,-137.2341463,-143.6780488,-150.1219512,-156.5658537,-163.0097561,-169.4536585,-175.897561,-182.3414634,-188.7853659,-195.2292683,-201.6731707,-208.1170732,-214.5609756,-221.004878,-227.4487805,-233.8926829,-240.3365854,-246.7804878,-253.2243902,-259.6682927,-266.1121951,-272.5560976,-279,-285.4439024,-291.8878049,-298.3317073,-304.7756098,-311.2195122,-317.6634146,-324.1073171,-330.5512195
5870,111.8078799,20.44277674,5.562851782,-5.065666041,-11.44277674,-13.5684803,-26.32270169,-34.82551595,-43.32833021,-51.83114447,-60.33395872,-68.83677298,-77.33958724,-85.8424015,-92.29765478,-98.75290807,-105.2081614,-111.6634146,-118.1186679,-124.5739212,-131.0291745,-137.4844278,-143.9396811,-150.3949343,-156.8501876,-163.3054409,-169.7606942,-176.2159475,-182.6712008,-189.126454,-195.5817073,-202.0369606,-208.4922139,-214.9474672,-221.4027205,-227.8579737,-234.313227,-240.7684803,-247.2237336,-253.6789869,-260.1342402,-266.5894934,-273.0447467,-279.5,-285.9552533,-292.4105066,-298.8657598,-305.3210131,-311.7762664,-318.2315197,-324.686773,-331.1420263
5880,111.9999062,20.47091932,5.564727955,-5.082551595,-11.47091932,-13.60037523,-26.37711069,-34.89493433,-43.41275797,-51.93058161,-60.44840525,-68.96622889,-77.48405253,-86.00187617,-92.4684803,-98.93508443,-105.4016886,-111.8682927,-118.3348968,-124.8015009,-131.2681051,-137.7347092,-144.2013133,-150.6679174,-157.1345216,-163.6011257,-170.0677298,-176.534334,-183.0009381,-189.4675422,-195.9341463,-202.4007505,-208.8673546,-215.3339587,-221.8005629,-228.267167,-234.7337711,-241.2003752,-247.6669794,-254.1335835,-260.6001876,-267.0667917,-273.5333959,-280,-286.4666041,-292.9332083,-299.3998124,-305.8664165,-312.3330206,-318.7996248,-325.2662289,-331.732833
5890,112.1919325,20.49906191,5.566604128,-5.099437148,-11.49906191,-13.63227017,-26.4315197,-34.96435272,-43.49718574,-52.03001876,-60.56285178,-69.0956848,-77.62851782,-86.16135084,-92.63930582,-99.11726079,-105.5952158,-112.0731707,-118.5511257,-125.0290807,-131.5070356,-137.9849906,-144.4629456,-150.9409006,-157.4188555,-163.8968105,-170.3747655,-176.8527205,-183.3306754,-189.8086304,-196.2865854,-202.7645403,-209.2424953,-215.7204503,-222.1984053,-228.6763602,-235.1543152,-241.6322702,-248.1102251,-254.5881801,-261.0661351,-267.5440901,-274.022045,-280.5,-286.977955,-293.4559099,-299.9338649,-306.4118199,-312.8897749,-319.3677298,-325.8456848,-332.3236398
5900,112.3839587,20.5272045,5.5684803,-5.116322702,-11.5272045,-13.6641651,-26.48592871,-35.03377111,-43.58161351,-52.12945591,-60.67729831,-69.22514071,-77.77298311,-86.32082552,-92.81013133,-99.29943715,-105.788743,-112.2780488,-118.7673546,-125.2566604,-131.7459662,-138.235272,-144.7245779,-151.2138837,-157.7031895,-164.1924953,-170.6818011,-177.1711069,-183.6604128,-190.1497186,-196.6390244,-203.1283302,-209.617636,-216.1069418,-222.5962477,-229.0855535,-235.5748593,-242.0641651,-248.5534709,-255.0427767,-261.5320826,-268.0213884,-274.5106942,-281,-287.4893058,-293.9786116,-300.4679174,-306.9572233,-313.4465291,-319.9358349,-326.4251407,-332.9144465
5910,112.575985,20.55534709,5.570356473,-5.133208255,-11.55534709,-13.69606004,-26.54033771,-35.10318949,-43.66604128,-52.22889306,-60.79174484,-69.35459662,-77.91744841,-86.48030019,-92.98095685,-99.48161351,-105.9822702,-112.4829268,-118.9835835,-125.4842402,-131.9848968,-138.4855535,-144.9862101,-151.4868668,-157.9875235,-164.4881801,-170.9888368,-177.4894934,-183.9901501,-190.4908068,-196.9914634,-203.4921201,-209.9927767,-216.4934334,-222.9940901,-229.4947467,-235.9954034,-242.49606,-248.9967167,-255.4973734,-261.99803,-268.4986867,-274.9993433,-281.5,-288.0006567,-294.5013133,-301.00197,-307.5026266,-314.0032833,-320.50394,-327.0045966,-333.5052533
5920,112.7680113,20.58348968,5.572232645,-5.150093809,-11.58348968,-13.72795497,-26.59474672,-35.17260788,-43.75046904,-52.32833021,-60.90619137,-69.48405253,-78.0619137,-86.63977486,-93.15178236,-99.66378987,-106.1757974,-112.6878049,-119.1998124,-125.7118199,-132.2238274,-138.7358349,-145.2478424,-151.7598499,-158.2718574,-164.7838649,-171.2958724,-177.8078799,-184.3198874,-190.8318949,-197.3439024,-203.8559099,-210.3679174,-216.879925,-223.3919325,-229.90394,-236.4159475,-242.927955,-249.4399625,-255.95197,-262.4639775,-268.975985,-275.4879925,-282,-288.5120075,-295.024015,-301.5360225,-308.04803,-314.5600375,-321.072045,-327.5840525,-334.09606
5930,112.9600375,20.61163227,5.574108818,-5.166979362,-11.61163227,-13.75984991,-26.64915572,-35.24202627,-43.83489681,-52.42776735,-61.0206379,-69.61350844,-78.20637899,-86.79924953,-93.32260788,-99.84596623,-106.3693246,-112.8926829,-119.4160413,-125.9393996,-132.462758,-138.9861163,-145.5094747,-152.032833,-158.5561914,-165.0795497,-171.6029081,-178.1262664,-184.6496248,-191.1729831,-197.6963415,-204.2196998,-210.7430582,-217.2664165,-223.7897749,-230.3131332,-236.8364916,-243.3598499,-249.8832083,-256.4065666,-262.929925,-269.4532833,-275.9766417,-282.5,-289.0233583,-295.5467167,-302.070075,-308.5934334,-315.1167917,-321.6401501,-328.1635084,-334.6868668
5940,113.1520638,20.63977486,5.575984991,-5.183864916,-11.63977486,-13.79174484,-26.70356473,-35.31144465,-43.91932458,-52.5272045,-61.13508443,-69.74296435,-78.35084428,-86.9587242,-93.4934334,-100.0281426,-106.5628518,-113.097561,-119.6322702,-126.1669794,-132.7016886,-139.2363977,-145.7711069,-152.3058161,-158.8405253,-165.3752345,-171.9099437,-178.4446529,-184.9793621,-191.5140713,-198.0487805,-204.5834897,-211.1181989,-217.6529081,-224.1876173,-230.7223265,-237.2570356,-243.7917448,-250.326454,-256.8611632,-263.3958724,-269.9305816,-276.4652908,-283,-289.5347092,-296.0694184,-302.6041276,-309.1388368,-315.673546,-322.2082552,-328.7429644,-335.2776735
5950,113.3440901,20.66791745,5.577861163,-5.200750469,-11.66791745,-13.82363977,-26.75797373,-35.38086304,-44.00375235,-52.62664165,-61.24953096,-69.87242026,-78.49530957,-87.11819887,-93.66425891,-100.2103189,-106.756379,-113.302439,-119.8484991,-126.3945591,-132.9406191,-139.4866792,-146.0327392,-152.5787992,-159.1248593,-165.6709193,-172.2169794,-178.7630394,-185.3090994,-191.8551595,-198.4012195,-204.9472795,-211.4933396,-218.0393996,-224.5854597,-231.1315197,-237.6775797,-244.2236398,-250.7696998,-257.3157598,-263.8618199,-270.4078799,-276.95394,-283.5,-290.04606,-296.5921201,-303.1381801,-309.6842402,-316.2303002,-322.7763602,-329.3224203,-335.8684803
5960,113.5361163,20.69606004,5.579737336,-5.217636023,-11.69606004,-13.85553471,-26.81238274,-35.45028143,-44.08818011,-52.7260788,-61.36397749,-70.00187617,-78.63977486,-87.27767355,-93.83508443,-100.3924953,-106.9499062,-113.5073171,-120.064728,-126.6221388,-133.1795497,-139.7369606,-146.2943715,-152.8517824,-159.4091932,-165.9666041,-172.524015,-179.0814259,-185.6388368,-192.1962477,-198.7536585,-205.3110694,-211.8684803,-218.4258912,-224.9833021,-231.5407129,-238.0981238,-244.6555347,-251.2129456,-257.7703565,-264.3277674,-270.8851782,-277.4425891,-284,-290.5574109,-297.1148218,-303.6722326,-310.2296435,-316.7870544,-323.3444653,-329.9018762,-336.4592871
5970,113.7281426,20.72420263,5.581613508,-5.234521576,-11.72420263,-13.88742964,-26.86679174,-35.51969981,-44.17260788,-52.82551595,-61.47842402,-70.13133208,-78.78424015,-87.43714822,-94.00590994,-100.5746717,-107.1434334,-113.7121951,-120.2809568,-126.8497186,-133.4184803,-139.987242,-146.5560038,-153.1247655,-159.6935272,-166.2622889,-172.8310507,-179.3998124,-185.9685741,-192.5373358,-199.1060976,-205.6748593,-212.243621,-218.8123827,-225.3811445,-231.9499062,-238.5186679,-245.0874296,-251.6561914,-258.2249531,-264.7937148,-271.3624765,-277.9312383,-284.5,-291.0687617,-297.6375235,-304.2062852,-310.7750469,-317.3438086,-323.9125704,-330.4813321,-337.0500938
5980,113.9201689,20.75234522,5.583489681,-5.251407129,-11.75234522,-13.91932458,-26.92120075,-35.5891182,-44.25703565,-52.9249531,-61.59287054,-70.26078799,-78.92870544,-87.59662289,-94.17673546,-100.756848,-107.3369606,-113.9170732,-120.4971857,-127.0772983,-133.6574109,-140.2375235,-146.817636,-153.3977486,-159.9778612,-166.5579737,-173.1380863,-179.7181989,-186.2983114,-192.878424,-199.4585366,-206.0386492,-212.6187617,-219.1988743,-225.7789869,-232.3590994,-238.939212,-245.5193246,-252.0994371,-258.6795497,-265.2596623,-271.8397749,-278.4198874,-285,-291.5801126,-298.1602251,-304.7403377,-311.3204503,-317.9005629,-324.4806754,-331.060788,-337.6409006
5990,114.1121951,20.7804878,5.585365854,-5.268292683,-11.7804878,-13.95121951,-26.97560976,-35.65853659,-44.34146341,-53.02439024,-61.70731707,-70.3902439,-79.07317073,-87.75609756,-94.34756098,-100.9390244,-107.5304878,-114.1219512,-120.7134146,-127.304878,-133.8963415,-140.4878049,-147.0792683,-153.6707317,-160.2621951,-166.8536585,-173.445122,-180.0365854,-186.6280488,-193.2195122,-199.8109756,-206.402439,-212.9939024,-219.5853659,-226.1768293,-232.7682927,-239.3597561,-245.9512195,-252.5426829,-259.1341463,-265.7256098,-272.3170732,-278.9085366,-285.5,-292.0914634,-298.6829268,-305.2743902,-311.8658537,-318.4573171,-325.0487805,-331.6402439,-338.2317073
6000,114.3042214,20.80863039,5.587242026,-5.285178236,-11.80863039,-13.98311445,-27.03001876,-35.72795497,-44.42589118,-53.12382739,-61.8217636,-70.51969981,-79.21763602,-87.91557223,-94.51838649,-101.1212008,-107.724015,-114.3268293,-120.9296435,-127.5324578,-134.135272,-140.7380863,-147.3409006,-153.9437148,-160.5465291,-167.1493433,-173.7521576,-180.3549719,-186.9577861,-193.5606004,-200.1634146,-206.7662289,-213.3690432,-219.9718574,-226.5746717,-233.1774859,-239.7803002,-246.3831144,-252.9859287,-259.588743,-266.1915572,-272.7943715,-279.3971857,-286,-292.6028143,-299.2056285,-305.8084428,-312.411257,-319.0140713,-325.6168856,-332.2196998,-338.8225141
6010,114.4962477,20.83677298,5.589118199,-5.30206379,-11.83677298,-14.01500938,-27.08442777,-35.79737336,-44.51031895,-53.22326454,-61.93621013,-70.64915572,-79.36210131,-88.0750469,-94.68921201,-101.3033771,-107.9175422,-114.5317073,-121.1458724,-127.7600375,-134.3742026,-140.9883677,-147.6025328,-154.2166979,-160.830863,-167.4450281,-174.0591932,-180.6733583,-187.2875235,-193.9016886,-200.5158537,-207.1300188,-213.7441839,-220.358349,-226.9725141,-233.5866792,-240.2008443,-246.8150094,-253.4291745,-260.0433396,-266.6575047,-273.2716698,-279.8858349,-286.5,-293.1141651,-299.7283302,-306.3424953,-312.9566604,-319.5708255,-326.1849906,-332.7991557,-339.4133208
6020,114.6882739,20.86491557,5.590994371,-5.318949343,-11.86491557,-14.04690432,-27.13883677,-35.86679174,-44.59474672,-53.32270169,-62.05065666,-70.77861163,-79.5065666,-88.23452158,-94.86003752,-101.4855535,-108.1110694,-114.7365854,-121.3621013,-127.9876173,-134.6131332,-141.2386492,-147.8641651,-154.4896811,-161.115197,-167.7407129,-174.3662289,-180.9917448,-187.6172608,-194.2427767,-200.8682927,-207.4938086,-214.1193246,-220.7448405,-227.3703565,-233.9958724,-240.6213884,-247.2469043,-253.8724203,-260.4979362,-267.1234522,-273.7489681,-280.3744841,-287,-293.6255159,-300.2510319,-306.8765478,-313.5020638,-320.1275797,-326.7530957,-333.3786116,-340.0041276
6030,114.8803002,20.89305816,5.592870544,-5.335834897,-11.89305816,-14.07879925,-27.19324578,-35.93621013,-44.67917448,-53.42213884,-62.16510319,-70.90806754,-79.65103189,-88.39399625,-95.03086304,-101.6677298,-108.3045966,-114.9414634,-121.5783302,-128.215197,-134.8520638,-141.4889306,-148.1257974,-154.7626642,-161.399531,-168.0363977,-174.6732645,-181.3101313,-187.9469981,-194.5838649,-201.2207317,-207.8575985,-214.4944653,-221.1313321,-227.7681989,-234.4050657,-241.0419325,-247.6787992,-254.315666,-260.9525328,-267.5893996,-274.2262664,-280.8631332,-287.5,-294.1368668,-300.7737336,-307.4106004,-314.0474672,-320.684334,-327.3212008,-333.9580675,-340.5949343
6040,115.0723265,20.92120075,5.594746717,-5.35272045,-11.92120075,-14.11069418,-27.24765478,-36.00562852,-44.76360225,-53.52157598,-62.27954972,-71.03752345,-79.79549719,-88.55347092,-95.20168856,-101.8499062,-108.4981238,-115.1463415,-121.7945591,-128.4427767,-135.0909944,-141.739212,-148.3874296,-155.0356473,-161.6838649,-168.3320826,-174.9803002,-181.6285178,-188.2767355,-194.9249531,-201.5731707,-208.2213884,-214.869606,-221.5178236,-228.1660413,-234.8142589,-241.4624765,-248.1106942,-254.7589118,-261.4071295,-268.0553471,-274.7035647,-281.3517824,-288,-294.6482176,-301.2964353,-307.9446529,-314.5928705,-321.2410882,-327.8893058,-334.5375235,-341.1857411
6050,115.2643527,20.94934334,5.596622889,-5.369606004,-11.94934334,-14.14258912,-27.30206379,-36.0750469,-44.84803002,-53.62101313,-62.39399625,-71.16697936,-79.93996248,-88.71294559,-95.37251407,-102.0320826,-108.691651,-115.3512195,-122.010788,-128.6703565,-135.329925,-141.9894934,-148.6490619,-155.3086304,-161.9681989,-168.6277674,-175.2873358,-181.9469043,-188.6064728,-195.2660413,-201.9256098,-208.5851782,-215.2447467,-221.9043152,-228.5638837,-235.2234522,-241.8830206,-248.5425891,-255.2021576,-261.8617261,-268.5212946,-275.180863,-281.8404315,-288.5,-295.1595685,-301.819137,-308.4787054,-315.1382739,-321.7978424,-328.4574109,-335.1169794,-341.7765478
6060,115.456379,20.97748593,5.598499062,-5.386491557,-11.97748593,-14.17448405,-27.3564728,-36.14446529,-44.93245779,-53.72045028,-62.50844278,-71.29643527,-80.08442777,-88.87242026,-95.54333959,-102.2142589,-108.8851782,-115.5560976,-122.2270169,-128.8979362,-135.5688555,-142.2397749,-148.9106942,-155.5816135,-162.2525328,-168.9234522,-175.5943715,-182.2652908,-188.9362101,-195.6071295,-202.2780488,-208.9489681,-215.6198874,-222.2908068,-228.9617261,-235.6326454,-242.3035647,-248.9744841,-255.6454034,-262.3163227,-268.987242,-275.6581614,-282.3290807,-289,-295.6709193,-302.3418386,-309.012758,-315.6836773,-322.3545966,-329.0255159,-335.6964353,-342.3673546
6070,115.6484053,21.00562852,5.600375235,-5.403377111,-12.00562852,-14.20637899,-27.4108818,-36.21388368,-45.01688555,-53.81988743,-62.62288931,-71.42589118,-80.22889306,-89.03189493,-95.7141651,-102.3964353,-109.0787054,-115.7609756,-122.4432458,-129.1255159,-135.8077861,-142.4900563,-149.1723265,-155.8545966,-162.5368668,-169.219137,-175.9014071,-182.5836773,-189.2659475,-195.9482176,-202.6304878,-209.312758,-215.9950281,-222.6772983,-229.3595685,-236.0418386,-242.7241088,-249.406379,-256.0886492,-262.7709193,-269.4531895,-276.1354597,-282.8177298,-289.5,-296.1822702,-302.8645403,-309.5468105,-316.2290807,-322.9113508,-329.593621,-336.2758912,-342.9581614
6080,115.8404315,21.03377111,5.602251407,-5.420262664,-12.03377111,-14.23827392,-27.46529081,-36.28330206,-45.10131332,-53.91932458,-62.73733583,-71.55534709,-80.37335835,-89.19136961,-95.88499062,-102.5786116,-109.2722326,-115.9658537,-122.6594747,-129.3530957,-136.0467167,-142.7403377,-149.4339587,-156.1275797,-162.8212008,-169.5148218,-176.2084428,-182.9020638,-189.5956848,-196.2893058,-202.9829268,-209.6765478,-216.3701689,-223.0637899,-229.7574109,-236.4510319,-243.1446529,-249.8382739,-256.5318949,-263.2255159,-269.919137,-276.612758,-283.306379,-290,-296.693621,-303.387242,-310.080863,-316.7744841,-323.4681051,-330.1617261,-336.8553471,-343.5489681
6090,116.0324578,21.0619137,5.60412758,-5.437148218,-12.0619137,-14.27016886,-27.51969981,-36.35272045,-45.18574109,-54.01876173,-62.85178236,-71.684803,-80.51782364,-89.35084428,-96.05581614,-102.760788,-109.4657598,-116.1707317,-122.8757036,-129.5806754,-136.2856473,-142.9906191,-149.695591,-156.4005629,-163.1055347,-169.8105066,-176.5154784,-183.2204503,-189.9254221,-196.630394,-203.3353659,-210.0403377,-216.7453096,-223.4502814,-230.1552533,-236.8602251,-243.565197,-250.2701689,-256.9751407,-263.6801126,-270.3850844,-277.0900563,-283.7950281,-290.5,-297.2049719,-303.9099437,-310.6149156,-317.3198874,-324.0248593,-330.7298311,-337.434803,-344.1397749
6100,116.2244841,21.09005629,5.606003752,-5.454033771,-12.09005629,-14.30206379,-27.57410882,-36.42213884,-45.27016886,-54.11819887,-62.96622889,-71.81425891,-80.66228893,-89.51031895,-96.22664165,-102.9429644,-109.6592871,-116.3756098,-123.0919325,-129.8082552,-136.5245779,-143.2409006,-149.9572233,-156.673546,-163.3898687,-170.1061914,-176.8225141,-183.5388368,-190.2551595,-196.9714822,-203.6878049,-210.4041276,-217.1204503,-223.836773,-230.5530957,-237.2694184,-243.9857411,-250.7020638,-257.4183865,-264.1347092,-270.8510319,-277.5673546,-284.2836773,-291,-297.7163227,-304.4326454,-311.1489681,-317.8652908,-324.5816135,-331.2979362,-338.0142589,-344.7305816
6110,116.4165103,21.11819887,5.607879925,-5.470919325,-12.11819887,-14.33395872,-27.62851782,-36.49155722,-45.35459662,-54.21763602,-63.08067542,-71.94371482,-80.80675422,-89.66979362,-96.39746717,-103.1251407,-109.8528143,-116.5804878,-123.3081614,-130.0358349,-136.7635084,-143.491182,-150.2188555,-156.9465291,-163.6742026,-170.4018762,-177.1295497,-183.8572233,-190.5848968,-197.3125704,-204.0402439,-210.7679174,-217.495591,-224.2232645,-230.9509381,-237.6786116,-244.4062852,-251.1339587,-257.8616323,-264.5893058,-271.3169794,-278.0446529,-284.7723265,-291.5,-298.2276735,-304.9553471,-311.6830206,-318.4106942,-325.1383677,-331.8660413,-338.5937148,-345.3213884
6120,116.6085366,21.14634146,5.609756098,-5.487804878,-12.14634146,-14.36585366,-27.68292683,-36.56097561,-45.43902439,-54.31707317,-63.19512195,-72.07317073,-80.95121951,-89.82926829,-96.56829268,-103.3073171,-110.0463415,-116.7853659,-123.5243902,-130.2634146,-137.002439,-143.7414634,-150.4804878,-157.2195122,-163.9585366,-170.697561,-177.4365854,-184.1756098,-190.9146341,-197.6536585,-204.3926829,-211.1317073,-217.8707317,-224.6097561,-231.3487805,-238.0878049,-244.8268293,-251.5658537,-258.304878,-265.0439024,-271.7829268,-278.5219512,-285.2609756,-292,-298.7390244,-305.4780488,-312.2170732,-318.9560976,-325.695122,-332.4341463,-339.1731707,-345.9121951
6130,116.8005629,21.17448405,5.61163227,-5.504690432,-12.17448405,-14.39774859,-27.73733583,-36.630394,-45.52345216,-54.41651032,-63.30956848,-72.20262664,-81.0956848,-89.98874296,-96.7391182,-103.4894934,-110.2398687,-116.9902439,-123.7406191,-130.4909944,-137.2413696,-143.9917448,-150.7421201,-157.4924953,-164.2428705,-170.9932458,-177.743621,-184.4939962,-191.2443715,-197.9947467,-204.745122,-211.4954972,-218.2458724,-224.9962477,-231.7466229,-238.4969981,-245.2473734,-251.9977486,-258.7481238,-265.4984991,-272.2488743,-278.9992495,-285.7496248,-292.5,-299.2503752,-306.0007505,-312.7511257,-319.5015009,-326.2518762,-333.0022514,-339.7526266,-346.5030019
6140,116.9925891,21.20262664,5.613508443,-5.521575985,-12.20262664,-14.42964353,-27.79174484,-36.69981238,-45.60787992,-54.51594747,-63.42401501,-72.33208255,-81.24015009,-90.14821764,-96.90994371,-103.6716698,-110.4333959,-117.195122,-123.956848,-130.7185741,-137.4803002,-144.2420263,-151.0037523,-157.7654784,-164.5272045,-171.2889306,-178.0506567,-184.8123827,-191.5741088,-198.3358349,-205.097561,-211.8592871,-218.6210131,-225.3827392,-232.1444653,-238.9061914,-245.6679174,-252.4296435,-259.1913696,-265.9530957,-272.7148218,-279.4765478,-286.2382739,-293,-299.7617261,-306.5234522,-313.2851782,-320.0469043,-326.8086304,-333.5703565,-340.3320826,-347.0938086
6150,117.1846154,21.23076923,5.615384615,-5.538461538,-12.23076923,-14.46153846,-27.84615385,-36.76923077,-45.69230769,-54.61538462,-63.53846154,-72.46153846,-81.38461538,-90.30769231,-97.08076923,-103.8538462,-110.6269231,-117.4,-124.1730769,-130.9461538,-137.7192308,-144.4923077,-151.2653846,-158.0384615,-164.8115385,-171.5846154,-178.3576923,-185.1307692,-191.9038462,-198.6769231,-205.45,-212.2230769,-218.9961538,-225.7692308,-232.5423077,-239.3153846,-246.0884615,-252.8615385,-259.6346154,-266.4076923,-273.1807692,-279.9538462,-286.7269231,-293.5,-300.2730769,-307.0461538,-313.8192308,-320.5923077,-327.3653846,-334.1384615,-340.9115385,-347.6846154
6160,117.3766417,21.25891182,5.617260788,-5.555347092,-12.25891182,-14.4934334,-27.90056285,-36.83864916,-45.77673546,-54.71482176,-63.65290807,-72.59099437,-81.52908068,-90.46716698,-97.25159475,-104.0360225,-110.8204503,-117.604878,-124.3893058,-131.1737336,-137.9581614,-144.7425891,-151.5270169,-158.3114447,-165.0958724,-171.8803002,-178.664728,-185.4491557,-192.2335835,-199.0180113,-205.802439,-212.5868668,-219.3712946,-226.1557223,-232.9401501,-239.7245779,-246.5090056,-253.2934334,-260.0778612,-266.8622889,-273.6467167,-280.4311445,-287.2155722,-294,-300.7844278,-307.5688555,-314.3532833,-321.1377111,-327.9221388,-334.7065666,-341.4909944,-348.2754221
6170,117.5686679,21.28705441,5.619136961,-5.572232645,-12.28705441,-14.52532833,-27.95497186,-36.90806754,-45.86116323,-54.81425891,-63.7673546,-72.72045028,-81.67354597,-90.62664165,-97.42242026,-104.2181989,-111.0139775,-117.8097561,-124.6055347,-131.4013133,-138.1970919,-144.9928705,-151.7886492,-158.5844278,-165.3802064,-172.175985,-178.9717636,-185.7675422,-192.5633208,-199.3590994,-206.154878,-212.9506567,-219.7464353,-226.5422139,-233.3379925,-240.1337711,-246.9295497,-253.7253283,-260.5211069,-267.3168856,-274.1126642,-280.9084428,-287.7042214,-294.5,-301.2957786,-308.0915572,-314.8873358,-321.6831144,-328.4788931,-335.2746717,-342.0704503,-348.8662289
6180,117.7606942,21.315197,5.621013133,-5.589118199,-12.315197,-14.55722326,-28.00938086,-36.97748593,-45.94559099,-54.91369606,-63.88180113,-72.84990619,-81.81801126,-90.78611632,-97.59324578,-104.4003752,-111.2075047,-118.0146341,-124.8217636,-131.6288931,-138.4360225,-145.243152,-152.0502814,-158.8574109,-165.6645403,-172.4716698,-179.2787992,-186.0859287,-192.8930582,-199.7001876,-206.5073171,-213.3144465,-220.121576,-226.9287054,-233.7358349,-240.5429644,-247.3500938,-254.1572233,-260.9643527,-267.7714822,-274.5786116,-281.3857411,-288.1928705,-295,-301.8071295,-308.6142589,-315.4213884,-322.2285178,-329.0356473,-335.8427767,-342.6499062,-349.4570356
6190,117.9527205,21.34333959,5.622889306,-5.606003752,-12.34333959,-14.5891182,-28.06378987,-37.04690432,-46.03001876,-55.01313321,-63.99624765,-72.9793621,-81.96247655,-90.94559099,-97.76407129,-104.5825516,-111.4010319,-118.2195122,-125.0379925,-131.8564728,-138.6749531,-145.4934334,-152.3119137,-159.130394,-165.9488743,-172.7673546,-179.5858349,-186.4043152,-193.2227955,-200.0412758,-206.8597561,-213.6782364,-220.4967167,-227.315197,-234.1336773,-240.9521576,-247.7706379,-254.5891182,-261.4075985,-268.2260788,-275.0445591,-281.8630394,-288.6815197,-295.5,-302.3184803,-309.1369606,-315.9554409,-322.7739212,-329.5924015,-336.4108818,-343.2293621,-350.0478424
6200,118.1447467,21.37148218,5.624765478,-5.622889306,-12.37148218,-14.62101313,-28.11819887,-37.1163227,-46.11444653,-55.11257036,-64.11069418,-73.10881801,-82.10694184,-91.10506567,-97.93489681,-104.764728,-111.5945591,-118.4243902,-125.2542214,-132.0840525,-138.9138837,-145.7437148,-152.573546,-159.4033771,-166.2332083,-173.0630394,-179.8928705,-186.7227017,-193.5525328,-200.382364,-207.2121951,-214.0420263,-220.8718574,-227.7016886,-234.5315197,-241.3613508,-248.191182,-255.0210131,-261.8508443,-268.6806754,-275.5105066,-282.3403377,-289.1701689,-296,-302.8298311,-309.6596623,-316.4894934,-323.3193246,-330.1491557,-336.9789869,-343.808818,-350.6386492
6210,118.336773,21.39962477,5.626641651,-5.639774859,-12.39962477,-14.65290807,-28.17260788,-37.18574109,-46.1988743,-55.2120075,-64.22514071,-73.23827392,-82.25140713,-91.26454034,-98.10572233,-104.9469043,-111.7880863,-118.6292683,-125.4704503,-132.3116323,-139.1528143,-145.9939962,-152.8351782,-159.6763602,-166.5175422,-173.3587242,-180.1999062,-187.0410882,-193.8822702,-200.7234522,-207.5646341,-214.4058161,-221.2469981,-228.0881801,-234.9293621,-241.7705441,-248.6117261,-255.4529081,-262.2940901,-269.135272,-275.976454,-282.817636,-289.658818,-296.5,-303.341182,-310.182364,-317.023546,-323.864728,-330.7059099,-337.5470919,-344.3882739,-351.2294559
6220,118.5287992,21.42776735,5.628517824,-5.656660413,-12.42776735,-14.684803,-28.22701689,-37.25515947,-46.28330206,-55.31144465,-64.33958724,-73.36772983,-82.39587242,-91.42401501,-98.27654784,-105.1290807,-111.9816135,-118.8341463,-125.6866792,-132.539212,-139.3917448,-146.2442777,-153.0968105,-159.9493433,-166.8018762,-173.654409,-180.5069418,-187.3594747,-194.2120075,-201.0645403,-207.9170732,-214.769606,-221.6221388,-228.4746717,-235.3272045,-242.1797373,-249.0322702,-255.884803,-262.7373358,-269.5898687,-276.4424015,-283.2949343,-290.1474672,-297,-303.8525328,-310.7050657,-317.5575985,-324.4101313,-331.2626642,-338.115197,-344.9677298,-351.8202627
6230,118.7208255,21.45590994,5.630393996,-5.673545966,-12.45590994,-14.71669794,-28.28142589,-37.32457786,-46.36772983,-55.4108818,-64.45403377,-73.49718574,-82.54033771,-91.58348968,-98.44737336,-105.311257,-112.1751407,-119.0390244,-125.9029081,-132.7667917,-139.6306754,-146.4945591,-153.3584428,-160.2223265,-167.0862101,-173.9500938,-180.8139775,-187.6778612,-194.5417448,-201.4056285,-208.2695122,-215.1333959,-221.9972795,-228.8611632,-235.7250469,-242.5889306,-249.4528143,-256.3166979,-263.1805816,-270.0444653,-276.908349,-283.7722326,-290.6361163,-297.5,-304.3638837,-311.2277674,-318.091651,-324.9555347,-331.8194184,-338.6833021,-345.5471857,-352.4110694
6240,118.9128518,21.48405253,5.632270169,-5.69043152,-12.48405253,-14.74859287,-28.3358349,-37.39399625,-46.4521576,-55.51031895,-64.5684803,-73.62664165,-82.684803,-91.74296435,-98.61819887,-105.4934334,-112.3686679,-119.2439024,-126.119137,-132.9943715,-139.869606,-146.7448405,-153.620075,-160.4953096,-167.3705441,-174.2457786,-181.1210131,-187.9962477,-194.8714822,-201.7467167,-208.6219512,-215.4971857,-222.3724203,-229.2476548,-236.1228893,-242.9981238,-249.8733583,-256.7485929,-263.6238274,-270.4990619,-277.3742964,-284.249531,-291.1247655,-298,-304.8752345,-311.750469,-318.6257036,-325.5009381,-332.3761726,-339.2514071,-346.1266417,-353.0018762
6250,119.104878,21.51219512,5.634146341,-5.707317073,-12.51219512,-14.7804878,-28.3902439,-37.46341463,-46.53658537,-55.6097561,-64.68292683,-73.75609756,-82.82926829,-91.90243902,-98.78902439,-105.6756098,-112.5621951,-119.4487805,-126.3353659,-133.2219512,-140.1085366,-146.995122,-153.8817073,-160.7682927,-167.654878,-174.5414634,-181.4280488,-188.3146341,-195.2012195,-202.0878049,-208.9743902,-215.8609756,-222.747561,-229.6341463,-236.5207317,-243.4073171,-250.2939024,-257.1804878,-264.0670732,-270.9536585,-277.8402439,-284.7268293,-291.6134146,-298.5,-305.3865854,-312.2731707,-319.1597561,-326.0463415,-332.9329268,-339.8195122,-346.7060976,-353.5926829
6260,119.2969043,21.54033771,5.636022514,-5.724202627,-12.54033771,-14.81238274,-28.44465291,-37.53283302,-46.62101313,-55.70919325,-64.79737336,-73.88555347,-82.97373358,-92.0619137,-98.95984991,-105.8577861,-112.7557223,-119.6536585,-126.5515947,-133.449531,-140.3474672,-147.2454034,-154.1433396,-161.0412758,-167.939212,-174.8371482,-181.7350844,-188.6330206,-195.5309568,-202.4288931,-209.3268293,-216.2247655,-223.1227017,-230.0206379,-236.9185741,-243.8165103,-250.7144465,-257.6123827,-264.5103189,-271.4082552,-278.3061914,-285.2041276,-292.1020638,-299,-305.8979362,-312.7958724,-319.6938086,-326.5917448,-333.4896811,-340.3876173,-347.2855535,-354.1834897
6270,119.4889306,21.5684803,5.637898687,-5.74108818,-12.5684803,-14.84427767,-28.49906191,-37.60225141,-46.7054409,-55.80863039,-64.91181989,-74.01500938,-83.11819887,-92.22138837,-99.13067542,-106.0399625,-112.9492495,-119.8585366,-126.7678236,-133.6771107,-140.5863977,-147.4956848,-154.4049719,-161.3142589,-168.223546,-175.132833,-182.0421201,-188.9514071,-195.8606942,-202.7699812,-209.6792683,-216.5885553,-223.4978424,-230.4071295,-237.3164165,-244.2257036,-251.1349906,-258.0442777,-264.9535647,-271.8628518,-278.7721388,-285.6814259,-292.5907129,-299.5,-306.4092871,-313.3185741,-320.2278612,-327.1371482,-334.0464353,-340.9557223,-347.8650094,-354.7742964
6280,119.6809568,21.59662289,5.639774859,-5.757973734,-12.59662289,-14.87617261,-28.55347092,-37.67166979,-46.78986867,-55.90806754,-65.02626642,-74.14446529,-83.26266417,-92.38086304,-99.30150094,-106.2221388,-113.1427767,-120.0634146,-126.9840525,-133.9046904,-140.8253283,-147.7459662,-154.6666041,-161.587242,-168.5078799,-175.4285178,-182.3491557,-189.2697936,-196.1904315,-203.1110694,-210.0317073,-216.9523452,-223.8729831,-230.793621,-237.7142589,-244.6348968,-251.5555347,-258.4761726,-265.3968105,-272.3174484,-279.2380863,-286.1587242,-293.0793621,-300,-306.9206379,-313.8412758,-320.7619137,-327.6825516,-334.6031895,-341.5238274,-348.4444653,-355.3651032
6290,119.8729831,21.62476548,5.641651032,-5.774859287,-12.62476548,-14.90806754,-28.60787992,-37.74108818,-46.87429644,-56.00750469,-65.14071295,-74.2739212,-83.40712946,-92.54033771,-99.47232645,-106.4043152,-113.3363039,-120.2682927,-127.2002814,-134.1322702,-141.0642589,-147.9962477,-154.9282364,-161.8602251,-168.7922139,-175.7242026,-182.6561914,-189.5881801,-196.5201689,-203.4521576,-210.3841463,-217.3161351,-224.2481238,-231.1801126,-238.1121013,-245.0440901,-251.9760788,-258.9080675,-265.8400563,-272.772045,-279.7040338,-286.6360225,-293.5680113,-300.5,-307.4319887,-314.3639775,-321.2959662,-328.227955,-335.1599437,-342.0919325,-349.0239212,-355.9559099
6300,120.0650094,21.65290807,5.643527205,-5.791744841,-12.65290807,-14.93996248,-28.66228893,-37.81050657,-46.9587242,-56.10694184,-65.25515947,-74.40337711,-83.55159475,-92.69981238,-99.64315197,-106.5864916,-113.5298311,-120.4731707,-127.4165103,-134.3598499,-141.3031895,-148.2465291,-155.1898687,-162.1332083,-169.0765478,-176.0198874,-182.963227,-189.9065666,-196.8499062,-203.7932458,-210.7365854,-217.679925,-224.6232645,-231.5666041,-238.5099437,-245.4532833,-252.3966229,-259.3399625,-266.2833021,-273.2266417,-280.1699812,-287.1133208,-294.0566604,-301,-307.9433396,-314.8866792,-321.8300188,-328.7733583,-335.7166979,-342.6600375,-349.6033771,-356.5467167
6310,120.2570356,21.68105066,5.645403377,-5.808630394,-12.68105066,-14.97185741,-28.71669794,-37.87992495,-47.04315197,-56.20637899,-65.369606,-74.53283302,-83.69606004,-92.85928705,-99.81397749,-106.7686679,-113.7233583,-120.6780488,-127.6327392,-134.5874296,-141.5421201,-148.4968105,-155.4515009,-162.4061914,-169.3608818,-176.3155722,-183.2702627,-190.2249531,-197.1796435,-204.134334,-211.0890244,-218.0437148,-224.9984053,-231.9530957,-238.9077861,-245.8624765,-252.817167,-259.7718574,-266.7265478,-273.6812383,-280.6359287,-287.5906191,-294.5453096,-301.5,-308.4546904,-315.4093809,-322.3640713,-329.3187617,-336.2734522,-343.2281426,-350.182833,-357.1375235
6320,120.4490619,21.70919325,5.64727955,-5.825515947,-12.70919325,-15.00375235,-28.77110694,-37.94934334,-47.12757974,-56.30581614,-65.48405253,-74.66228893,-83.84052533,-93.01876173,-99.984803,-106.9508443,-113.9168856,-120.8829268,-127.8489681,-134.8150094,-141.7810507,-148.7470919,-155.7131332,-162.6791745,-169.6452158,-176.611257,-183.5772983,-190.5433396,-197.5093809,-204.4754221,-211.4414634,-218.4075047,-225.373546,-232.3395872,-239.3056285,-246.2716698,-253.2377111,-260.2037523,-267.1697936,-274.1358349,-281.1018762,-288.0679174,-295.0339587,-302,-308.9660413,-315.9320826,-322.8981238,-329.8641651,-336.8302064,-343.7962477,-350.7622889,-357.7283302
6330,120.6410882,21.73733583,5.649155722,-5.842401501,-12.73733583,-15.03564728,-28.82551595,-38.01876173,-47.2120075,-56.40525328,-65.59849906,-74.79174484,-83.98499062,-93.1782364,-100.1556285,-107.1330206,-114.1104128,-121.0878049,-128.065197,-135.0425891,-142.0199812,-148.9973734,-155.9747655,-162.9521576,-169.9295497,-176.9069418,-183.884334,-190.8617261,-197.8391182,-204.8165103,-211.7939024,-218.7712946,-225.7486867,-232.7260788,-239.7034709,-246.680863,-253.6582552,-260.6356473,-267.6130394,-274.5904315,-281.5678236,-288.5452158,-295.5226079,-302.5,-309.4773921,-316.4547842,-323.4321764,-330.4095685,-337.3869606,-344.3643527,-351.3417448,-358.319137
6340,120.8331144,21.76547842,5.651031895,-5.859287054,-12.76547842,-15.06754221,-28.87992495,-38.08818011,-47.29643527,-56.50469043,-65.71294559,-74.92120075,-84.12945591,-93.33771107,-100.326454,-107.315197,-114.30394,-121.2926829,-128.2814259,-135.2701689,-142.2589118,-149.2476548,-156.2363977,-163.2251407,-170.2138837,-177.2026266,-184.1913696,-191.1801126,-198.1688555,-205.1575985,-212.1463415,-219.1350844,-226.1238274,-233.1125704,-240.1013133,-247.0900563,-254.0787992,-261.0675422,-268.0562852,-275.0450281,-282.0337711,-289.0225141,-296.011257,-303,-309.988743,-316.9774859,-323.9662289,-330.9549719,-337.9437148,-344.9324578,-351.9212008,-358.9099437
6350,121.0251407,21.79362101,5.652908068,-5.876172608,-12.79362101,-15.09943715,-28.93433396,-38.1575985,-47.38086304,-56.60412758,-65.82739212,-75.05065666,-84.2739212,-93.49718574,-100.4972795,-107.4973734,-114.4974672,-121.497561,-128.4976548,-135.4977486,-142.4978424,-149.4979362,-156.49803,-163.4981238,-170.4982176,-177.4983114,-184.4984053,-191.4984991,-198.4985929,-205.4986867,-212.4987805,-219.4988743,-226.4989681,-233.4990619,-240.4991557,-247.4992495,-254.4993433,-261.4994371,-268.499531,-275.4996248,-282.4997186,-289.4998124,-296.4999062,-303.5,-310.5000938,-317.5001876,-324.5002814,-331.5003752,-338.500469,-345.5005629,-352.5006567,-359.5007505
6360,121.217167,21.8217636,5.65478424,-5.893058161,-12.8217636,-15.13133208,-28.98874296,-38.22701689,-47.46529081,-56.70356473,-65.94183865,-75.18011257,-84.41838649,-93.65666041,-100.6681051,-107.6795497,-114.6909944,-121.702439,-128.7138837,-135.7253283,-142.736773,-149.7482176,-156.7596623,-163.7711069,-170.7825516,-177.7939962,-184.8054409,-191.8168856,-198.8283302,-205.8397749,-212.8512195,-219.8626642,-226.8741088,-233.8855535,-240.8969981,-247.9084428,-254.9198874,-261.9313321,-268.9427767,-275.9542214,-282.965666,-289.9771107,-296.9885553,-304,-311.0114447,-318.0228893,-325.034334,-332.0457786,-339.0572233,-346.0686679,-353.0801126,-360.0915572
6370,121.4091932,21.84990619,5.656660413,-5.909943715,-12.84990619,-15.16322702,-29.04315197,-38.29643527,-47.54971857,-56.80300188,-66.05628518,-75.30956848,-84.56285178,-93.81613508,-100.8389306,-107.8617261,-114.8845216,-121.9073171,-128.9301126,-135.9529081,-142.9757036,-149.9984991,-157.0212946,-164.0440901,-171.0668856,-178.0896811,-185.1124765,-192.135272,-199.1580675,-206.180863,-213.2036585,-220.226454,-227.2492495,-234.272045,-241.2948405,-248.317636,-255.3404315,-262.363227,-269.3860225,-276.408818,-283.4316135,-290.454409,-297.4772045,-304.5,-311.5227955,-318.545591,-325.5683865,-332.591182,-339.6139775,-346.636773,-353.6595685,-360.682364
6380,121.6012195,21.87804878,5.658536585,-5.926829268,-12.87804878,-15.19512195,-29.09756098,-38.36585366,-47.63414634,-56.90243902,-66.17073171,-75.43902439,-84.70731707,-93.97560976,-101.0097561,-108.0439024,-115.0780488,-122.1121951,-129.1463415,-136.1804878,-143.2146341,-150.2487805,-157.2829268,-164.3170732,-171.3512195,-178.3853659,-185.4195122,-192.4536585,-199.4878049,-206.5219512,-213.5560976,-220.5902439,-227.6243902,-234.6585366,-241.6926829,-248.7268293,-255.7609756,-262.795122,-269.8292683,-276.8634146,-283.897561,-290.9317073,-297.9658537,-305,-312.0341463,-319.0682927,-326.102439,-333.1365854,-340.1707317,-347.204878,-354.2390244,-361.2731707
6390,121.7932458,21.90619137,5.660412758,-5.943714822,-12.90619137,-15.22701689,-29.15196998,-38.43527205,-47.71857411,-57.00187617,-66.28517824,-75.5684803,-84.85178236,-94.13508443,-101.1805816,-108.2260788,-115.271576,-122.3170732,-129.3625704,-136.4080675,-143.4535647,-150.4990619,-157.5445591,-164.5900563,-171.6355535,-178.6810507,-185.7265478,-192.772045,-199.8175422,-206.8630394,-213.9085366,-220.9540338,-227.999531,-235.0450281,-242.0905253,-249.1360225,-256.1815197,-263.2270169,-270.2725141,-277.3180113,-284.3635084,-291.4090056,-298.4545028,-305.5,-312.5454972,-319.5909944,-326.6364916,-333.6819887,-340.7274859,-347.7729831,-354.8184803,-361.8639775
6400,121.985272,21.93433396,5.662288931,-5.960600375,-12.93433396,-15.25891182,-29.20637899,-38.50469043,-47.80300188,-57.10131332,-66.39962477,-75.69793621,-84.99624765,-94.2945591,-101.3514071,-108.4082552,-115.4651032,-122.5219512,-129.5787992,-136.6356473,-143.6924953,-150.7493433,-157.8061914,-164.8630394,-171.9198874,-178.9767355,-186.0335835,-193.0904315,-200.1472795,-207.2041276,-214.2609756,-221.3178236,-228.3746717,-235.4315197,-242.4883677,-249.5452158,-256.6020638,-263.6589118,-270.7157598,-277.7726079,-284.8294559,-291.8863039,-298.943152,-306,-313.056848,-320.1136961,-327.1705441,-334.2273921,-341.2842402,-348.3410882,-355.3979362,-362.4547842
6410,122.1772983,21.96247655,5.664165103,-5.977485929,-12.96247655,-15.29080675,-29.26078799,-38.57410882,-47.88742964,-57.20075047,-66.51407129,-75.82739212,-85.14071295,-94.45403377,-101.5222326,-108.5904315,-115.6586304,-122.7268293,-129.7950281,-136.863227,-143.9314259,-150.9996248,-158.0678236,-165.1360225,-172.2042214,-179.2724203,-186.3406191,-193.408818,-200.4770169,-207.5452158,-214.6134146,-221.6816135,-228.7498124,-235.8180113,-242.8862101,-249.954409,-257.0226079,-264.0908068,-271.1590056,-278.2272045,-285.2954034,-292.3636023,-299.4318011,-306.5,-313.5681989,-320.6363977,-327.7045966,-334.7727955,-341.8409944,-348.9091932,-355.9773921,-363.045591
6420,122.3693246,21.99061914,5.666041276,-5.994371482,-12.99061914,-15.32270169,-29.315197,-38.6435272,-47.97185741,-57.30018762,-66.62851782,-75.95684803,-85.28517824,-94.61350844,-101.6930582,-108.7726079,-115.8521576,-122.9317073,-130.011257,-137.0908068,-144.1703565,-151.2499062,-158.3294559,-165.4090056,-172.4885553,-179.5681051,-186.6476548,-193.7272045,-200.8067542,-207.8863039,-214.9658537,-222.0454034,-229.1249531,-236.2045028,-243.2840525,-250.3636023,-257.443152,-264.5227017,-271.6022514,-278.6818011,-285.7613508,-292.8409006,-299.9204503,-307,-314.0795497,-321.1590994,-328.2386492,-335.3181989,-342.3977486,-349.4772983,-356.556848,-363.6363977
6430,122.5613508,22.01876173,5.667917448,-6.011257036,-13.01876173,-15.35459662,-29.369606,-38.71294559,-48.05628518,-57.39962477,-66.74296435,-76.08630394,-85.42964353,-94.77298311,-101.8638837,-108.9547842,-116.0456848,-123.1365854,-130.2274859,-137.3183865,-144.4092871,-151.5001876,-158.5910882,-165.6819887,-172.7728893,-179.8637899,-186.9546904,-194.045591,-201.1364916,-208.2273921,-215.3182927,-222.4091932,-229.5000938,-236.5909944,-243.6818949,-250.7727955,-257.8636961,-264.9545966,-272.0454972,-279.1363977,-286.2272983,-293.3181989,-300.4090994,-307.5,-314.5909006,-321.6818011,-328.7727017,-335.8636023,-342.9545028,-350.0454034,-357.1363039,-364.2272045
6440,122.7533771,22.04690432,5.669793621,-6.028142589,-13.04690432,-15.38649156,-29.42401501,-38.78236398,-48.14071295,-57.49906191,-66.85741088,-76.21575985,-85.57410882,-94.93245779,-102.0347092,-109.1369606,-116.239212,-123.3414634,-130.4437148,-137.5459662,-144.6482176,-151.750469,-158.8527205,-165.9549719,-173.0572233,-180.1594747,-187.2617261,-194.3639775,-201.4662289,-208.5684803,-215.6707317,-222.7729831,-229.8752345,-236.9774859,-244.0797373,-251.1819887,-258.2842402,-265.3864916,-272.488743,-279.5909944,-286.6932458,-293.7954972,-300.8977486,-308,-315.1022514,-322.2045028,-329.3067542,-336.4090056,-343.511257,-350.6135084,-357.7157598,-364.8180113
6450,122.9454034,22.0750469,5.671669794,-6.045028143,-13.0750469,-15.41838649,-29.47842402,-38.85178236,-48.22514071,-57.59849906,-66.97185741,-76.34521576,-85.71857411,-95.09193246,-102.2055347,-109.319137,-116.4327392,-123.5463415,-130.6599437,-137.773546,-144.8871482,-152.0007505,-159.1143527,-166.227955,-173.3415572,-180.4551595,-187.5687617,-194.682364,-201.7959662,-208.9095685,-216.0231707,-223.136773,-230.2503752,-237.3639775,-244.4775797,-251.591182,-258.7047842,-265.8183865,-272.9319887,-280.045591,-287.1591932,-294.2727955,-301.3863977,-308.5,-315.6136023,-322.7272045,-329.8408068,-336.954409,-344.0680113,-351.1816135,-358.2952158,-365.408818
6460,123.1374296,22.10318949,5.673545966,-6.061913696,-13.10318949,-15.45028143,-29.53283302,-38.92120075,-48.30956848,-57.69793621,-67.08630394,-76.47467167,-85.8630394,-95.25140713,-102.3763602,-109.5013133,-116.6262664,-123.7512195,-130.8761726,-138.0011257,-145.1260788,-152.2510319,-159.375985,-166.5009381,-173.6258912,-180.7508443,-187.8757974,-195.0007505,-202.1257036,-209.2506567,-216.3756098,-223.5005629,-230.6255159,-237.750469,-244.8754221,-252.0003752,-259.1253283,-266.2502814,-273.3752345,-280.5001876,-287.6251407,-294.7500938,-301.8750469,-309,-316.1249531,-323.2499062,-330.3748593,-337.4998124,-344.6247655,-351.7497186,-358.8746717,-365.9996248
6470,123.3294559,22.13133208,5.675422139,-6.07879925,-13.13133208,-15.48217636,-29.58724203,-38.99061914,-48.39399625,-57.79737336,-67.20075047,-76.60412758,-86.00750469,-95.4108818,-102.5471857,-109.6834897,-116.8197936,-123.9560976,-131.0924015,-138.2287054,-145.3650094,-152.5013133,-159.6376173,-166.7739212,-173.9102251,-181.0465291,-188.182833,-195.319137,-202.4554409,-209.5917448,-216.7280488,-223.8643527,-231.0006567,-238.1369606,-245.2732645,-252.4095685,-259.5458724,-266.6821764,-273.8184803,-280.9547842,-288.0910882,-295.2273921,-302.3636961,-309.5,-316.6363039,-323.7726079,-330.9089118,-338.0452158,-345.1815197,-352.3178236,-359.4541276,-366.5904315
6480,123.5214822,22.15947467,5.677298311,-6.095684803,-13.15947467,-15.51407129,-29.64165103,-39.06003752,-48.47842402,-57.89681051,-67.315197,-76.73358349,-86.15196998,-95.57035647,-102.7180113,-109.865666,-117.0133208,-124.1609756,-131.3086304,-138.4562852,-145.60394,-152.7515947,-159.8992495,-167.0469043,-174.1945591,-181.3422139,-188.4898687,-195.6375235,-202.7851782,-209.932833,-217.0804878,-224.2281426,-231.3757974,-238.5234522,-245.6711069,-252.8187617,-259.9664165,-267.1140713,-274.2617261,-281.4093809,-288.5570356,-295.7046904,-302.8523452,-310,-317.1476548,-324.2953096,-331.4429644,-338.5906191,-345.7382739,-352.8859287,-360.0335835,-367.1812383
6490,123.7135084,22.18761726,5.679174484,-6.112570356,-13.18761726,-15.54596623,-29.69606004,-39.12945591,-48.56285178,-57.99624765,-67.42964353,-76.8630394,-86.29643527,-95.72983114,-102.8888368,-110.0478424,-117.206848,-124.3658537,-131.5248593,-138.6838649,-145.8428705,-153.0018762,-160.1608818,-167.3198874,-174.4788931,-181.6378987,-188.7969043,-195.9559099,-203.1149156,-210.2739212,-217.4329268,-224.5919325,-231.7509381,-238.9099437,-246.0689493,-253.227955,-260.3869606,-267.5459662,-274.7049719,-281.8639775,-289.0229831,-296.1819887,-303.3409944,-310.5,-317.6590056,-324.8180113,-331.9770169,-339.1360225,-346.2950281,-353.4540338,-360.6130394,-367.772045
6500,123.9055347,22.21575985,5.681050657,-6.12945591,-13.21575985,-15.57786116,-29.75046904,-39.1988743,-48.64727955,-58.0956848,-67.54409006,-76.99249531,-86.44090056,-95.88930582,-103.0596623,-110.2300188,-117.4003752,-124.5707317,-131.7410882,-138.9114447,-146.0818011,-153.2521576,-160.4225141,-167.5928705,-174.763227,-181.9335835,-189.10394,-196.2742964,-203.4446529,-210.6150094,-217.7853659,-224.9557223,-232.1260788,-239.2964353,-246.4667917,-253.6371482,-260.8075047,-267.9778612,-275.1482176,-282.3185741,-289.4889306,-296.6592871,-303.8296435,-311,-318.1703565,-325.3407129,-332.5110694,-339.6814259,-346.8517824,-354.0221388,-361.1924953,-368.3628518
6510,124.097561,22.24390244,5.682926829,-6.146341463,-13.24390244,-15.6097561,-29.80487805,-39.26829268,-48.73170732,-58.19512195,-67.65853659,-77.12195122,-86.58536585,-96.04878049,-103.2304878,-110.4121951,-117.5939024,-124.7756098,-131.9573171,-139.1390244,-146.3207317,-153.502439,-160.6841463,-167.8658537,-175.047561,-182.2292683,-189.4109756,-196.5926829,-203.7743902,-210.9560976,-218.1378049,-225.3195122,-232.5012195,-239.6829268,-246.8646341,-254.0463415,-261.2280488,-268.4097561,-275.5914634,-282.7731707,-289.954878,-297.1365854,-304.3182927,-311.5,-318.6817073,-325.8634146,-333.045122,-340.2268293,-347.4085366,-354.5902439,-361.7719512,-368.9536585
6520,124.2895872,22.27204503,5.684803002,-6.163227017,-13.27204503,-15.64165103,-29.85928705,-39.33771107,-48.81613508,-58.2945591,-67.77298311,-77.25140713,-86.72983114,-96.20825516,-103.4013133,-110.5943715,-117.7874296,-124.9804878,-132.173546,-139.3666041,-146.5596623,-153.7527205,-160.9457786,-168.1388368,-175.3318949,-182.5249531,-189.7180113,-196.9110694,-204.1041276,-211.2971857,-218.4902439,-225.6833021,-232.8763602,-240.0694184,-247.2624765,-254.4555347,-261.6485929,-268.841651,-276.0347092,-283.2277674,-290.4208255,-297.6138837,-304.8069418,-312,-319.1930582,-326.3861163,-333.5791745,-340.7722326,-347.9652908,-355.158349,-362.3514071,-369.5444653
6530,124.4816135,22.30018762,5.686679174,-6.18011257,-13.30018762,-15.67354597,-29.91369606,-39.40712946,-48.90056285,-58.39399625,-67.88742964,-77.38086304,-86.87429644,-96.36772983,-103.5721388,-110.7765478,-117.9809568,-125.1853659,-132.3897749,-139.5941839,-146.7985929,-154.0030019,-161.2074109,-168.4118199,-175.6162289,-182.8206379,-190.0250469,-197.2294559,-204.4338649,-211.6382739,-218.8426829,-226.0470919,-233.2515009,-240.4559099,-247.6603189,-254.864728,-262.069137,-269.273546,-276.477955,-283.682364,-290.886773,-298.091182,-305.295591,-312.5,-319.704409,-326.908818,-334.113227,-341.317636,-348.522045,-355.726454,-362.930863,-370.135272
6540,124.6736398,22.32833021,5.688555347,-6.196998124,-13.32833021,-15.7054409,-29.96810507,-39.47654784,-48.98499062,-58.4934334,-68.00187617,-77.51031895,-87.01876173,-96.5272045,-103.7429644,-110.9587242,-118.1744841,-125.3902439,-132.6060038,-139.8217636,-147.0375235,-154.2532833,-161.4690432,-168.684803,-175.9005629,-183.1163227,-190.3320826,-197.5478424,-204.7636023,-211.9793621,-219.195122,-226.4108818,-233.6266417,-240.8424015,-248.0581614,-255.2739212,-262.4896811,-269.7054409,-276.9212008,-284.1369606,-291.3527205,-298.5684803,-305.7842402,-313,-320.2157598,-327.4315197,-334.6472795,-341.8630394,-349.0787992,-356.2945591,-363.5103189,-370.7260788
6550,124.865666,22.3564728,5.69043152,-6.213883677,-13.3564728,-15.73733583,-30.02251407,-39.54596623,-49.06941839,-58.59287054,-68.1163227,-77.63977486,-87.16322702,-96.68667917,-103.9137899,-111.1409006,-118.3680113,-125.595122,-132.8222326,-140.0493433,-147.276454,-154.5035647,-161.7306754,-168.9577861,-176.1848968,-183.4120075,-190.6391182,-197.8662289,-205.0933396,-212.3204503,-219.547561,-226.7746717,-234.0017824,-241.2288931,-248.4560038,-255.6831144,-262.9102251,-270.1373358,-277.3644465,-284.5915572,-291.8186679,-299.0457786,-306.2728893,-313.5,-320.7271107,-327.9542214,-335.1813321,-342.4084428,-349.6355535,-356.8626642,-364.0897749,-371.3168856
6560,125.0576923,22.38461538,5.692307692,-6.230769231,-13.38461538,-15.76923077,-30.07692308,-39.61538462,-49.15384615,-58.69230769,-68.23076923,-77.76923077,-87.30769231,-96.84615385,-104.0846154,-111.3230769,-118.5615385,-125.8,-133.0384615,-140.2769231,-147.5153846,-154.7538462,-161.9923077,-169.2307692,-176.4692308,-183.7076923,-190.9461538,-198.1846154,-205.4230769,-212.6615385,-219.9,-227.1384615,-234.3769231,-241.6153846,-248.8538462,-256.0923077,-263.3307692,-270.5692308,-277.8076923,-285.0461538,-292.2846154,-299.5230769,-306.7615385,-314,-321.2384615,-328.4769231,-335.7153846,-342.9538462,-350.1923077,-357.4307692,-364.6692308,-371.9076923
6570,125.2497186,22.41275797,5.694183865,-6.247654784,-13.41275797,-15.8011257,-30.13133208,-39.684803,-49.23827392,-58.79174484,-68.34521576,-77.89868668,-87.4521576,-97.00562852,-104.2554409,-111.5052533,-118.7550657,-126.004878,-133.2546904,-140.5045028,-147.7543152,-155.0041276,-162.25394,-169.5037523,-176.7535647,-184.0033771,-191.2531895,-198.5030019,-205.7528143,-213.0026266,-220.252439,-227.5022514,-234.7520638,-242.0018762,-249.2516886,-256.5015009,-263.7513133,-271.0011257,-278.2509381,-285.5007505,-292.7505629,-300.0003752,-307.2501876,-314.5,-321.7498124,-328.9996248,-336.2494371,-343.4992495,-350.7490619,-357.9988743,-365.2486867,-372.4984991
6580,125.4417448,22.44090056,5.696060038,-6.264540338,-13.44090056,-15.83302064,-30.18574109,-39.75422139,-49.32270169,-58.89118199,-68.45966229,-78.02814259,-87.59662289,-97.16510319,-104.4262664,-111.6874296,-118.9485929,-126.2097561,-133.4709193,-140.7320826,-147.9932458,-155.254409,-162.5155722,-169.7767355,-177.0378987,-184.2990619,-191.5602251,-198.8213884,-206.0825516,-213.3437148,-220.604878,-227.8660413,-235.1272045,-242.3883677,-249.649531,-256.9106942,-264.1718574,-271.4330206,-278.6941839,-285.9553471,-293.2165103,-300.4776735,-307.7388368,-315,-322.2611632,-329.5223265,-336.7834897,-344.0446529,-351.3058161,-358.5669794,-365.8281426,-373.0893058
6590,125.6337711,22.46904315,5.69793621,-6.281425891,-13.46904315,-15.86491557,-30.24015009,-39.82363977,-49.40712946,-58.99061914,-68.57410882,-78.1575985,-87.74108818,-97.32457786,-104.5970919,-111.869606,-119.1421201,-126.4146341,-133.6871482,-140.9596623,-148.2321764,-155.5046904,-162.7772045,-170.0497186,-177.3222326,-184.5947467,-191.8672608,-199.1397749,-206.4122889,-213.684803,-220.9573171,-228.2298311,-235.5023452,-242.7748593,-250.0473734,-257.3198874,-264.5924015,-271.8649156,-279.1374296,-286.4099437,-293.6824578,-300.9549719,-308.2274859,-315.5,-322.7725141,-330.0450281,-337.3175422,-344.5900563,-351.8625704,-359.1350844,-366.4075985,-373.6801126
6600,125.8257974,22.49718574,5.699812383,-6.298311445,-13.49718574,-15.89681051,-30.2945591,-39.89305816,-49.49155722,-59.09005629,-68.68855535,-78.28705441,-87.88555347,-97.48405253,-104.7679174,-112.0517824,-119.3356473,-126.6195122,-133.9033771,-141.187242,-148.4711069,-155.7549719,-163.0388368,-170.3227017,-177.6065666,-184.8904315,-192.1742964,-199.4581614,-206.7420263,-214.0258912,-221.3097561,-228.593621,-235.8774859,-243.1613508,-250.4452158,-257.7290807,-265.0129456,-272.2968105,-279.5806754,-286.8645403,-294.1484053,-301.4322702,-308.7161351,-316,-323.2838649,-330.5677298,-337.8515947,-345.1354597,-352.4193246,-359.7031895,-366.9870544,-374.2709193
6610,126.0178236,22.52532833,5.701688555,-6.315196998,-13.52532833,-15.92870544,-30.34896811,-39.96247655,-49.57598499,-59.18949343,-68.80300188,-78.41651032,-88.03001876,-97.6435272,-104.938743,-112.2339587,-119.5291745,-126.8243902,-134.119606,-141.4148218,-148.7100375,-156.0052533,-163.300469,-170.5956848,-177.8909006,-185.1861163,-192.4813321,-199.7765478,-207.0717636,-214.3669794,-221.6621951,-228.9574109,-236.2526266,-243.5478424,-250.8430582,-258.1382739,-265.4334897,-272.7287054,-280.0239212,-287.319137,-294.6143527,-301.9095685,-309.2047842,-316.5,-323.7952158,-331.0904315,-338.3856473,-345.680863,-352.9760788,-360.2712946,-367.5665103,-374.8617261
6620,126.2098499,22.55347092,5.703564728,-6.332082552,-13.55347092,-15.96060038,-30.40337711,-40.03189493,-49.66041276,-59.28893058,-68.91744841,-78.54596623,-88.17448405,-97.80300188,-105.1095685,-112.4161351,-119.7227017,-127.0292683,-134.3358349,-141.6424015,-148.9489681,-156.2555347,-163.5621013,-170.8686679,-178.1752345,-185.4818011,-192.7883677,-200.0949343,-207.4015009,-214.7080675,-222.0146341,-229.3212008,-236.6277674,-243.934334,-251.2409006,-258.5474672,-265.8540338,-273.1606004,-280.467167,-287.7737336,-295.0803002,-302.3868668,-309.6934334,-317,-324.3065666,-331.6131332,-338.9196998,-346.2262664,-353.532833,-360.8393996,-368.1459662,-375.4525328
6630,126.4018762,22.58161351,5.705440901,-6.348968105,-13.58161351,-15.99249531,-30.45778612,-40.10131332,-49.74484053,-59.38836773,-69.03189493,-78.67542214,-88.31894934,-97.96247655,-105.280394,-112.5983114,-119.9162289,-127.2341463,-134.5520638,-141.8699812,-149.1878987,-156.5058161,-163.8237336,-171.141651,-178.4595685,-185.7774859,-193.0954034,-200.4133208,-207.7312383,-215.0491557,-222.3670732,-229.6849906,-237.0029081,-244.3208255,-251.638743,-258.9566604,-266.2745779,-273.5924953,-280.9104128,-288.2283302,-295.5462477,-302.8641651,-310.1820826,-317.5,-324.8179174,-332.1358349,-339.4537523,-346.7716698,-354.0895872,-361.4075047,-368.7254221,-376.0433396
6640,126.5939024,22.6097561,5.707317073,-6.365853659,-13.6097561,-16.02439024,-30.51219512,-40.17073171,-49.82926829,-59.48780488,-69.14634146,-78.80487805,-88.46341463,-98.12195122,-105.4512195,-112.7804878,-120.1097561,-127.4390244,-134.7682927,-142.097561,-149.4268293,-156.7560976,-164.0853659,-171.4146341,-178.7439024,-186.0731707,-193.402439,-200.7317073,-208.0609756,-215.3902439,-222.7195122,-230.0487805,-237.3780488,-244.7073171,-252.0365854,-259.3658537,-266.695122,-274.0243902,-281.3536585,-288.6829268,-296.0121951,-303.3414634,-310.6707317,-318,-325.3292683,-332.6585366,-339.9878049,-347.3170732,-354.6463415,-361.9756098,-369.304878,-376.6341463
6650,126.7859287,22.63789869,5.709193246,-6.382739212,-13.63789869,-16.05628518,-30.56660413,-40.24015009,-49.91369606,-59.58724203,-69.26078799,-78.93433396,-88.60787992,-98.28142589,-105.622045,-112.9626642,-120.3032833,-127.6439024,-134.9845216,-142.3251407,-149.6657598,-157.006379,-164.3469981,-171.6876173,-179.0282364,-186.3688555,-193.7094747,-201.0500938,-208.3907129,-215.7313321,-223.0719512,-230.4125704,-237.7531895,-245.0938086,-252.4344278,-259.7750469,-267.115666,-274.4562852,-281.7969043,-289.1375235,-296.4781426,-303.8187617,-311.1593809,-318.5,-325.8406191,-333.1812383,-340.5218574,-347.8624765,-355.2030957,-362.5437148,-369.884334,-377.2249531
6660,126.977955,22.66604128,5.711069418,-6.399624765,-13.66604128,-16.08818011,-30.62101313,-40.30956848,-49.99812383,-59.68667917,-69.37523452,-79.06378987,-88.75234522,-98.44090056,-105.7928705,-113.1448405,-120.4968105,-127.8487805,-135.2007505,-142.5527205,-149.9046904,-157.2566604,-164.6086304,-171.9606004,-179.3125704,-186.6645403,-194.0165103,-201.3684803,-208.7204503,-216.0724203,-223.4243902,-230.7763602,-238.1283302,-245.4803002,-252.8322702,-260.1842402,-267.5362101,-274.8881801,-282.2401501,-289.5921201,-296.9440901,-304.29606,-311.64803,-319,-326.35197,-333.70394,-341.0559099,-348.4078799,-355.7598499,-363.1118199,-370.4637899,-377.8157598
6670,127.1699812,22.69418386,5.712945591,-6.416510319,-13.69418386,-16.12007505,-30.67542214,-40.37898687,-50.08255159,-59.78611632,-69.48968105,-79.19324578,-88.89681051,-98.60037523,-105.9636961,-113.3270169,-120.6903377,-128.0536585,-135.4169794,-142.7803002,-150.143621,-157.5069418,-164.8702627,-172.2335835,-179.5969043,-186.9602251,-194.323546,-201.6868668,-209.0501876,-216.4135084,-223.7768293,-231.1401501,-238.5034709,-245.8667917,-253.2301126,-260.5934334,-267.9567542,-275.320075,-282.6833959,-290.0467167,-297.4100375,-304.7733583,-312.1366792,-319.5,-326.8633208,-334.2266417,-341.5899625,-348.9532833,-356.3166041,-363.679925,-371.0432458,-378.4065666
6680,127.3620075,22.72232645,5.714821764,-6.433395872,-13.72232645,-16.15196998,-30.72983114,-40.44840525,-50.16697936,-59.88555347,-69.60412758,-79.32270169,-89.0412758,-98.75984991,-106.1345216,-113.5091932,-120.8838649,-128.2585366,-135.6332083,-143.0078799,-150.3825516,-157.7572233,-165.1318949,-172.5065666,-179.8812383,-187.2559099,-194.6305816,-202.0052533,-209.379925,-216.7545966,-224.1292683,-231.50394,-238.8786116,-246.2532833,-253.627955,-261.0026266,-268.3772983,-275.75197,-283.1266417,-290.5013133,-297.875985,-305.2506567,-312.6253283,-320,-327.3746717,-334.7493433,-342.124015,-349.4986867,-356.8733583,-364.24803,-371.6227017,-378.9973734
6690,127.5540338,22.75046904,5.716697936,-6.450281426,-13.75046904,-16.18386492,-30.78424015,-40.51782364,-50.25140713,-59.98499062,-69.71857411,-79.4521576,-89.18574109,-98.91932458,-106.3053471,-113.6913696,-121.0773921,-128.4634146,-135.8494371,-143.2354597,-150.6214822,-158.0075047,-165.3935272,-172.7795497,-180.1655722,-187.5515947,-194.9376173,-202.3236398,-209.7096623,-217.0956848,-224.4817073,-231.8677298,-239.2537523,-246.6397749,-254.0257974,-261.4118199,-268.7978424,-276.1838649,-283.5698874,-290.9559099,-298.3419325,-305.727955,-313.1139775,-320.5,-327.8860225,-335.272045,-342.6580675,-350.0440901,-357.4301126,-364.8161351,-372.2021576,-379.5881801
6700,127.74606,22.77861163,5.718574109,-6.467166979,-13.77861163,-16.21575985,-30.83864916,-40.58724203,-50.3358349,-60.08442777,-69.83302064,-79.58161351,-89.33020638,-99.07879925,-106.4761726,-113.873546,-121.2709193,-128.6682927,-136.065666,-143.4630394,-150.8604128,-158.2577861,-165.6551595,-173.0525328,-180.4499062,-187.8472795,-195.2446529,-202.6420263,-210.0393996,-217.436773,-224.8341463,-232.2315197,-239.6288931,-247.0262664,-254.4236398,-261.8210131,-269.2183865,-276.6157598,-284.0131332,-291.4105066,-298.8078799,-306.2052533,-313.6026266,-321,-328.3973734,-335.7947467,-343.1921201,-350.5894934,-357.9868668,-365.3842402,-372.7816135,-380.1789869
6710,127.9380863,22.80675422,5.720450281,-6.484052533,-13.80675422,-16.24765478,-30.89305816,-40.65666041,-50.42026266,-60.18386492,-69.94746717,-79.71106942,-89.47467167,-99.23827392,-106.6469981,-114.0557223,-121.4644465,-128.8731707,-136.2818949,-143.6906191,-151.0993433,-158.5080675,-165.9167917,-173.3255159,-180.7342402,-188.1429644,-195.5516886,-202.9604128,-210.369137,-217.7778612,-225.1865854,-232.5953096,-240.0040338,-247.412758,-254.8214822,-262.2302064,-269.6389306,-277.0476548,-284.456379,-291.8651032,-299.2738274,-306.6825516,-314.0912758,-321.5,-328.9087242,-336.3174484,-343.7261726,-351.1348968,-358.543621,-365.9523452,-373.3610694,-380.7697936
6720,128.1301126,22.83489681,5.722326454,-6.500938086,-13.83489681,-16.27954972,-30.94746717,-40.7260788,-50.50469043,-60.28330206,-70.0619137,-79.84052533,-89.61913696,-99.39774859,-106.8178236,-114.2378987,-121.6579737,-129.0780488,-136.4981238,-143.9181989,-151.3382739,-158.758349,-166.178424,-173.5984991,-181.0185741,-188.4386492,-195.8587242,-203.2787992,-210.6988743,-218.1189493,-225.5390244,-232.9590994,-240.3791745,-247.7992495,-255.2193246,-262.6393996,-270.0594747,-277.4795497,-284.8996248,-292.3196998,-299.7397749,-307.1598499,-314.579925,-322,-329.420075,-336.8401501,-344.2602251,-351.6803002,-359.1003752,-366.5204503,-373.9405253,-381.3606004
6730,128.3221388,22.8630394,5.724202627,-6.51782364,-13.8630394,-16.31144465,-31.00187617,-40.79549719,-50.5891182,-60.38273921,-70.17636023,-79.96998124,-89.76360225,-99.55722326,-106.9886492,-114.420075,-121.8515009,-129.2829268,-136.7143527,-144.1457786,-151.5772045,-159.0086304,-166.4400563,-173.8714822,-181.3029081,-188.734334,-196.1657598,-203.5971857,-211.0286116,-218.4600375,-225.8914634,-233.3228893,-240.7543152,-248.1857411,-255.617167,-263.0485929,-270.4800188,-277.9114447,-285.3428705,-292.7742964,-300.2057223,-307.6371482,-315.0685741,-322.5,-329.9314259,-337.3628518,-344.7942777,-352.2257036,-359.6571295,-367.0885553,-374.5199812,-381.9514071
6740,128.5141651,22.89118199,5.726078799,-6.534709193,-13.89118199,-16.34333959,-31.05628518,-40.86491557,-50.67354597,-60.48217636,-70.29080675,-80.09943715,-89.90806754,-99.71669794,-107.1594747,-114.6022514,-122.0450281,-129.4878049,-136.9305816,-144.3733583,-151.8161351,-159.2589118,-166.7016886,-174.1444653,-181.587242,-189.0300188,-196.4727955,-203.9155722,-211.358349,-218.8011257,-226.2439024,-233.6866792,-241.1294559,-248.5722326,-256.0150094,-263.4577861,-270.9005629,-278.3433396,-285.7861163,-293.2288931,-300.6716698,-308.1144465,-315.5572233,-323,-330.4427767,-337.8855535,-345.3283302,-352.7711069,-360.2138837,-367.6566604,-375.0994371,-382.5422139
6750,128.7061914,22.91932458,5.727954972,-6.551594747,-13.91932458,-16.37523452,-31.11069418,-40.93433396,-50.75797373,-60.58161351,-70.40525328,-80.22889306,-90.05253283,-99.87617261,-107.3303002,-114.7844278,-122.2385553,-129.6926829,-137.1468105,-144.6009381,-152.0550657,-159.5091932,-166.9633208,-174.4174484,-181.871576,-189.3257036,-196.7798311,-204.2339587,-211.6880863,-219.1422139,-226.5963415,-234.050469,-241.5045966,-248.9587242,-256.4128518,-263.8669794,-271.3211069,-278.7752345,-286.2293621,-293.6834897,-301.1376173,-308.5917448,-316.0458724,-323.5,-330.9541276,-338.4082552,-345.8623827,-353.3165103,-360.7706379,-368.2247655,-375.6788931,-383.1330206
6760,128.8982176,22.94746717,5.729831144,-6.5684803,-13.94746717,-16.40712946,-31.16510319,-41.00375235,-50.8424015,-60.68105066,-70.51969981,-80.35834897,-90.19699812,-100.0356473,-107.5011257,-114.9666041,-122.4320826,-129.897561,-137.3630394,-144.8285178,-152.2939962,-159.7594747,-167.2249531,-174.6904315,-182.1559099,-189.6213884,-197.0868668,-204.5523452,-212.0178236,-219.4833021,-226.9487805,-234.4142589,-241.8797373,-249.3452158,-256.8106942,-264.2761726,-271.741651,-279.2071295,-286.6726079,-294.1380863,-301.6035647,-309.0690432,-316.5345216,-324,-331.4654784,-338.9309568,-346.3964353,-353.8619137,-361.3273921,-368.7928705,-376.258349,-383.7238274
6770,129.0902439,22.97560976,5.731707317,-6.585365854,-13.97560976,-16.43902439,-31.2195122,-41.07317073,-50.92682927,-60.7804878,-70.63414634,-80.48780488,-90.34146341,-100.195122,-107.6719512,-115.1487805,-122.6256098,-130.102439,-137.5792683,-145.0560976,-152.5329268,-160.0097561,-167.4865854,-174.9634146,-182.4402439,-189.9170732,-197.3939024,-204.8707317,-212.347561,-219.8243902,-227.3012195,-234.7780488,-242.254878,-249.7317073,-257.2085366,-264.6853659,-272.1621951,-279.6390244,-287.1158537,-294.5926829,-302.0695122,-309.5463415,-317.0231707,-324.5,-331.9768293,-339.4536585,-346.9304878,-354.4073171,-361.8841463,-369.3609756,-376.8378049,-384.3146341
6780,129.2822702,23.00375235,5.73358349,-6.602251407,-14.00375235,-16.47091932,-31.2739212,-41.14258912,-51.01125704,-60.87992495,-70.74859287,-80.61726079,-90.48592871,-100.3545966,-107.8427767,-115.3309568,-122.819137,-130.3073171,-137.7954972,-145.2836773,-152.7718574,-160.2600375,-167.7482176,-175.2363977,-182.7245779,-190.212758,-197.7009381,-205.1891182,-212.6772983,-220.1654784,-227.6536585,-235.1418386,-242.6300188,-250.1181989,-257.606379,-265.0945591,-272.5827392,-280.0709193,-287.5590994,-295.0472795,-302.5354597,-310.0236398,-317.5118199,-325,-332.4881801,-339.9763602,-347.4645403,-354.9527205,-362.4409006,-369.9290807,-377.4172608,-384.9054409
6790,129.4742964,23.03189493,5.735459662,-6.619136961,-14.03189493,-16.50281426,-31.32833021,-41.2120075,-51.0956848,-60.9793621,-70.8630394,-80.7467167,-90.630394,-100.5140713,-108.0136023,-115.5131332,-123.0126642,-130.5121951,-138.0117261,-145.511257,-153.010788,-160.5103189,-168.0098499,-175.5093809,-183.0089118,-190.5084428,-198.0079737,-205.5075047,-213.0070356,-220.5065666,-228.0060976,-235.5056285,-243.0051595,-250.5046904,-258.0042214,-265.5037523,-273.0032833,-280.5028143,-288.0023452,-295.5018762,-303.0014071,-310.5009381,-318.000469,-325.5,-332.999531,-340.4990619,-347.9985929,-355.4981238,-362.9976548,-370.4971857,-377.9967167,-385.4962477
6800,129.6663227,23.06003752,5.737335835,-6.636022514,-14.06003752,-16.53470919,-31.38273921,-41.28142589,-51.18011257,-61.07879925,-70.97748593,-80.87617261,-90.77485929,-100.673546,-108.1844278,-115.6953096,-123.2061914,-130.7170732,-138.227955,-145.7388368,-153.2497186,-160.7606004,-168.2714822,-175.782364,-183.2932458,-190.8041276,-198.3150094,-205.8258912,-213.336773,-220.8476548,-228.3585366,-235.8694184,-243.3803002,-250.891182,-258.4020638,-265.9129456,-273.4238274,-280.9347092,-288.445591,-295.9564728,-303.4673546,-310.9782364,-318.4891182,-326,-333.5108818,-341.0217636,-348.5326454,-356.0435272,-363.554409,-371.0652908,-378.5761726,-386.0870544
6810,129.858349,23.08818011,5.739212008,-6.652908068,-14.08818011,-16.56660413,-31.43714822,-41.35084428,-51.26454034,-61.1782364,-71.09193246,-81.00562852,-90.91932458,-100.8330206,-108.3552533,-115.8774859,-123.3997186,-130.9219512,-138.4441839,-145.9664165,-153.4886492,-161.0108818,-168.5331144,-176.0553471,-183.5775797,-191.0998124,-198.622045,-206.1442777,-213.6665103,-221.188743,-228.7109756,-236.2332083,-243.7554409,-251.2776735,-258.7999062,-266.3221388,-273.8443715,-281.3666041,-288.8888368,-296.4110694,-303.9333021,-311.4555347,-318.9777674,-326.5,-334.0222326,-341.5444653,-349.0666979,-356.5889306,-364.1111632,-371.6333959,-379.1556285,-386.6778612
6820,130.0503752,23.1163227,5.74108818,-6.669793621,-14.1163227,-16.59849906,-31.49155722,-41.42026266,-51.34896811,-61.27767355,-71.20637899,-81.13508443,-91.06378987,-100.9924953,-108.5260788,-116.0596623,-123.5932458,-131.1268293,-138.6604128,-146.1939962,-153.7275797,-161.2611632,-168.7947467,-176.3283302,-183.8619137,-191.3954972,-198.9290807,-206.4626642,-213.9962477,-221.5298311,-229.0634146,-236.5969981,-244.1305816,-251.6641651,-259.1977486,-266.7313321,-274.2649156,-281.7984991,-289.3320826,-296.865666,-304.3992495,-311.932833,-319.4664165,-327,-334.5335835,-342.067167,-349.6007505,-357.134334,-364.6679174,-372.2015009,-379.7350844,-387.2686679
6830,130.2424015,23.14446529,5.742964353,-6.686679174,-14.14446529,-16.630394,-31.54596623,-41.48968105,-51.43339587,-61.37711069,-71.32082552,-81.26454034,-91.20825516,-101.15197,-108.6969043,-116.2418386,-123.786773,-131.3317073,-138.8766417,-146.421576,-153.9665103,-161.5114447,-169.056379,-176.6013133,-184.1462477,-191.691182,-199.2361163,-206.7810507,-214.325985,-221.8709193,-229.4158537,-236.960788,-244.5057223,-252.0506567,-259.595591,-267.1405253,-274.6854597,-282.230394,-289.7753283,-297.3202627,-304.865197,-312.4101313,-319.9550657,-327.5,-335.0449343,-342.5898687,-350.134803,-357.6797373,-365.2246717,-372.769606,-380.3145403,-387.8594747
6840,130.4344278,23.17260788,5.744840525,-6.703564728,-14.17260788,-16.66228893,-31.60037523,-41.55909944,-51.51782364,-61.47654784,-71.43527205,-81.39399625,-91.35272045,-101.3114447,-108.8677298,-116.424015,-123.9803002,-131.5365854,-139.0928705,-146.6491557,-154.2054409,-161.7617261,-169.3180113,-176.8742964,-184.4305816,-191.9868668,-199.543152,-207.0994371,-214.6557223,-222.2120075,-229.7682927,-237.3245779,-244.880863,-252.4371482,-259.9934334,-267.5497186,-275.1060038,-282.6622889,-290.2185741,-297.7748593,-305.3311445,-312.8874296,-320.4437148,-328,-335.5562852,-343.1125704,-350.6688555,-358.2251407,-365.7814259,-373.3377111,-380.8939962,-388.4502814
6850,130.626454,23.20075047,5.746716698,-6.720450281,-14.20075047,-16.69418386,-31.65478424,-41.62851782,-51.60225141,-61.57598499,-71.54971857,-81.52345216,-91.49718574,-101.4709193,-109.0385553,-116.6061914,-124.1738274,-131.7414634,-139.3090994,-146.8767355,-154.4443715,-162.0120075,-169.5796435,-177.1472795,-184.7149156,-192.2825516,-199.8501876,-207.4178236,-214.9854597,-222.5530957,-230.1207317,-237.6883677,-245.2560038,-252.8236398,-260.3912758,-267.9589118,-275.5265478,-283.0941839,-290.6618199,-298.2294559,-305.7970919,-313.364728,-320.932364,-328.5,-336.067636,-343.635272,-351.2029081,-358.7705441,-366.3381801,-373.9058161,-381.4734522,-389.0410882
6860,130.8184803,23.22889306,5.748592871,-6.737335835,-14.22889306,-16.7260788,-31.70919325,-41.69793621,-51.68667917,-61.67542214,-71.6641651,-81.65290807,-91.64165103,-101.630394,-109.2093809,-116.7883677,-124.3673546,-131.9463415,-139.5253283,-147.1043152,-154.6833021,-162.2622889,-169.8412758,-177.4202627,-184.9992495,-192.5782364,-200.1572233,-207.7362101,-215.315197,-222.8941839,-230.4731707,-238.0521576,-245.6311445,-253.2101313,-260.7891182,-268.3681051,-275.9470919,-283.5260788,-291.1050657,-298.6840525,-306.2630394,-313.8420263,-321.4210131,-329,-336.5789869,-344.1579737,-351.7369606,-359.3159475,-366.8949343,-374.4739212,-382.0529081,-389.6318949
6870,131.0105066,23.25703565,5.750469043,-6.754221388,-14.25703565,-16.75797373,-31.76360225,-41.7673546,-51.77110694,-61.77485929,-71.77861163,-81.78236398,-91.78611632,-101.7898687,-109.3802064,-116.9705441,-124.5608818,-132.1512195,-139.7415572,-147.3318949,-154.9222326,-162.5125704,-170.1029081,-177.6932458,-185.2835835,-192.8739212,-200.4642589,-208.0545966,-215.6449343,-223.235272,-230.8256098,-238.4159475,-246.0062852,-253.5966229,-261.1869606,-268.7772983,-276.367636,-283.9579737,-291.5483114,-299.1386492,-306.7289869,-314.3193246,-321.9096623,-329.5,-337.0903377,-344.6806754,-352.2710131,-359.8613508,-367.4516886,-375.0420263,-382.632364,-390.2227017
6880,131.2025328,23.28517824,5.752345216,-6.771106942,-14.28517824,-16.78986867,-31.81801126,-41.83677298,-51.85553471,-61.87429644,-71.89305816,-81.91181989,-91.93058161,-101.9493433,-109.5510319,-117.1527205,-124.754409,-132.3560976,-139.9577861,-147.5594747,-155.1611632,-162.7628518,-170.3645403,-177.9662289,-185.5679174,-193.169606,-200.7712946,-208.3729831,-215.9746717,-223.5763602,-231.1780488,-238.7797373,-246.3814259,-253.9831144,-261.584803,-269.1864916,-276.7881801,-284.3898687,-291.9915572,-299.5932458,-307.1949343,-314.7966229,-322.3983114,-330,-337.6016886,-345.2033771,-352.8050657,-360.4067542,-368.0084428,-375.6101313,-383.2118199,-390.8135084
6890,131.3945591,23.31332083,5.754221388,-6.787992495,-14.31332083,-16.8217636,-31.87242026,-41.90619137,-51.93996248,-61.97373358,-72.00750469,-82.0412758,-92.0750469,-102.108818,-109.7218574,-117.3348968,-124.9479362,-132.5609756,-140.174015,-147.7870544,-155.4000938,-163.0131332,-170.6261726,-178.239212,-185.8522514,-193.4652908,-201.0783302,-208.6913696,-216.304409,-223.9174484,-231.5304878,-239.1435272,-246.7565666,-254.369606,-261.9826454,-269.5956848,-277.2087242,-284.8217636,-292.434803,-300.0478424,-307.6608818,-315.2739212,-322.8869606,-330.5,-338.1130394,-345.7260788,-353.3391182,-360.9521576,-368.565197,-376.1782364,-383.7912758,-391.4043152
6900,131.5865854,23.34146341,5.756097561,-6.804878049,-14.34146341,-16.85365854,-31.92682927,-41.97560976,-52.02439024,-62.07317073,-72.12195122,-82.17073171,-92.2195122,-102.2682927,-109.8926829,-117.5170732,-125.1414634,-132.7658537,-140.3902439,-148.0146341,-155.6390244,-163.2634146,-170.8878049,-178.5121951,-186.1365854,-193.7609756,-201.3853659,-209.0097561,-216.6341463,-224.2585366,-231.8829268,-239.5073171,-247.1317073,-254.7560976,-262.3804878,-270.004878,-277.6292683,-285.2536585,-292.8780488,-300.502439,-308.1268293,-315.7512195,-323.3756098,-331,-338.6243902,-346.2487805,-353.8731707,-361.497561,-369.1219512,-376.7463415,-384.3707317,-391.995122
6910,131.7786116,23.369606,5.757973734,-6.821763602,-14.369606,-16.88555347,-31.98123827,-42.04502814,-52.10881801,-62.17260788,-72.23639775,-82.30018762,-92.36397749,-102.4277674,-110.0635084,-117.6992495,-125.3349906,-132.9707317,-140.6064728,-148.2422139,-155.877955,-163.5136961,-171.1494371,-178.7851782,-186.4209193,-194.0566604,-201.6924015,-209.3281426,-216.9638837,-224.5996248,-232.2353659,-239.8711069,-247.506848,-255.1425891,-262.7783302,-270.4140713,-278.0498124,-285.6855535,-293.3212946,-300.9570356,-308.5927767,-316.2285178,-323.8642589,-331.5,-339.1357411,-346.7714822,-354.4072233,-362.0429644,-369.6787054,-377.3144465,-384.9501876,-392.5859287
6920,131.9706379,23.39774859,5.759849906,-6.838649156,-14.39774859,-16.91744841,-32.03564728,-42.11444653,-52.19324578,-62.27204503,-72.35084428,-82.42964353,-92.50844278,-102.587242,-110.234334,-117.8814259,-125.5285178,-133.1756098,-140.8227017,-148.4697936,-156.1168856,-163.7639775,-171.4110694,-179.0581614,-186.7052533,-194.3523452,-201.9994371,-209.6465291,-217.293621,-224.9407129,-232.5878049,-240.2348968,-247.8819887,-255.5290807,-263.1761726,-270.8232645,-278.4703565,-286.1174484,-293.7645403,-301.4116323,-309.0587242,-316.7058161,-324.3529081,-332,-339.6470919,-347.2941839,-354.9412758,-362.5883677,-370.2354597,-377.8825516,-385.5296435,-393.1767355
6930,132.1626642,23.42589118,5.761726079,-6.855534709,-14.42589118,-16.94934334,-32.09005629,-42.18386492,-52.27767355,-62.37148218,-72.46529081,-82.55909944,-92.65290807,-102.7467167,-110.4051595,-118.0636023,-125.722045,-133.3804878,-141.0389306,-148.6973734,-156.3558161,-164.0142589,-171.6727017,-179.3311445,-186.9895872,-194.64803,-202.3064728,-209.9649156,-217.6233583,-225.2818011,-232.9402439,-240.5986867,-248.2571295,-255.9155722,-263.574015,-271.2324578,-278.8909006,-286.5493433,-294.2077861,-301.8662289,-309.5246717,-317.1831144,-324.8415572,-332.5,-340.1584428,-347.8168856,-355.4753283,-363.1337711,-370.7922139,-378.4506567,-386.1090994,-393.7675422
6940,132.3546904,23.45403377,5.763602251,-6.872420263,-14.45403377,-16.98123827,-32.14446529,-42.2532833,-52.36210131,-62.47091932,-72.57973734,-82.68855535,-92.79737336,-102.9061914,-110.575985,-118.2457786,-125.9155722,-133.5853659,-141.2551595,-148.9249531,-156.5947467,-164.2645403,-171.934334,-179.6041276,-187.2739212,-194.9437148,-202.6135084,-210.2833021,-217.9530957,-225.6228893,-233.2926829,-240.9624765,-248.6322702,-256.3020638,-263.9718574,-271.641651,-279.3114447,-286.9812383,-294.6510319,-302.3208255,-309.9906191,-317.6604128,-325.3302064,-333,-340.6697936,-348.3395872,-356.0093809,-363.6791745,-371.3489681,-379.0187617,-386.6885553,-394.358349
6950,132.5467167,23.48217636,5.765478424,-6.889305816,-14.48217636,-17.01313321,-32.1988743,-42.32270169,-52.44652908,-62.57035647,-72.69418386,-82.81801126,-92.94183865,-103.065666,-110.7468105,-118.427955,-126.1090994,-133.7902439,-141.4713884,-149.1525328,-156.8336773,-164.5148218,-172.1959662,-179.8771107,-187.5582552,-195.2393996,-202.9205441,-210.6016886,-218.282833,-225.9639775,-233.645122,-241.3262664,-249.0074109,-256.6885553,-264.3696998,-272.0508443,-279.7319887,-287.4131332,-295.0942777,-302.7754221,-310.4565666,-318.1377111,-325.8188555,-333.5,-341.1811445,-348.8622889,-356.5434334,-364.2245779,-371.9057223,-379.5868668,-387.2680113,-394.9491557
6960,132.738743,23.51031895,5.767354597,-6.90619137,-14.51031895,-17.04502814,-32.2532833,-42.39212008,-52.53095685,-62.66979362,-72.80863039,-82.94746717,-93.08630394,-103.2251407,-110.917636,-118.6101313,-126.3026266,-133.995122,-141.6876173,-149.3801126,-157.0726079,-164.7651032,-172.4575985,-180.1500938,-187.8425891,-195.5350844,-203.2275797,-210.920075,-218.6125704,-226.3050657,-233.997561,-241.6900563,-249.3825516,-257.0750469,-264.7675422,-272.4600375,-280.1525328,-287.8450281,-295.5375235,-303.2300188,-310.9225141,-318.6150094,-326.3075047,-334,-341.6924953,-349.3849906,-357.0774859,-364.7699812,-372.4624765,-380.1549719,-387.8474672,-395.5399625
6970,132.9307692,23.53846154,5.769230769,-6.923076923,-14.53846154,-17.07692308,-32.30769231,-42.46153846,-52.61538462,-62.76923077,-72.92307692,-83.07692308,-93.23076923,-103.3846154,-111.0884615,-118.7923077,-126.4961538,-134.2,-141.9038462,-149.6076923,-157.3115385,-165.0153846,-172.7192308,-180.4230769,-188.1269231,-195.8307692,-203.5346154,-211.2384615,-218.9423077,-226.6461538,-234.35,-242.0538462,-249.7576923,-257.4615385,-265.1653846,-272.8692308,-280.5730769,-288.2769231,-295.9807692,-303.6846154,-311.3884615,-319.0923077,-326.7961538,-334.5,-342.2038462,-349.9076923,-357.6115385,-365.3153846,-373.0192308,-380.7230769,-388.4269231,-396.1307692
6980,133.1227955,23.56660413,5.771106942,-6.939962477,-14.56660413,-17.10881801,-32.36210131,-42.53095685,-52.69981238,-62.86866792,-73.03752345,-83.20637899,-93.37523452,-103.5440901,-111.2592871,-118.9744841,-126.6896811,-134.404878,-142.120075,-149.835272,-157.550469,-165.265666,-172.980863,-180.69606,-188.411257,-196.126454,-203.841651,-211.556848,-219.272045,-226.987242,-234.702439,-242.417636,-250.132833,-257.84803,-265.563227,-273.278424,-280.993621,-288.708818,-296.424015,-304.139212,-311.854409,-319.569606,-327.284803,-335,-342.715197,-350.430394,-358.145591,-365.860788,-373.575985,-381.291182,-389.006379,-396.721576
6990,133.3148218,23.59474672,5.772983114,-6.95684803,-14.59474672,-17.14071295,-32.41651032,-42.60037523,-52.78424015,-62.96810507,-73.15196998,-83.3358349,-93.51969981,-103.7035647,-111.4301126,-119.1566604,-126.8832083,-134.6097561,-142.3363039,-150.0628518,-157.7893996,-165.5159475,-173.2424953,-180.9690432,-188.695591,-196.4221388,-204.1486867,-211.8752345,-219.6017824,-227.3283302,-235.054878,-242.7814259,-250.5079737,-258.2345216,-265.9610694,-273.6876173,-281.4141651,-289.1407129,-296.8672608,-304.5938086,-312.3203565,-320.0469043,-327.7734522,-335.5,-343.2265478,-350.9530957,-358.6796435,-366.4061914,-374.1327392,-381.8592871,-389.5858349,-397.3123827
7000,133.506848,23.62288931,5.774859287,-6.973733583,-14.62288931,-17.17260788,-32.47091932,-42.66979362,-52.86866792,-63.06754221,-73.26641651,-83.46529081,-93.6641651,-103.8630394,-111.6009381,-119.3388368,-127.0767355,-134.8146341,-142.5525328,-150.2904315,-158.0283302,-165.7662289,-173.5041276,-181.2420263,-188.979925,-196.7178236,-204.4557223,-212.193621,-219.9315197,-227.6694184,-235.4073171,-243.1452158,-250.8831144,-258.6210131,-266.3589118,-274.0968105,-281.8347092,-289.5726079,-297.3105066,-305.0484053,-312.7863039,-320.5242026,-328.2621013,-336,-343.7378987,-351.4757974,-359.2136961,-366.9515947,-374.6894934,-382.4273921,-390.1652908,-397.9031895
7010,133.6988743,23.65103189,5.77673546,-6.990619137,-14.65103189,-17.20450281,-32.52532833,-42.73921201,-52.95309568,-63.16697936,-73.38086304,-83.59474672,-93.80863039,-104.0225141,-111.7717636,-119.5210131,-127.2702627,-135.0195122,-142.7687617,-150.5180113,-158.2672608,-166.0165103,-173.7657598,-181.5150094,-189.2642589,-197.0135084,-204.762758,-212.5120075,-220.261257,-228.0105066,-235.7597561,-243.5090056,-251.2582552,-259.0075047,-266.7567542,-274.5060038,-282.2552533,-290.0045028,-297.7537523,-305.5030019,-313.2522514,-321.0015009,-328.7507505,-336.5,-344.2492495,-351.9984991,-359.7477486,-367.4969981,-375.2462477,-382.9954972,-390.7447467,-398.4939962
7020,133.8909006,23.67917448,5.778611632,-7.00750469,-14.67917448,-17.23639775,-32.57973734,-42.80863039,-53.03752345,-63.26641651,-73.49530957,-83.72420263,-93.95309568,-104.1819887,-111.9425891,-119.7031895,-127.4637899,-135.2243902,-142.9849906,-150.745591,-158.5061914,-166.2667917,-174.0273921,-181.7879925,-189.5485929,-197.3091932,-205.0697936,-212.830394,-220.5909944,-228.3515947,-236.1121951,-243.8727955,-251.6333959,-259.3939962,-267.1545966,-274.915197,-282.6757974,-290.4363977,-298.1969981,-305.9575985,-313.7181989,-321.4787992,-329.2393996,-337,-344.7606004,-352.5212008,-360.2818011,-368.0424015,-375.8030019,-383.5636023,-391.3242026,-399.084803
7030,134.0829268,23.70731707,5.780487805,-7.024390244,-14.70731707,-17.26829268,-32.63414634,-42.87804878,-53.12195122,-63.36585366,-73.6097561,-83.85365854,-94.09756098,-104.3414634,-112.1134146,-119.8853659,-127.6573171,-135.4292683,-143.2012195,-150.9731707,-158.745122,-166.5170732,-174.2890244,-182.0609756,-189.8329268,-197.604878,-205.3768293,-213.1487805,-220.9207317,-228.6926829,-236.4646341,-244.2365854,-252.0085366,-259.7804878,-267.552439,-275.3243902,-283.0963415,-290.8682927,-298.6402439,-306.4121951,-314.1841463,-321.9560976,-329.7280488,-337.5,-345.2719512,-353.0439024,-360.8158537,-368.5878049,-376.3597561,-384.1317073,-391.9036585,-399.6756098
7040,134.2749531,23.73545966,5.782363977,-7.041275797,-14.73545966,-17.30018762,-32.68855535,-42.94746717,-53.20637899,-63.46529081,-73.72420263,-83.98311445,-94.24202627,-104.5009381,-112.2842402,-120.0675422,-127.8508443,-135.6341463,-143.4174484,-151.2007505,-158.9840525,-166.7673546,-174.5506567,-182.3339587,-190.1172608,-197.9005629,-205.6838649,-213.467167,-221.250469,-229.0337711,-236.8170732,-244.6003752,-252.3836773,-260.1669794,-267.9502814,-275.7335835,-283.5168856,-291.3001876,-299.0834897,-306.8667917,-314.6500938,-322.4333959,-330.2166979,-338,-345.7833021,-353.5666041,-361.3499062,-369.1332083,-376.9165103,-384.6998124,-392.4831144,-400.2664165
7050,134.4669794,23.76360225,5.78424015,-7.058161351,-14.76360225,-17.33208255,-32.74296435,-43.01688555,-53.29080675,-63.56472795,-73.83864916,-84.11257036,-94.38649156,-104.6604128,-112.4550657,-120.2497186,-128.0443715,-135.8390244,-143.6336773,-151.4283302,-159.2229831,-167.017636,-174.8122889,-182.6069418,-190.4015947,-198.1962477,-205.9909006,-213.7855535,-221.5802064,-229.3748593,-237.1695122,-244.9641651,-252.758818,-260.5534709,-268.3481238,-276.1427767,-283.9374296,-291.7320826,-299.5267355,-307.3213884,-315.1160413,-322.9106942,-330.7053471,-338.5,-346.2946529,-354.0893058,-361.8839587,-369.6786116,-377.4732645,-385.2679174,-393.0625704,-400.8572233
7060,134.6590056,23.79174484,5.786116323,-7.075046904,-14.79174484,-17.36397749,-32.79737336,-43.08630394,-53.37523452,-63.6641651,-73.95309568,-84.24202627,-94.53095685,-104.8198874,-112.6258912,-120.4318949,-128.2378987,-136.0439024,-143.8499062,-151.6559099,-159.4619137,-167.2679174,-175.0739212,-182.879925,-190.6859287,-198.4919325,-206.2979362,-214.10394,-221.9099437,-229.7159475,-237.5219512,-245.327955,-253.1339587,-260.9399625,-268.7459662,-276.55197,-284.3579737,-292.1639775,-299.9699812,-307.775985,-315.5819887,-323.3879925,-331.1939962,-339,-346.8060038,-354.6120075,-362.4180113,-370.224015,-378.0300188,-385.8360225,-393.6420263,-401.44803
7070,134.8510319,23.81988743,5.787992495,-7.091932458,-14.81988743,-17.39587242,-32.85178236,-43.15572233,-53.45966229,-63.76360225,-74.06754221,-84.37148218,-94.67542214,-104.9793621,-112.7967167,-120.6140713,-128.4314259,-136.2487805,-144.0661351,-151.8834897,-159.7008443,-167.5181989,-175.3355535,-183.1529081,-190.9702627,-198.7876173,-206.6049719,-214.4223265,-222.2396811,-230.0570356,-237.8743902,-245.6917448,-253.5090994,-261.326454,-269.1438086,-276.9611632,-284.7785178,-292.5958724,-300.413227,-308.2305816,-316.0479362,-323.8652908,-331.6826454,-339.5,-347.3173546,-355.1347092,-362.9520638,-370.7694184,-378.586773,-386.4041276,-394.2214822,-402.0388368
7080,135.0430582,23.84803002,5.789868668,-7.108818011,-14.84803002,-17.42776735,-32.90619137,-43.22514071,-53.54409006,-63.8630394,-74.18198874,-84.50093809,-94.81988743,-105.1388368,-112.9675422,-120.7962477,-128.6249531,-136.4536585,-144.282364,-152.1110694,-159.9397749,-167.7684803,-175.5971857,-183.4258912,-191.2545966,-199.0833021,-206.9120075,-214.7407129,-222.5694184,-230.3981238,-238.2268293,-246.0555347,-253.8842402,-261.7129456,-269.541651,-277.3703565,-285.1990619,-293.0277674,-300.8564728,-308.6851782,-316.5138837,-324.3425891,-332.1712946,-340,-347.8287054,-355.6574109,-363.4861163,-371.3148218,-379.1435272,-386.9722326,-394.8009381,-402.6296435
7090,135.2350844,23.87617261,5.791744841,-7.125703565,-14.87617261,-17.45966229,-32.96060038,-43.2945591,-53.62851782,-63.96247655,-74.29643527,-84.630394,-94.96435272,-105.2983114,-113.1383677,-120.978424,-128.8184803,-136.6585366,-144.4985929,-152.3386492,-160.1787054,-168.0187617,-175.858818,-183.6988743,-191.5389306,-199.3789869,-207.2190432,-215.0590994,-222.8991557,-230.739212,-238.5792683,-246.4193246,-254.2593809,-262.0994371,-269.9394934,-277.7795497,-285.619606,-293.4596623,-301.2997186,-309.1397749,-316.9798311,-324.8198874,-332.6599437,-340.5,-348.3400563,-356.1801126,-364.0201689,-371.8602251,-379.7002814,-387.5403377,-395.380394,-403.2204503
7100,135.4271107,23.9043152,5.793621013,-7.142589118,-14.9043152,-17.49155722,-33.01500938,-43.36397749,-53.71294559,-64.0619137,-74.4108818,-84.75984991,-95.10881801,-105.4577861,-113.3091932,-121.1606004,-129.0120075,-136.8634146,-144.7148218,-152.5662289,-160.417636,-168.2690432,-176.1204503,-183.9718574,-191.8232645,-199.6746717,-207.5260788,-215.3774859,-223.2288931,-231.0803002,-238.9317073,-246.7831144,-254.6345216,-262.4859287,-270.3373358,-278.188743,-286.0401501,-293.8915572,-301.7429644,-309.5943715,-317.4457786,-325.2971857,-333.1485929,-341,-348.8514071,-356.7028143,-364.5542214,-372.4056285,-380.2570356,-388.1084428,-395.9598499,-403.811257
7110,135.619137,23.93245779,5.795497186,-7.159474672,-14.93245779,-17.52345216,-33.06941839,-43.43339587,-53.79737336,-64.16135084,-74.52532833,-84.88930582,-95.2532833,-105.6172608,-113.4800188,-121.3427767,-129.2055347,-137.0682927,-144.9310507,-152.7938086,-160.6565666,-168.5193246,-176.3820826,-184.2448405,-192.1075985,-199.9703565,-207.8331144,-215.6958724,-223.5586304,-231.4213884,-239.2841463,-247.1469043,-255.0096623,-262.8724203,-270.7351782,-278.5979362,-286.4606942,-294.3234522,-302.1862101,-310.0489681,-317.9117261,-325.7744841,-333.637242,-341.5,-349.362758,-357.2255159,-365.0882739,-372.9510319,-380.8137899,-388.6765478,-396.5393058,-404.4020638
7120,135.8111632,23.96060038,5.797373358,-7.176360225,-14.96060038,-17.55534709,-33.12382739,-43.50281426,-53.88180113,-64.26078799,-74.63977486,-85.01876173,-95.39774859,-105.7767355,-113.6508443,-121.5249531,-129.3990619,-137.2731707,-145.1472795,-153.0213884,-160.8954972,-168.769606,-176.6437148,-184.5178236,-192.3919325,-200.2660413,-208.1401501,-216.0142589,-223.8883677,-231.7624765,-239.6365854,-247.5106942,-255.384803,-263.2589118,-271.1330206,-279.0071295,-286.8812383,-294.7553471,-302.6294559,-310.5035647,-318.3776735,-326.2517824,-334.1258912,-342,-349.8741088,-357.7482176,-365.6223265,-373.4964353,-381.3705441,-389.2446529,-397.1187617,-404.9928705
7130,136.0031895,23.98874296,5.799249531,-7.193245779,-14.98874296,-17.58724203,-33.1782364,-43.57223265,-53.96622889,-64.36022514,-74.75422139,-85.14821764,-95.54221388,-105.9362101,-113.8216698,-121.7071295,-129.5925891,-137.4780488,-145.3635084,-153.2489681,-161.1344278,-169.0198874,-176.9053471,-184.7908068,-192.6762664,-200.5617261,-208.4471857,-216.3326454,-224.2181051,-232.1035647,-239.9890244,-247.8744841,-255.7599437,-263.6454034,-271.530863,-279.4163227,-287.3017824,-295.187242,-303.0727017,-310.9581614,-318.843621,-326.7290807,-334.6145403,-342.5,-350.3854597,-358.2709193,-366.156379,-374.0418386,-381.9272983,-389.812758,-397.6982176,-405.5836773
7140,136.1952158,24.01688555,5.801125704,-7.210131332,-15.01688555,-17.61913696,-33.2326454,-43.64165103,-54.05065666,-64.45966229,-74.86866792,-85.27767355,-95.68667917,-106.0956848,-113.9924953,-121.8893058,-129.7861163,-137.6829268,-145.5797373,-153.4765478,-161.3733583,-169.2701689,-177.1669794,-185.0637899,-192.9606004,-200.8574109,-208.7542214,-216.6510319,-224.5478424,-232.4446529,-240.3414634,-248.2382739,-256.1350844,-264.0318949,-271.9287054,-279.8255159,-287.7223265,-295.619137,-303.5159475,-311.412758,-319.3095685,-327.206379,-335.1031895,-343,-350.8968105,-358.793621,-366.6904315,-374.587242,-382.4840525,-390.380863,-398.2776735,-406.1744841
7150,136.387242,24.04502814,5.803001876,-7.227016886,-15.04502814,-17.65103189,-33.28705441,-43.71106942,-54.13508443,-64.55909944,-74.98311445,-85.40712946,-95.83114447,-106.2551595,-114.1633208,-122.0714822,-129.9796435,-137.8878049,-145.7959662,-153.7041276,-161.6122889,-169.5204503,-177.4286116,-185.336773,-193.2449343,-201.1530957,-209.061257,-216.9694184,-224.8775797,-232.7857411,-240.6939024,-248.6020638,-256.5102251,-264.4183865,-272.3265478,-280.2347092,-288.1428705,-296.0510319,-303.9591932,-311.8673546,-319.7755159,-327.6836773,-335.5918386,-343.5,-351.4081614,-359.3163227,-367.2244841,-375.1326454,-383.0408068,-390.9489681,-398.8571295,-406.7652908
7160,136.5792683,24.07317073,5.804878049,-7.243902439,-15.07317073,-17.68292683,-33.34146341,-43.7804878,-54.2195122,-64.65853659,-75.09756098,-85.53658537,-95.97560976,-106.4146341,-114.3341463,-122.2536585,-130.1731707,-138.0926829,-146.0121951,-153.9317073,-161.8512195,-169.7707317,-177.6902439,-185.6097561,-193.5292683,-201.4487805,-209.3682927,-217.2878049,-225.2073171,-233.1268293,-241.0463415,-248.9658537,-256.8853659,-264.804878,-272.7243902,-280.6439024,-288.5634146,-296.4829268,-304.402439,-312.3219512,-320.2414634,-328.1609756,-336.0804878,-344,-351.9195122,-359.8390244,-367.7585366,-375.6780488,-383.597561,-391.5170732,-399.4365854,-407.3560976
7170,136.7712946,24.10131332,5.806754221,-7.260787992,-15.10131332,-17.71482176,-33.39587242,-43.84990619,-54.30393996,-64.75797373,-75.2120075,-85.66604128,-96.12007505,-106.5741088,-114.5049719,-122.4358349,-130.3666979,-138.297561,-146.228424,-154.1592871,-162.0901501,-170.0210131,-177.9518762,-185.8827392,-193.8136023,-201.7444653,-209.6753283,-217.6061914,-225.5370544,-233.4679174,-241.3987805,-249.3296435,-257.2605066,-265.1913696,-273.1222326,-281.0530957,-288.9839587,-296.9148218,-304.8456848,-312.7765478,-320.7074109,-328.6382739,-336.569137,-344.5,-352.430863,-360.3617261,-368.2925891,-376.2234522,-384.1543152,-392.0851782,-400.0160413,-407.9469043
7180,136.9633208,24.12945591,5.808630394,-7.277673546,-15.12945591,-17.7467167,-33.45028143,-43.91932458,-54.38836773,-64.85741088,-75.32645403,-85.79549719,-96.26454034,-106.7335835,-114.6757974,-122.6180113,-130.5602251,-138.502439,-146.4446529,-154.3868668,-162.3290807,-170.2712946,-178.2135084,-186.1557223,-194.0979362,-202.0401501,-209.982364,-217.9245779,-225.8667917,-233.8090056,-241.7512195,-249.6934334,-257.6356473,-265.5778612,-273.520075,-281.4622889,-289.4045028,-297.3467167,-305.2889306,-313.2311445,-321.1733583,-329.1155722,-337.0577861,-345,-352.9422139,-360.8844278,-368.8266417,-376.7688555,-384.7110694,-392.6532833,-400.5954972,-408.5377111
7190,137.1553471,24.1575985,5.810506567,-7.294559099,-15.1575985,-17.77861163,-33.50469043,-43.98874296,-54.4727955,-64.95684803,-75.44090056,-85.9249531,-96.40900563,-106.8930582,-114.8466229,-122.8001876,-130.7537523,-138.7073171,-146.6608818,-154.6144465,-162.5680113,-170.521576,-178.4751407,-186.4287054,-194.3822702,-202.3358349,-210.2893996,-218.2429644,-226.1965291,-234.1500938,-242.1036585,-250.0572233,-258.010788,-265.9643527,-273.9179174,-281.8714822,-289.8250469,-297.7786116,-305.7321764,-313.6857411,-321.6393058,-329.5928705,-337.5464353,-345.5,-353.4535647,-361.4071295,-369.3606942,-377.3142589,-385.2678236,-393.2213884,-401.1749531,-409.1285178
7200,137.3473734,24.18574109,5.812382739,-7.311444653,-15.18574109,-17.81050657,-33.55909944,-44.05816135,-54.55722326,-65.05628518,-75.55534709,-86.05440901,-96.55347092,-107.0525328,-115.0174484,-122.982364,-130.9472795,-138.9121951,-146.8771107,-154.8420263,-162.8069418,-170.7718574,-178.736773,-186.7016886,-194.6666041,-202.6315197,-210.5964353,-218.5613508,-226.5262664,-234.491182,-242.4560976,-250.4210131,-258.3859287,-266.3508443,-274.3157598,-282.2806754,-290.245591,-298.2105066,-306.1754221,-314.1403377,-322.1052533,-330.0701689,-338.0350844,-346,-353.9649156,-361.9298311,-369.8947467,-377.8596623,-385.8245779,-393.7894934,-401.754409,-409.7193246
7210,137.5393996,24.21388368,5.814258912,-7.328330206,-15.21388368,-17.8424015,-33.61350844,-44.12757974,-54.64165103,-65.15572233,-75.66979362,-86.18386492,-96.69793621,-107.2120075,-115.1882739,-123.1645403,-131.1408068,-139.1170732,-147.0933396,-155.069606,-163.0458724,-171.0221388,-178.9984053,-186.9746717,-194.9509381,-202.9272045,-210.9034709,-218.8797373,-226.8560038,-234.8322702,-242.8085366,-250.784803,-258.7610694,-266.7373358,-274.7136023,-282.6898687,-290.6661351,-298.6424015,-306.6186679,-314.5949343,-322.5712008,-330.5474672,-338.5237336,-346.5,-354.4762664,-362.4525328,-370.4287992,-378.4050657,-386.3813321,-394.3575985,-402.3338649,-410.3101313
7220,137.7314259,24.24202627,5.816135084,-7.34521576,-15.24202627,-17.87429644,-33.66791745,-44.19699812,-54.7260788,-65.25515947,-75.78424015,-86.31332083,-96.8424015,-107.3714822,-115.3590994,-123.3467167,-131.334334,-139.3219512,-147.3095685,-155.2971857,-163.284803,-171.2724203,-179.2600375,-187.2476548,-195.235272,-203.2228893,-211.2105066,-219.1981238,-227.1857411,-235.1733583,-243.1609756,-251.1485929,-259.1362101,-267.1238274,-275.1114447,-283.0990619,-291.0866792,-299.0742964,-307.0619137,-315.049531,-323.0371482,-331.0247655,-339.0123827,-347,-354.9876173,-362.9752345,-370.9628518,-378.950469,-386.9380863,-394.9257036,-402.9133208,-410.9009381
7230,137.9234522,24.27016886,5.818011257,-7.362101313,-15.27016886,-17.90619137,-33.72232645,-44.26641651,-54.81050657,-65.35459662,-75.89868668,-86.44277674,-96.98686679,-107.5309568,-115.529925,-123.5288931,-131.5278612,-139.5268293,-147.5257974,-155.5247655,-163.5237336,-171.5227017,-179.5216698,-187.5206379,-195.519606,-203.5185741,-211.5175422,-219.5165103,-227.5154784,-235.5144465,-243.5134146,-251.5123827,-259.5113508,-267.5103189,-275.5092871,-283.5082552,-291.5072233,-299.5061914,-307.5051595,-315.5041276,-323.5030957,-331.5020638,-339.5010319,-347.5,-355.4989681,-363.4979362,-371.4969043,-379.4958724,-387.4948405,-395.4938086,-403.4927767,-411.4917448
7240,138.1154784,24.29831144,5.81988743,-7.378986867,-15.29831144,-17.9380863,-33.77673546,-44.3358349,-54.89493433,-65.45403377,-76.01313321,-86.57223265,-97.13133208,-107.6904315,-115.7007505,-123.7110694,-131.7213884,-139.7317073,-147.7420263,-155.7523452,-163.7626642,-171.7729831,-179.7833021,-187.793621,-195.80394,-203.8142589,-211.8245779,-219.8348968,-227.8452158,-235.8555347,-243.8658537,-251.8761726,-259.8864916,-267.8968105,-275.9071295,-283.9174484,-291.9277674,-299.9380863,-307.9484053,-315.9587242,-323.9690432,-331.9793621,-339.9896811,-348,-356.0103189,-364.0206379,-372.0309568,-380.0412758,-388.0515947,-396.0619137,-404.0722326,-412.0825516
7250,138.3075047,24.32645403,5.821763602,-7.39587242,-15.32645403,-17.96998124,-33.83114447,-44.40525328,-54.9793621,-65.55347092,-76.12757974,-86.70168856,-97.27579737,-107.8499062,-115.871576,-123.8932458,-131.9149156,-139.9365854,-147.9582552,-155.979925,-164.0015947,-172.0232645,-180.0449343,-188.0666041,-196.0882739,-204.1099437,-212.1316135,-220.1532833,-228.1749531,-236.1966229,-244.2182927,-252.2399625,-260.2616323,-268.2833021,-276.3049719,-284.3266417,-292.3483114,-300.3699812,-308.391651,-316.4133208,-324.4349906,-332.4566604,-340.4783302,-348.5,-356.5216698,-364.5433396,-372.5650094,-380.5866792,-388.608349,-396.6300188,-404.6516886,-412.6733583
7260,138.499531,24.35459662,5.823639775,-7.412757974,-15.35459662,-18.00187617,-33.88555347,-44.47467167,-55.06378987,-65.65290807,-76.24202627,-86.83114447,-97.42026266,-108.0093809,-116.0424015,-124.0754221,-132.1084428,-140.1414634,-148.1744841,-156.2075047,-164.2405253,-172.273546,-180.3065666,-188.3395872,-196.3726079,-204.4056285,-212.4386492,-220.4716698,-228.5046904,-236.5377111,-244.5707317,-252.6037523,-260.636773,-268.6697936,-276.7028143,-284.7358349,-292.7688555,-300.8018762,-308.8348968,-316.8679174,-324.9009381,-332.9339587,-340.9669794,-349,-357.0330206,-365.0660413,-373.0990619,-381.1320826,-389.1651032,-397.1981238,-405.2311445,-413.2641651
7270,138.6915572,24.38273921,5.825515947,-7.429643527,-15.38273921,-18.03377111,-33.93996248,-44.54409006,-55.14821764,-65.75234522,-76.3564728,-86.96060038,-97.56472795,-108.1688555,-116.213227,-124.2575985,-132.30197,-140.3463415,-148.3907129,-156.4350844,-164.4794559,-172.5238274,-180.5681989,-188.6125704,-196.6569418,-204.7013133,-212.7456848,-220.7900563,-228.8344278,-236.8787992,-244.9231707,-252.9675422,-261.0119137,-269.0562852,-277.1006567,-285.1450281,-293.1893996,-301.2337711,-309.2781426,-317.3225141,-325.3668856,-333.411257,-341.4556285,-349.5,-357.5443715,-365.588743,-373.6331144,-381.6774859,-389.7218574,-397.7662289,-405.8106004,-413.8549719
7280,138.8835835,24.4108818,5.82739212,-7.446529081,-15.4108818,-18.06566604,-33.99437148,-44.61350844,-55.2326454,-65.85178236,-76.47091932,-87.09005629,-97.70919325,-108.3283302,-116.3840525,-124.4397749,-132.4954972,-140.5512195,-148.6069418,-156.6626642,-164.7183865,-172.7741088,-180.8298311,-188.8855535,-196.9412758,-204.9969981,-213.0527205,-221.1084428,-229.1641651,-237.2198874,-245.2756098,-253.3313321,-261.3870544,-269.4427767,-277.4984991,-285.5542214,-293.6099437,-301.665666,-309.7213884,-317.7771107,-325.832833,-333.8885553,-341.9442777,-350,-358.0557223,-366.1114447,-374.167167,-382.2228893,-390.2786116,-398.334334,-406.3900563,-414.4457786
7290,139.0756098,24.43902439,5.829268293,-7.463414634,-15.43902439,-18.09756098,-34.04878049,-44.68292683,-55.31707317,-65.95121951,-76.58536585,-87.2195122,-97.85365854,-108.4878049,-116.554878,-124.6219512,-132.6890244,-140.7560976,-148.8231707,-156.8902439,-164.9573171,-173.0243902,-181.0914634,-189.1585366,-197.2256098,-205.2926829,-213.3597561,-221.4268293,-229.4939024,-237.5609756,-245.6280488,-253.695122,-261.7621951,-269.8292683,-277.8963415,-285.9634146,-294.0304878,-302.097561,-310.1646341,-318.2317073,-326.2987805,-334.3658537,-342.4329268,-350.5,-358.5670732,-366.6341463,-374.7012195,-382.7682927,-390.8353659,-398.902439,-406.9695122,-415.0365854
7300,139.267636,24.46716698,5.831144465,-7.480300188,-15.46716698,-18.12945591,-34.10318949,-44.75234522,-55.40150094,-66.05065666,-76.69981238,-87.34896811,-97.99812383,-108.6472795,-116.7257036,-124.8041276,-132.8825516,-140.9609756,-149.0393996,-157.1178236,-165.1962477,-173.2746717,-181.3530957,-189.4315197,-197.5099437,-205.5883677,-213.6667917,-221.7452158,-229.8236398,-237.9020638,-245.9804878,-254.0589118,-262.1373358,-270.2157598,-278.2941839,-286.3726079,-294.4510319,-302.5294559,-310.6078799,-318.6863039,-326.764728,-334.843152,-342.921576,-351,-359.078424,-367.156848,-375.235272,-383.3136961,-391.3921201,-399.4705441,-407.5489681,-415.6273921
7310,139.4596623,24.49530957,5.833020638,-7.497185741,-15.49530957,-18.16135084,-34.1575985,-44.8217636,-55.48592871,-66.15009381,-76.81425891,-87.47842402,-98.14258912,-108.8067542,-116.8965291,-124.9863039,-133.0760788,-141.1658537,-149.2556285,-157.3454034,-165.4351782,-173.5249531,-181.614728,-189.7045028,-197.7942777,-205.8840525,-213.9738274,-222.0636023,-230.1533771,-238.243152,-246.3329268,-254.4227017,-262.5124765,-270.6022514,-278.6920263,-286.7818011,-294.871576,-302.9613508,-311.0511257,-319.1409006,-327.2306754,-335.3204503,-343.4102251,-351.5,-359.5897749,-367.6795497,-375.7693246,-383.8590994,-391.9488743,-400.0386492,-408.128424,-416.2181989
7320,139.6516886,24.52345216,5.834896811,-7.514071295,-15.52345216,-18.19324578,-34.2120075,-44.89118199,-55.57035647,-66.24953096,-76.92870544,-87.60787992,-98.28705441,-108.9662289,-117.0673546,-125.1684803,-133.269606,-141.3707317,-149.4718574,-157.5729831,-165.6741088,-173.7752345,-181.8763602,-189.9774859,-198.0786116,-206.1797373,-214.280863,-222.3819887,-230.4831144,-238.5842402,-246.6853659,-254.7864916,-262.8876173,-270.988743,-279.0898687,-287.1909944,-295.2921201,-303.3932458,-311.4943715,-319.5954972,-327.6966229,-335.7977486,-343.8988743,-352,-360.1011257,-368.2022514,-376.3033771,-384.4045028,-392.5056285,-400.6067542,-408.7078799,-416.8090056
7330,139.8437148,24.55159475,5.836772983,-7.530956848,-15.55159475,-18.22514071,-34.26641651,-44.96060038,-55.65478424,-66.34896811,-77.04315197,-87.73733583,-98.4315197,-109.1257036,-117.2381801,-125.3506567,-133.4631332,-141.5756098,-149.6880863,-157.8005629,-165.9130394,-174.0255159,-182.1379925,-190.250469,-198.3629456,-206.4754221,-214.5878987,-222.7003752,-230.8128518,-238.9253283,-247.0378049,-255.1502814,-263.262758,-271.3752345,-279.4877111,-287.6001876,-295.7126642,-303.8251407,-311.9376173,-320.0500938,-328.1625704,-336.2750469,-344.3875235,-352.5,-360.6124765,-368.7249531,-376.8374296,-384.9499062,-393.0623827,-401.1748593,-409.2873358,-417.3998124
7340,140.0357411,24.57973734,5.838649156,-7.547842402,-15.57973734,-18.25703565,-34.32082552,-45.03001876,-55.73921201,-66.44840525,-77.1575985,-87.86679174,-98.57598499,-109.2851782,-117.4090056,-125.532833,-133.6566604,-141.7804878,-149.9043152,-158.0281426,-166.15197,-174.2757974,-182.3996248,-190.5234522,-198.6472795,-206.7711069,-214.8949343,-223.0187617,-231.1425891,-239.2664165,-247.3902439,-255.5140713,-263.6378987,-271.7617261,-279.8855535,-288.0093809,-296.1332083,-304.2570356,-312.380863,-320.5046904,-328.6285178,-336.7523452,-344.8761726,-353,-361.1238274,-369.2476548,-377.3714822,-385.4953096,-393.619137,-401.7429644,-409.8667917,-417.9906191
7350,140.2277674,24.60787992,5.840525328,-7.564727955,-15.60787992,-18.28893058,-34.37523452,-45.09943715,-55.82363977,-66.5478424,-77.27204503,-87.99624765,-98.72045028,-109.4446529,-117.5798311,-125.7150094,-133.8501876,-141.9853659,-150.1205441,-158.2557223,-166.3909006,-174.5260788,-182.661257,-190.7964353,-198.9316135,-207.0667917,-215.20197,-223.3371482,-231.4723265,-239.6075047,-247.7426829,-255.8778612,-264.0130394,-272.1482176,-280.2833959,-288.4185741,-296.5537523,-304.6889306,-312.8241088,-320.9592871,-329.0944653,-337.2296435,-345.3648218,-353.5,-361.6351782,-369.7703565,-377.9055347,-386.0407129,-394.1758912,-402.3110694,-410.4462477,-418.5814259
7360,140.4197936,24.63602251,5.842401501,-7.581613508,-15.63602251,-18.32082552,-34.42964353,-45.16885553,-55.90806754,-66.64727955,-77.38649156,-88.12570356,-98.86491557,-109.6041276,-117.7506567,-125.8971857,-134.0437148,-142.1902439,-150.336773,-158.4833021,-166.6298311,-174.7763602,-182.9228893,-191.0694184,-199.2159475,-207.3624765,-215.5090056,-223.6555347,-231.8020638,-239.9485929,-248.095122,-256.241651,-264.3881801,-272.5347092,-280.6812383,-288.8277674,-296.9742964,-305.1208255,-313.2673546,-321.4138837,-329.5604128,-337.7069418,-345.8534709,-354,-362.1465291,-370.2930582,-378.4395872,-386.5861163,-394.7326454,-402.8791745,-411.0257036,-419.1722326
7370,140.6118199,24.6641651,5.844277674,-7.598499062,-15.6641651,-18.35272045,-34.48405253,-45.23827392,-55.99249531,-66.7467167,-77.50093809,-88.25515947,-99.00938086,-109.7636023,-117.9214822,-126.0793621,-134.237242,-142.395122,-150.5530019,-158.7108818,-166.8687617,-175.0266417,-183.1845216,-191.3424015,-199.5002814,-207.6581614,-215.8160413,-223.9739212,-232.1318011,-240.2896811,-248.447561,-256.6054409,-264.7633208,-272.9212008,-281.0790807,-289.2369606,-297.3948405,-305.5527205,-313.7106004,-321.8684803,-330.0263602,-338.1842402,-346.3421201,-354.5,-362.6578799,-370.8157598,-378.9736398,-387.1315197,-395.2893996,-403.4472795,-411.6051595,-419.7630394
7380,140.8038462,24.69230769,5.846153846,-7.615384615,-15.69230769,-18.38461538,-34.53846154,-45.30769231,-56.07692308,-66.84615385,-77.61538462,-88.38461538,-99.15384615,-109.9230769,-118.0923077,-126.2615385,-134.4307692,-142.6,-150.7692308,-158.9384615,-167.1076923,-175.2769231,-183.4461538,-191.6153846,-199.7846154,-207.9538462,-216.1230769,-224.2923077,-232.4615385,-240.6307692,-248.8,-256.9692308,-265.1384615,-273.3076923,-281.4769231,-289.6461538,-297.8153846,-305.9846154,-314.1538462,-322.3230769,-330.4923077,-338.6615385,-346.8307692,-355,-363.1692308,-371.3384615,-379.5076923,-387.6769231,-395.8461538,-404.0153846,-412.1846154,-420.3538462
7390,140.9958724,24.72045028,5.848030019,-7.632270169,-15.72045028,-18.41651032,-34.59287054,-45.37711069,-56.16135084,-66.94559099,-77.72983114,-88.51407129,-99.29831144,-110.0825516,-118.2631332,-126.4437148,-134.6242964,-142.804878,-150.9854597,-159.1660413,-167.3466229,-175.5272045,-183.7077861,-191.8883677,-200.0689493,-208.249531,-216.4301126,-224.6106942,-232.7912758,-240.9718574,-249.152439,-257.3330206,-265.5136023,-273.6941839,-281.8747655,-290.0553471,-298.2359287,-306.4165103,-314.5970919,-322.7776735,-330.9582552,-339.1388368,-347.3194184,-355.5,-363.6805816,-371.8611632,-380.0417448,-388.2223265,-396.4029081,-404.5834897,-412.7640713,-420.9446529
7400,141.1878987,24.74859287,5.849906191,-7.649155722,-15.74859287,-18.44840525,-34.64727955,-45.44652908,-56.24577861,-67.04502814,-77.84427767,-88.6435272,-99.44277674,-110.2420263,-118.4339587,-126.6258912,-134.8178236,-143.0097561,-151.2016886,-159.393621,-167.5855535,-175.7774859,-183.9694184,-192.1613508,-200.3532833,-208.5452158,-216.7371482,-224.9290807,-233.1210131,-241.3129456,-249.504878,-257.6968105,-265.888743,-274.0806754,-282.2726079,-290.4645403,-298.6564728,-306.8484053,-315.0403377,-323.2322702,-331.4242026,-339.6161351,-347.8080675,-356,-364.1919325,-372.3838649,-380.5757974,-388.7677298,-396.9596623,-405.1515947,-413.3435272,-421.5354597
7410,141.379925,24.77673546,5.851782364,-7.666041276,-15.77673546,-18.48030019,-34.70168856,-45.51594747,-56.33020638,-67.14446529,-77.9587242,-88.77298311,-99.58724203,-110.4015009,-118.6047842,-126.8080675,-135.0113508,-143.2146341,-151.4179174,-159.6212008,-167.8244841,-176.0277674,-184.2310507,-192.434334,-200.6376173,-208.8409006,-217.0441839,-225.2474672,-233.4507505,-241.6540338,-249.8573171,-258.0606004,-266.2638837,-274.467167,-282.6704503,-290.8737336,-299.0770169,-307.2803002,-315.4835835,-323.6868668,-331.8901501,-340.0934334,-348.2967167,-356.5,-364.7032833,-372.9065666,-381.1098499,-389.3131332,-397.5164165,-405.7196998,-413.9229831,-422.1262664
7420,141.5719512,24.80487805,5.853658537,-7.682926829,-15.80487805,-18.51219512,-34.75609756,-45.58536585,-56.41463415,-67.24390244,-78.07317073,-88.90243902,-99.73170732,-110.5609756,-118.7756098,-126.9902439,-135.204878,-143.4195122,-151.6341463,-159.8487805,-168.0634146,-176.2780488,-184.4926829,-192.7073171,-200.9219512,-209.1365854,-217.3512195,-225.5658537,-233.7804878,-241.995122,-250.2097561,-258.4243902,-266.6390244,-274.8536585,-283.0682927,-291.2829268,-299.497561,-307.7121951,-315.9268293,-324.1414634,-332.3560976,-340.5707317,-348.7853659,-357,-365.2146341,-373.4292683,-381.6439024,-389.8585366,-398.0731707,-406.2878049,-414.502439,-422.7170732
7430,141.7639775,24.83302064,5.855534709,-7.699812383,-15.83302064,-18.54409006,-34.81050657,-45.65478424,-56.49906191,-67.34333959,-78.18761726,-89.03189493,-99.87617261,-110.7204503,-118.9464353,-127.1724203,-135.3984053,-143.6243902,-151.8503752,-160.0763602,-168.3023452,-176.5283302,-184.7543152,-192.9803002,-201.2062852,-209.4322702,-217.6582552,-225.8842402,-234.1102251,-242.3362101,-250.5621951,-258.7881801,-267.0141651,-275.2401501,-283.4661351,-291.6921201,-299.9181051,-308.1440901,-316.370075,-324.59606,-332.822045,-341.04803,-349.274015,-357.5,-365.725985,-373.95197,-382.177955,-390.40394,-398.629925,-406.8559099,-415.0818949,-423.3078799
7440,141.9560038,24.86116323,5.857410882,-7.716697936,-15.86116323,-18.57598499,-34.86491557,-45.72420263,-56.58348968,-67.44277674,-78.30206379,-89.16135084,-100.0206379,-110.879925,-119.1172608,-127.3545966,-135.5919325,-143.8292683,-152.0666041,-160.30394,-168.5412758,-176.7786116,-185.0159475,-193.2532833,-201.4906191,-209.727955,-217.9652908,-226.2026266,-234.4399625,-242.6772983,-250.9146341,-259.15197,-267.3893058,-275.6266417,-283.8639775,-292.1013133,-300.3386492,-308.575985,-316.8133208,-325.0506567,-333.2879925,-341.5253283,-349.7626642,-358,-366.2373358,-374.4746717,-382.7120075,-390.9493433,-399.1866792,-407.424015,-415.6613508,-423.8986867
7450,142.14803,24.88930582,5.859287054,-7.73358349,-15.88930582,-18.60787992,-34.91932458,-45.79362101,-56.66791745,-67.54221388,-78.41651032,-89.29080675,-100.1651032,-111.0393996,-119.2880863,-127.536773,-135.7854597,-144.0341463,-152.282833,-160.5315197,-168.7802064,-177.0288931,-185.2775797,-193.5262664,-201.7749531,-210.0236398,-218.2723265,-226.5210131,-234.7696998,-243.0183865,-251.2670732,-259.5157598,-267.7644465,-276.0131332,-284.2618199,-292.5105066,-300.7591932,-309.0078799,-317.2565666,-325.5052533,-333.75394,-342.0026266,-350.2513133,-358.5,-366.7486867,-374.9973734,-383.24606,-391.4947467,-399.7434334,-407.9921201,-416.2408068,-424.4894934
7460,142.3400563,24.91744841,5.861163227,-7.750469043,-15.91744841,-18.63977486,-34.97373358,-45.8630394,-56.75234522,-67.64165103,-78.53095685,-89.42026266,-100.3095685,-111.1988743,-119.4589118,-127.7189493,-135.9789869,-144.2390244,-152.4990619,-160.7590994,-169.019137,-177.2791745,-185.539212,-193.7992495,-202.0592871,-210.3193246,-218.5793621,-226.8393996,-235.0994371,-243.3594747,-251.6195122,-259.8795497,-268.1395872,-276.3996248,-284.6596623,-292.9196998,-301.1797373,-309.4397749,-317.6998124,-325.9598499,-334.2198874,-342.479925,-350.7399625,-359,-367.2600375,-375.520075,-383.7801126,-392.0401501,-400.3001876,-408.5602251,-416.8202627,-425.0803002
7470,142.5320826,24.94559099,5.8630394,-7.767354597,-15.94559099,-18.67166979,-35.02814259,-45.93245779,-56.83677298,-67.74108818,-78.64540338,-89.54971857,-100.4540338,-111.358349,-119.6297373,-127.9011257,-136.1725141,-144.4439024,-152.7152908,-160.9866792,-169.2580675,-177.5294559,-185.8008443,-194.0722326,-202.343621,-210.6150094,-218.8863977,-227.1577861,-235.4291745,-243.7005629,-251.9719512,-260.2433396,-268.514728,-276.7861163,-285.0575047,-293.3288931,-301.6002814,-309.8716698,-318.1430582,-326.4144465,-334.6858349,-342.9572233,-351.2286116,-359.5,-367.7713884,-376.0427767,-384.3141651,-392.5855535,-400.8569418,-409.1283302,-417.3997186,-425.6711069
7480,142.7241088,24.97373358,5.864915572,-7.78424015,-15.97373358,-18.70356473,-35.08255159,-46.00187617,-56.92120075,-67.84052533,-78.75984991,-89.67917448,-100.5984991,-111.5178236,-119.8005629,-128.0833021,-136.3660413,-144.6487805,-152.9315197,-161.2142589,-169.4969981,-177.7797373,-186.0624765,-194.3452158,-202.627955,-210.9106942,-219.1934334,-227.4761726,-235.7589118,-244.041651,-252.3243902,-260.6071295,-268.8898687,-277.1726079,-285.4553471,-293.7380863,-302.0208255,-310.3035647,-318.5863039,-326.8690432,-335.1517824,-343.4345216,-351.7172608,-360,-368.2827392,-376.5654784,-384.8482176,-393.1309568,-401.4136961,-409.6964353,-417.9791745,-426.2619137
7490,142.9161351,25.00187617,5.866791745,-7.801125704,-16.00187617,-18.73545966,-35.1369606,-46.07129456,-57.00562852,-67.93996248,-78.87429644,-89.80863039,-100.7429644,-111.6772983,-119.9713884,-128.2654784,-136.5595685,-144.8536585,-153.1477486,-161.4418386,-169.7359287,-178.0300188,-186.3241088,-194.6181989,-202.9122889,-211.206379,-219.500469,-227.7945591,-236.0886492,-244.3827392,-252.6768293,-260.9709193,-269.2650094,-277.5590994,-285.8531895,-294.1472795,-302.4413696,-310.7354597,-319.0295497,-327.3236398,-335.6177298,-343.9118199,-352.2059099,-360.5,-368.7940901,-377.0881801,-385.3822702,-393.6763602,-401.9704503,-410.2645403,-418.5586304,-426.8527205
7500,143.1081614,25.03001876,5.868667917,-7.818011257,-16.03001876,-18.7673546,-35.19136961,-46.14071295,-57.09005629,-68.03939962,-78.98874296,-89.9380863,-100.8874296,-111.836773,-120.1422139,-128.4476548,-136.7530957,-145.0585366,-153.3639775,-161.6694184,-169.9748593,-178.2803002,-186.5857411,-194.891182,-203.1966229,-211.5020638,-219.8075047,-228.1129456,-236.4183865,-244.7238274,-253.0292683,-261.3347092,-269.6401501,-277.945591,-286.2510319,-294.5564728,-302.8619137,-311.1673546,-319.4727955,-327.7782364,-336.0836773,-344.3891182,-352.6945591,-361,-369.3054409,-377.6108818,-385.9163227,-394.2217636,-402.5272045,-410.8326454,-419.1380863,-427.4435272
7510,143.3001876,25.05816135,5.87054409,-7.834896811,-16.05816135,-18.79924953,-35.24577861,-46.21013133,-57.17448405,-68.13883677,-79.10318949,-90.06754221,-101.0318949,-111.9962477,-120.3130394,-128.6298311,-136.9466229,-145.2634146,-153.5802064,-161.8969981,-170.2137899,-178.5305816,-186.8473734,-195.1641651,-203.4809568,-211.7977486,-220.1145403,-228.4313321,-236.7481238,-245.0649156,-253.3817073,-261.6984991,-270.0152908,-278.3320826,-286.6488743,-294.965666,-303.2824578,-311.5992495,-319.9160413,-328.232833,-336.5496248,-344.8664165,-353.1832083,-361.5,-369.8167917,-378.1335835,-386.4503752,-394.767167,-403.0839587,-411.4007505,-419.7175422,-428.034334
7520,143.4922139,25.08630394,5.872420263,-7.851782364,-16.08630394,-18.83114447,-35.30018762,-46.27954972,-57.25891182,-68.23827392,-79.21763602,-90.19699812,-101.1763602,-112.1557223,-120.4838649,-128.8120075,-137.1401501,-145.4682927,-153.7964353,-162.1245779,-170.4527205,-178.780863,-187.1090056,-195.4371482,-203.7652908,-212.0934334,-220.421576,-228.7497186,-237.0778612,-245.4060038,-253.7341463,-262.0622889,-270.3904315,-278.7185741,-287.0467167,-295.3748593,-303.7030019,-312.0311445,-320.3592871,-328.6874296,-337.0155722,-345.3437148,-353.6718574,-362,-370.3281426,-378.6562852,-386.9844278,-395.3125704,-403.6407129,-411.9688555,-420.2969981,-428.6251407
7530,143.6842402,25.11444653,5.874296435,-7.868667917,-16.11444653,-18.8630394,-35.35459662,-46.34896811,-57.34333959,-68.33771107,-79.33208255,-90.32645403,-101.3208255,-112.315197,-120.6546904,-128.9941839,-137.3336773,-145.6731707,-154.0126642,-162.3521576,-170.691651,-179.0311445,-187.3706379,-195.7101313,-204.0496248,-212.3891182,-220.7286116,-229.0681051,-237.4075985,-245.7470919,-254.0865854,-262.4260788,-270.7655722,-279.1050657,-287.4445591,-295.7840525,-304.123546,-312.4630394,-320.8025328,-329.1420263,-337.4815197,-345.8210131,-354.1605066,-362.5,-370.8394934,-379.1789869,-387.5184803,-395.8579737,-404.1974672,-412.5369606,-420.876454,-429.2159475
7540,143.8762664,25.14258912,5.876172608,-7.885553471,-16.14258912,-18.89493433,-35.40900563,-46.41838649,-57.42776735,-68.43714822,-79.44652908,-90.45590994,-101.4652908,-112.4746717,-120.8255159,-129.1763602,-137.5272045,-145.8780488,-154.2288931,-162.5797373,-170.9305816,-179.2814259,-187.6322702,-195.9831144,-204.3339587,-212.684803,-221.0356473,-229.3864916,-237.7373358,-246.0881801,-254.4390244,-262.7898687,-271.1407129,-279.4915572,-287.8424015,-296.1932458,-304.5440901,-312.8949343,-321.2457786,-329.5966229,-337.9474672,-346.2983114,-354.6491557,-363,-371.3508443,-379.7016886,-388.0525328,-396.4033771,-404.7542214,-413.1050657,-421.4559099,-429.8067542
7550,144.0682927,25.17073171,5.87804878,-7.902439024,-16.17073171,-18.92682927,-35.46341463,-46.48780488,-57.51219512,-68.53658537,-79.56097561,-90.58536585,-101.6097561,-112.6341463,-120.9963415,-129.3585366,-137.7207317,-146.0829268,-154.445122,-162.8073171,-171.1695122,-179.5317073,-187.8939024,-196.2560976,-204.6182927,-212.9804878,-221.3426829,-229.704878,-238.0670732,-246.4292683,-254.7914634,-263.1536585,-271.5158537,-279.8780488,-288.2402439,-296.602439,-304.9646341,-313.3268293,-321.6890244,-330.0512195,-338.4134146,-346.7756098,-355.1378049,-363.5,-371.8621951,-380.2243902,-388.5865854,-396.9487805,-405.3109756,-413.6731707,-422.0353659,-430.397561
7560,144.2603189,25.1988743,5.879924953,-7.919324578,-16.1988743,-18.9587242,-35.51782364,-46.55722326,-57.59662289,-68.63602251,-79.67542214,-90.71482176,-101.7542214,-112.793621,-121.167167,-129.5407129,-137.9142589,-146.2878049,-154.6613508,-163.0348968,-171.4084428,-179.7819887,-188.1555347,-196.5290807,-204.9026266,-213.2761726,-221.6497186,-230.0232645,-238.3968105,-246.7703565,-255.1439024,-263.5174484,-271.8909944,-280.2645403,-288.6380863,-297.0116323,-305.3851782,-313.7587242,-322.1322702,-330.5058161,-338.8793621,-347.2529081,-355.626454,-364,-372.373546,-380.7470919,-389.1206379,-397.4941839,-405.8677298,-414.2412758,-422.6148218,-430.9883677
7570,144.4523452,25.22701689,5.881801126,-7.936210131,-16.22701689,-18.99061914,-35.57223265,-46.62664165,-57.68105066,-68.73545966,-79.78986867,-90.84427767,-101.8986867,-112.9530957,-121.3379925,-129.7228893,-138.1077861,-146.4926829,-154.8775797,-163.2624765,-171.6473734,-180.0322702,-188.417167,-196.8020638,-205.1869606,-213.5718574,-221.9567542,-230.341651,-238.7265478,-247.1114447,-255.4963415,-263.8812383,-272.2661351,-280.6510319,-289.0359287,-297.4208255,-305.8057223,-314.1906191,-322.5755159,-330.9604128,-339.3453096,-347.7302064,-356.1151032,-364.5,-372.8848968,-381.2697936,-389.6546904,-398.0395872,-406.4244841,-414.8093809,-423.1942777,-431.5791745
7580,144.6443715,25.25515947,5.883677298,-7.953095685,-16.25515947,-19.02251407,-35.62664165,-46.69606004,-57.76547842,-68.83489681,-79.9043152,-90.97373358,-102.043152,-113.1125704,-121.508818,-129.9050657,-138.3013133,-146.697561,-155.0938086,-163.4900563,-171.8863039,-180.2825516,-188.6787992,-197.0750469,-205.4712946,-213.8675422,-222.2637899,-230.6600375,-239.0562852,-247.4525328,-255.8487805,-264.2450281,-272.6412758,-281.0375235,-289.4337711,-297.8300188,-306.2262664,-314.6225141,-323.0187617,-331.4150094,-339.811257,-348.2075047,-356.6037523,-365,-373.3962477,-381.7924953,-390.188743,-398.5849906,-406.9812383,-415.3774859,-423.7737336,-432.1699812
7590,144.8363977,25.28330206,5.885553471,-7.969981238,-16.28330206,-19.05440901,-35.68105066,-46.76547842,-57.84990619,-68.93433396,-80.01876173,-91.10318949,-102.1876173,-113.272045,-121.6796435,-130.087242,-138.4948405,-146.902439,-155.3100375,-163.717636,-172.1252345,-180.532833,-188.9404315,-197.34803,-205.7556285,-214.163227,-222.5708255,-230.978424,-239.3860225,-247.793621,-256.2012195,-264.608818,-273.0164165,-281.424015,-289.8316135,-298.239212,-306.6468105,-315.054409,-323.4620075,-331.869606,-340.2772045,-348.684803,-357.0924015,-365.5,-373.9075985,-382.315197,-390.7227955,-399.130394,-407.5379925,-415.945591,-424.3531895,-432.760788
7600,145.028424,25.31144465,5.887429644,-7.986866792,-16.31144465,-19.08630394,-35.73545966,-46.83489681,-57.93433396,-69.03377111,-80.13320826,-91.2326454,-102.3320826,-113.4315197,-121.850469,-130.2694184,-138.6883677,-147.1073171,-155.5262664,-163.9452158,-172.3641651,-180.7831144,-189.2020638,-197.6210131,-206.0399625,-214.4589118,-222.8778612,-231.2968105,-239.7157598,-248.1347092,-256.5536585,-264.9726079,-273.3915572,-281.8105066,-290.2294559,-298.6484053,-307.0673546,-315.4863039,-323.9052533,-332.3242026,-340.743152,-349.1621013,-357.5810507,-366,-374.4189493,-382.8378987,-391.256848,-399.6757974,-408.0947467,-416.5136961,-424.9326454,-433.3515947
7610,145.2204503,25.33958724,5.889305816,-8.003752345,-16.33958724,-19.11819887,-35.78986867,-46.9043152,-58.01876173,-69.13320826,-80.24765478,-91.36210131,-102.4765478,-113.5909944,-122.0212946,-130.4515947,-138.8818949,-147.3121951,-155.7424953,-164.1727955,-172.6030957,-181.0333959,-189.4636961,-197.8939962,-206.3242964,-214.7545966,-223.1848968,-231.615197,-240.0454972,-248.4757974,-256.9060976,-265.3363977,-273.7666979,-282.1969981,-290.6272983,-299.0575985,-307.4878987,-315.9181989,-324.3484991,-332.7787992,-341.2090994,-349.6393996,-358.0696998,-366.5,-374.9303002,-383.3606004,-391.7909006,-400.2212008,-408.6515009,-417.0818011,-425.5121013,-433.9424015
7620,145.4124765,25.36772983,5.891181989,-8.020637899,-16.36772983,-19.15009381,-35.84427767,-46.97373358,-58.10318949,-69.2326454,-80.36210131,-91.49155722,-102.6210131,-113.750469,-122.1921201,-130.6337711,-139.0754221,-147.5170732,-155.9587242,-164.4003752,-172.8420263,-181.2836773,-189.7253283,-198.1669794,-206.6086304,-215.0502814,-223.4919325,-231.9335835,-240.3752345,-248.8168856,-257.2585366,-265.7001876,-274.1418386,-282.5834897,-291.0251407,-299.4667917,-307.9084428,-316.3500938,-324.7917448,-333.2333959,-341.6750469,-350.1166979,-358.558349,-367,-375.441651,-383.8833021,-392.3249531,-400.7666041,-409.2082552,-417.6499062,-426.0915572,-434.5332083
7630,145.6045028,25.39587242,5.893058161,-8.037523452,-16.39587242,-19.18198874,-35.89868668,-47.04315197,-58.18761726,-69.33208255,-80.47654784,-91.62101313,-102.7654784,-113.9099437,-122.3629456,-130.8159475,-139.2689493,-147.7219512,-156.1749531,-164.627955,-173.0809568,-181.5339587,-189.9869606,-198.4399625,-206.8929644,-215.3459662,-223.7989681,-232.25197,-240.7049719,-249.1579737,-257.6109756,-266.0639775,-274.5169794,-282.9699812,-291.4229831,-299.875985,-308.3289869,-316.7819887,-325.2349906,-333.6879925,-342.1409944,-350.5939962,-359.0469981,-367.5,-375.9530019,-384.4060038,-392.8590056,-401.3120075,-409.7650094,-418.2180113,-426.6710131,-435.124015
7640,145.7965291,25.42401501,5.894934334,-8.054409006,-16.42401501,-19.21388368,-35.95309568,-47.11257036,-58.27204503,-69.4315197,-80.59099437,-91.75046904,-102.9099437,-114.0694184,-122.5337711,-130.9981238,-139.4624765,-147.9268293,-156.391182,-164.8555347,-173.3198874,-181.7842402,-190.2485929,-198.7129456,-207.1772983,-215.641651,-224.1060038,-232.5703565,-241.0347092,-249.4990619,-257.9634146,-266.4277674,-274.8921201,-283.3564728,-291.8208255,-300.2851782,-308.749531,-317.2138837,-325.6782364,-334.1425891,-342.6069418,-351.0712946,-359.5356473,-368,-376.4643527,-384.9287054,-393.3930582,-401.8574109,-410.3217636,-418.7861163,-427.250469,-435.7148218
7650,145.9885553,25.4521576,5.896810507,-8.071294559,-16.4521576,-19.24577861,-36.00750469,-47.18198874,-58.3564728,-69.53095685,-80.7054409,-91.87992495,-103.054409,-114.2288931,-122.7045966,-131.1803002,-139.6560038,-148.1317073,-156.6074109,-165.0831144,-173.558818,-182.0345216,-190.5102251,-198.9859287,-207.4616323,-215.9373358,-224.4130394,-232.888743,-241.3644465,-249.8401501,-258.3158537,-266.7915572,-275.2672608,-283.7429644,-292.2186679,-300.6943715,-309.170075,-317.6457786,-326.1214822,-334.5971857,-343.0728893,-351.5485929,-360.0242964,-368.5,-376.9757036,-385.4514071,-393.9271107,-402.4028143,-410.8785178,-419.3542214,-427.829925,-436.3056285
7660,146.1805816,25.48030019,5.898686679,-8.088180113,-16.48030019,-19.27767355,-36.0619137,-47.25140713,-58.44090056,-69.630394,-80.81988743,-92.00938086,-103.1988743,-114.3883677,-122.8754221,-131.3624765,-139.849531,-148.3365854,-156.8236398,-165.3106942,-173.7977486,-182.284803,-190.7718574,-199.2589118,-207.7459662,-216.2330206,-224.720075,-233.2071295,-241.6941839,-250.1812383,-258.6682927,-267.1553471,-275.6424015,-284.1294559,-292.6165103,-301.1035647,-309.5906191,-318.0776735,-326.564728,-335.0517824,-343.5388368,-352.0258912,-360.5129456,-369,-377.4870544,-385.9741088,-394.4611632,-402.9482176,-411.435272,-419.9223265,-428.4093809,-436.8964353
7670,146.3726079,25.50844278,5.900562852,-8.105065666,-16.50844278,-19.30956848,-36.1163227,-47.32082552,-58.52532833,-69.72983114,-80.93433396,-92.13883677,-103.3433396,-114.5478424,-123.0462477,-131.5446529,-140.0430582,-148.5414634,-157.0398687,-165.5382739,-174.0366792,-182.5350844,-191.0334897,-199.5318949,-208.0303002,-216.5287054,-225.0271107,-233.5255159,-242.0239212,-250.5223265,-259.0207317,-267.519137,-276.0175422,-284.5159475,-293.0143527,-301.512758,-310.0111632,-318.5095685,-327.0079737,-335.506379,-344.0047842,-352.5031895,-361.0015947,-369.5,-377.9984053,-386.4968105,-394.9952158,-403.493621,-411.9920263,-420.4904315,-428.9888368,-437.487242
7680,146.5646341,25.53658537,5.902439024,-8.12195122,-16.53658537,-19.34146341,-36.17073171,-47.3902439,-58.6097561,-69.82926829,-81.04878049,-92.26829268,-103.4878049,-114.7073171,-123.2170732,-131.7268293,-140.2365854,-148.7463415,-157.2560976,-165.7658537,-174.2756098,-182.7853659,-191.295122,-199.804878,-208.3146341,-216.8243902,-225.3341463,-233.8439024,-242.3536585,-250.8634146,-259.3731707,-267.8829268,-276.3926829,-284.902439,-293.4121951,-301.9219512,-310.4317073,-318.9414634,-327.4512195,-335.9609756,-344.4707317,-352.9804878,-361.4902439,-370,-378.5097561,-387.0195122,-395.5292683,-404.0390244,-412.5487805,-421.0585366,-429.5682927,-438.0780488
7690,146.7566604,25.56472795,5.904315197,-8.138836773,-16.56472795,-19.37335835,-36.22514071,-47.45966229,-58.69418386,-69.92870544,-81.16322702,-92.39774859,-103.6322702,-114.8667917,-123.3878987,-131.9090056,-140.4301126,-148.9512195,-157.4723265,-165.9934334,-174.5145403,-183.0356473,-191.5567542,-200.0778612,-208.5989681,-217.120075,-225.641182,-234.1622889,-242.6833959,-251.2045028,-259.7256098,-268.2467167,-276.7678236,-285.2889306,-293.8100375,-302.3311445,-310.8522514,-319.3733583,-327.8944653,-336.4155722,-344.9366792,-353.4577861,-361.9788931,-370.5,-379.0211069,-387.5422139,-396.0633208,-404.5844278,-413.1055347,-421.6266417,-430.1477486,-438.6688555
7700,146.9486867,25.59287054,5.90619137,-8.155722326,-16.59287054,-19.40525328,-36.27954972,-47.52908068,-58.77861163,-70.02814259,-81.27767355,-92.5272045,-103.7767355,-115.0262664,-123.5587242,-132.091182,-140.6236398,-149.1560976,-157.6885553,-166.2210131,-174.7534709,-183.2859287,-191.8183865,-200.3508443,-208.8833021,-217.4157598,-225.9482176,-234.4806754,-243.0131332,-251.545591,-260.0780488,-268.6105066,-277.1429644,-285.6754221,-294.2078799,-302.7403377,-311.2727955,-319.8052533,-328.3377111,-336.8701689,-345.4026266,-353.9350844,-362.4675422,-371,-379.5324578,-388.0649156,-396.5973734,-405.1298311,-413.6622889,-422.1947467,-430.7272045,-439.2596623
7710,147.1407129,25.62101313,5.908067542,-8.17260788,-16.62101313,-19.43714822,-36.33395872,-47.59849906,-58.8630394,-70.12757974,-81.39212008,-92.65666041,-103.9212008,-115.1857411,-123.7295497,-132.2733583,-140.817167,-149.3609756,-157.9047842,-166.4485929,-174.9924015,-183.5362101,-192.0800188,-200.6238274,-209.167636,-217.7114447,-226.2552533,-234.7990619,-243.3428705,-251.8866792,-260.4304878,-268.9742964,-277.5181051,-286.0619137,-294.6057223,-303.149531,-311.6933396,-320.2371482,-328.7809568,-337.3247655,-345.8685741,-354.4123827,-362.9561914,-371.5,-380.0438086,-388.5876173,-397.1314259,-405.6752345,-414.2190432,-422.7628518,-431.3066604,-439.850469
7720,147.3327392,25.64915572,5.909943715,-8.189493433,-16.64915572,-19.46904315,-36.38836773,-47.66791745,-58.94746717,-70.22701689,-81.5065666,-92.78611632,-104.065666,-115.3452158,-123.9003752,-132.4555347,-141.0106942,-149.5658537,-158.1210131,-166.6761726,-175.2313321,-183.7864916,-192.341651,-200.8968105,-209.45197,-218.0071295,-226.5622889,-235.1174484,-243.6726079,-252.2277674,-260.7829268,-269.3380863,-277.8932458,-286.4484053,-295.0035647,-303.5587242,-312.1138837,-320.6690432,-329.2242026,-337.7793621,-346.3345216,-354.8896811,-363.4448405,-372,-380.5551595,-389.1103189,-397.6654784,-406.2206379,-414.7757974,-423.3309568,-431.8861163,-440.4412758
7730,147.5247655,25.67729831,5.911819887,-8.206378987,-16.67729831,-19.50093809,-36.44277674,-47.73733583,-59.03189493,-70.32645403,-81.62101313,-92.91557223,-104.2101313,-115.5046904,-124.0712008,-132.6377111,-141.2042214,-149.7707317,-158.337242,-166.9037523,-175.4702627,-184.036773,-192.6032833,-201.1697936,-209.7363039,-218.3028143,-226.8693246,-235.4358349,-244.0023452,-252.5688555,-261.1353659,-269.7018762,-278.2683865,-286.8348968,-295.4014071,-303.9679174,-312.5344278,-321.1009381,-329.6674484,-338.2339587,-346.800469,-355.3669794,-363.9334897,-372.5,-381.0665103,-389.6330206,-398.199531,-406.7660413,-415.3325516,-423.8990619,-432.4655722,-441.0320826
7740,147.7167917,25.7054409,5.91369606,-8.22326454,-16.7054409,-19.53283302,-36.49718574,-47.80675422,-59.1163227,-70.42589118,-81.73545966,-93.04502814,-104.3545966,-115.6641651,-124.2420263,-132.8198874,-141.3977486,-149.9756098,-158.5534709,-167.1313321,-175.7091932,-184.2870544,-192.8649156,-201.4427767,-210.0206379,-218.5984991,-227.1763602,-235.7542214,-244.3320826,-252.9099437,-261.4878049,-270.065666,-278.6435272,-287.2213884,-295.7992495,-304.3771107,-312.9549719,-321.532833,-330.1106942,-338.6885553,-347.2664165,-355.8442777,-364.4221388,-373,-381.5778612,-390.1557223,-398.7335835,-407.3114447,-415.8893058,-424.467167,-433.0450281,-441.6228893
7750,147.908818,25.73358349,5.915572233,-8.240150094,-16.73358349,-19.56472795,-36.55159475,-47.87617261,-59.20075047,-70.52532833,-81.84990619,-93.17448405,-104.4990619,-115.8236398,-124.4128518,-133.0020638,-141.5912758,-150.1804878,-158.7696998,-167.3589118,-175.9481238,-184.5373358,-193.1265478,-201.7157598,-210.3049719,-218.8941839,-227.4833959,-236.0726079,-244.6618199,-253.2510319,-261.8402439,-270.4294559,-279.0186679,-287.6078799,-296.1970919,-304.7863039,-313.3755159,-321.964728,-330.55394,-339.143152,-347.732364,-356.321576,-364.910788,-373.5,-382.089212,-390.678424,-399.267636,-407.856848,-416.44606,-425.035272,-433.6244841,-442.2136961
7760,148.1008443,25.76172608,5.917448405,-8.257035647,-16.76172608,-19.59662289,-36.60600375,-47.94559099,-59.28517824,-70.62476548,-81.96435272,-93.30393996,-104.6435272,-115.9831144,-124.5836773,-133.1842402,-141.784803,-150.3853659,-158.9859287,-167.5864916,-176.1870544,-184.7876173,-193.3881801,-201.988743,-210.5893058,-219.1898687,-227.7904315,-236.3909944,-244.9915572,-253.5921201,-262.1926829,-270.7932458,-279.3938086,-287.9943715,-296.5949343,-305.1954972,-313.79606,-322.3966229,-330.9971857,-339.5977486,-348.1983114,-356.7988743,-365.3994371,-374,-382.6005629,-391.2011257,-399.8016886,-408.4022514,-417.0028143,-425.6033771,-434.20394,-442.8045028
7770,148.2928705,25.78986867,5.919324578,-8.273921201,-16.78986867,-19.62851782,-36.66041276,-48.01500938,-59.369606,-70.72420263,-82.07879925,-93.43339587,-104.7879925,-116.1425891,-124.7545028,-133.3664165,-141.9783302,-150.5902439,-159.2021576,-167.8140713,-176.425985,-185.0378987,-193.6498124,-202.2617261,-210.8736398,-219.4855535,-228.0974672,-236.7093809,-245.3212946,-253.9332083,-262.545122,-271.1570356,-279.7689493,-288.380863,-296.9927767,-305.6046904,-314.2166041,-322.8285178,-331.4404315,-340.0523452,-348.6642589,-357.2761726,-365.8880863,-374.5,-383.1119137,-391.7238274,-400.3357411,-408.9476548,-417.5595685,-426.1714822,-434.7833959,-443.3953096
7780,148.4848968,25.81801126,5.92120075,-8.290806754,-16.81801126,-19.66041276,-36.71482176,-48.08442777,-59.45403377,-70.82363977,-82.19324578,-93.56285178,-104.9324578,-116.3020638,-124.9253283,-133.5485929,-142.1718574,-150.795122,-159.4183865,-168.041651,-176.6649156,-185.2881801,-193.9114447,-202.5347092,-211.1579737,-219.7812383,-228.4045028,-237.0277674,-245.6510319,-254.2742964,-262.897561,-271.5208255,-280.1440901,-288.7673546,-297.3906191,-306.0138837,-314.6371482,-323.2604128,-331.8836773,-340.5069418,-349.1302064,-357.7534709,-366.3767355,-375,-383.6232645,-392.2465291,-400.8697936,-409.4930582,-418.1163227,-426.7395872,-435.3628518,-443.9861163
7790,148.6769231,25.84615385,5.923076923,-8.307692308,-16.84615385,-19.69230769,-36.76923077,-48.15384615,-59.53846154,-70.92307692,-82.30769231,-93.69230769,-105.0769231,-116.4615385,-125.0961538,-133.7307692,-142.3653846,-151,-159.6346154,-168.2692308,-176.9038462,-185.5384615,-194.1730769,-202.8076923,-211.4423077,-220.0769231,-228.7115385,-237.3461538,-245.9807692,-254.6153846,-263.25,-271.8846154,-280.5192308,-289.1538462,-297.7884615,-306.4230769,-315.0576923,-323.6923077,-332.3269231,-340.9615385,-349.5961538,-358.2307692,-366.8653846,-375.5,-384.1346154,-392.7692308,-401.4038462,-410.0384615,-418.6730769,-427.3076923,-435.9423077,-444.5769231
7800,148.8689493,25.87429644,5.924953096,-8.324577861,-16.87429644,-19.72420263,-36.82363977,-48.22326454,-59.62288931,-71.02251407,-82.42213884,-93.8217636,-105.2213884,-116.6210131,-125.2669794,-133.9129456,-142.5589118,-151.204878,-159.8508443,-168.4968105,-177.1427767,-185.788743,-194.4347092,-203.0806754,-211.7266417,-220.3726079,-229.0185741,-237.6645403,-246.3105066,-254.9564728,-263.602439,-272.2484053,-280.8943715,-289.5403377,-298.1863039,-306.8322702,-315.4782364,-324.1242026,-332.7701689,-341.4161351,-350.0621013,-358.7080675,-367.3540338,-376,-384.6459662,-393.2919325,-401.9378987,-410.5838649,-419.2298311,-427.8757974,-436.5217636,-445.1677298
7810,149.0609756,25.90243902,5.926829268,-8.341463415,-16.90243902,-19.75609756,-36.87804878,-48.29268293,-59.70731707,-71.12195122,-82.53658537,-93.95121951,-105.3658537,-116.7804878,-125.4378049,-134.095122,-142.752439,-151.4097561,-160.0670732,-168.7243902,-177.3817073,-186.0390244,-194.6963415,-203.3536585,-212.0109756,-220.6682927,-229.3256098,-237.9829268,-246.6402439,-255.297561,-263.954878,-272.6121951,-281.2695122,-289.9268293,-298.5841463,-307.2414634,-315.8987805,-324.5560976,-333.2134146,-341.8707317,-350.5280488,-359.1853659,-367.8426829,-376.5,-385.1573171,-393.8146341,-402.4719512,-411.1292683,-419.7865854,-428.4439024,-437.1012195,-445.7585366
7820,149.2530019,25.93058161,5.928705441,-8.358348968,-16.93058161,-19.7879925,-36.93245779,-48.36210131,-59.79174484,-71.22138837,-82.65103189,-94.08067542,-105.5103189,-116.9399625,-125.6086304,-134.2772983,-142.9459662,-151.6146341,-160.2833021,-168.95197,-177.6206379,-186.2893058,-194.9579737,-203.6266417,-212.2953096,-220.9639775,-229.6326454,-238.3013133,-246.9699812,-255.6386492,-264.3073171,-272.975985,-281.6446529,-290.3133208,-298.9819887,-307.6506567,-316.3193246,-324.9879925,-333.6566604,-342.3253283,-350.9939962,-359.6626642,-368.3313321,-377,-385.6686679,-394.3373358,-403.0060038,-411.6746717,-420.3433396,-429.0120075,-437.6806754,-446.3493433
7830,149.4450281,25.9587242,5.930581614,-8.375234522,-16.9587242,-19.81988743,-36.98686679,-48.4315197,-59.87617261,-71.32082552,-82.76547842,-94.21013133,-105.6547842,-117.0994371,-125.7794559,-134.4594747,-143.1394934,-151.8195122,-160.499531,-169.1795497,-177.8595685,-186.5395872,-195.219606,-203.8996248,-212.5796435,-221.2596623,-229.9396811,-238.6196998,-247.2997186,-255.9797373,-264.6597561,-273.3397749,-282.0197936,-290.6998124,-299.3798311,-308.0598499,-316.7398687,-325.4198874,-334.0999062,-342.779925,-351.4599437,-360.1399625,-368.8199812,-377.5,-386.1800188,-394.8600375,-403.5400563,-412.220075,-420.9000938,-429.5801126,-438.2601313,-446.9401501
7840,149.6370544,25.98686679,5.932457786,-8.392120075,-16.98686679,-19.85178236,-37.0412758,-48.50093809,-59.96060038,-71.42026266,-82.87992495,-94.33958724,-105.7992495,-117.2589118,-125.9502814,-134.641651,-143.3330206,-152.0243902,-160.7157598,-169.4071295,-178.0984991,-186.7898687,-195.4812383,-204.1726079,-212.8639775,-221.5553471,-230.2467167,-238.9380863,-247.6294559,-256.3208255,-265.0121951,-273.7035647,-282.3949343,-291.0863039,-299.7776735,-308.4690432,-317.1604128,-325.8517824,-334.543152,-343.2345216,-351.9258912,-360.6172608,-369.3086304,-378,-386.6913696,-395.3827392,-404.0741088,-412.7654784,-421.456848,-430.1482176,-438.8395872,-447.5309568
7850,149.8290807,26.01500938,5.934333959,-8.409005629,-17.01500938,-19.8836773,-37.0956848,-48.57035647,-60.04502814,-71.51969981,-82.99437148,-94.46904315,-105.9437148,-117.4183865,-126.1211069,-134.8238274,-143.5265478,-152.2292683,-160.9319887,-169.6347092,-178.3374296,-187.0401501,-195.7428705,-204.445591,-213.1483114,-221.8510319,-230.5537523,-239.2564728,-247.9591932,-256.6619137,-265.3646341,-274.0673546,-282.770075,-291.4727955,-300.1755159,-308.8782364,-317.5809568,-326.2836773,-334.9863977,-343.6891182,-352.3918386,-361.0945591,-369.7972795,-378.5,-387.2027205,-395.9054409,-404.6081614,-413.3108818,-422.0136023,-430.7163227,-439.4190432,-448.1217636
7860,150.0211069,26.04315197,5.936210131,-8.425891182,-17.04315197,-19.91557223,-37.15009381,-48.63977486,-60.12945591,-71.61913696,-83.10881801,-94.59849906,-106.0881801,-117.5778612,-126.2919325,-135.0060038,-143.720075,-152.4341463,-161.1482176,-169.8622889,-178.5763602,-187.2904315,-196.0045028,-204.7185741,-213.4326454,-222.1467167,-230.860788,-239.5748593,-248.2889306,-257.0030019,-265.7170732,-274.4311445,-283.1452158,-291.8592871,-300.5733583,-309.2874296,-318.0015009,-326.7155722,-335.4296435,-344.1437148,-352.8577861,-361.5718574,-370.2859287,-379,-387.7140713,-396.4281426,-405.1422139,-413.8562852,-422.5703565,-431.2844278,-439.9984991,-448.7125704
7870,150.2131332,26.07129456,5.938086304,-8.442776735,-17.07129456,-19.94746717,-37.20450281,-48.70919325,-60.21388368,-71.71857411,-83.22326454,-94.72795497,-106.2326454,-117.7373358,-126.462758,-135.1881801,-143.9136023,-152.6390244,-161.3644465,-170.0898687,-178.8152908,-187.5407129,-196.2661351,-204.9915572,-213.7169794,-222.4424015,-231.1678236,-239.8932458,-248.6186679,-257.3440901,-266.0695122,-274.7949343,-283.5203565,-292.2457786,-300.9712008,-309.6966229,-318.422045,-327.1474672,-335.8728893,-344.5983114,-353.3237336,-362.0491557,-370.7745779,-379.5,-388.2254221,-396.9508443,-405.6762664,-414.4016886,-423.1271107,-431.8525328,-440.577955,-449.3033771
7880,150.4051595,26.09943715,5.939962477,-8.459662289,-17.09943715,-19.9793621,-37.25891182,-48.77861163,-60.29831144,-71.81801126,-83.33771107,-94.85741088,-106.3771107,-117.8968105,-126.6335835,-135.3703565,-144.1071295,-152.8439024,-161.5806754,-170.3174484,-179.0542214,-187.7909944,-196.5277674,-205.2645403,-214.0013133,-222.7380863,-231.4748593,-240.2116323,-248.9484053,-257.6851782,-266.4219512,-275.1587242,-283.8954972,-292.6322702,-301.3690432,-310.1058161,-318.8425891,-327.5793621,-336.3161351,-345.0529081,-353.7896811,-362.526454,-371.263227,-380,-388.736773,-397.473546,-406.2103189,-414.9470919,-423.6838649,-432.4206379,-441.1574109,-449.8941839
7890,150.5971857,26.12757974,5.941838649,-8.476547842,-17.12757974,-20.01125704,-37.31332083,-48.84803002,-60.38273921,-71.91744841,-83.4521576,-94.98686679,-106.521576,-118.0562852,-126.804409,-135.5525328,-144.3006567,-153.0487805,-161.7969043,-170.5450281,-179.293152,-188.0412758,-196.7893996,-205.5375235,-214.2856473,-223.0337711,-231.7818949,-240.5300188,-249.2781426,-258.0262664,-266.7743902,-275.5225141,-284.2706379,-293.0187617,-301.7668856,-310.5150094,-319.2631332,-328.011257,-336.7593809,-345.5075047,-354.2556285,-363.0037523,-371.7518762,-380.5,-389.2481238,-397.9962477,-406.7443715,-415.4924953,-424.2406191,-432.988743,-441.7368668,-450.4849906
7900,150.789212,26.15572233,5.943714822,-8.493433396,-17.15572233,-20.04315197,-37.36772983,-48.91744841,-60.46716698,-72.01688555,-83.56660413,-95.1163227,-106.6660413,-118.2157598,-126.9752345,-135.7347092,-144.4941839,-153.2536585,-162.0131332,-170.7726079,-179.5320826,-188.2915572,-197.0510319,-205.8105066,-214.5699812,-223.3294559,-232.0889306,-240.8484053,-249.6078799,-258.3673546,-267.1268293,-275.8863039,-284.6457786,-293.4052533,-302.164728,-310.9242026,-319.6836773,-328.443152,-337.2026266,-345.9621013,-354.721576,-363.4810507,-372.2405253,-381,-389.7594747,-398.5189493,-407.278424,-416.0378987,-424.7973734,-433.556848,-442.3163227,-451.0757974
7910,150.9812383,26.18386492,5.945590994,-8.510318949,-17.18386492,-20.0750469,-37.42213884,-48.98686679,-60.55159475,-72.1163227,-83.68105066,-95.24577861,-106.8105066,-118.3752345,-127.14606,-135.9168856,-144.6877111,-153.4585366,-162.2293621,-171.0001876,-179.7710131,-188.5418386,-197.3126642,-206.0834897,-214.8543152,-223.6251407,-232.3959662,-241.1667917,-249.9376173,-258.7084428,-267.4792683,-276.2500938,-285.0209193,-293.7917448,-302.5625704,-311.3333959,-320.1042214,-328.8750469,-337.6458724,-346.4166979,-355.1875235,-363.958349,-372.7291745,-381.5,-390.2708255,-399.041651,-407.8124765,-416.5833021,-425.3541276,-434.1249531,-442.8957786,-451.6666041
7920,151.1732645,26.2120075,5.947467167,-8.527204503,-17.2120075,-20.10694184,-37.47654784,-49.05628518,-60.63602251,-72.21575985,-83.79549719,-95.37523452,-106.9549719,-118.5347092,-127.3168856,-136.0990619,-144.8812383,-153.6634146,-162.445591,-171.2277674,-180.0099437,-188.7921201,-197.5742964,-206.3564728,-215.1386492,-223.9208255,-232.7030019,-241.4851782,-250.2673546,-259.049531,-267.8317073,-276.6138837,-285.39606,-294.1782364,-302.9604128,-311.7425891,-320.5247655,-329.3069418,-338.0891182,-346.8712946,-355.6534709,-364.4356473,-373.2178236,-382,-390.7821764,-399.5643527,-408.3465291,-417.1287054,-425.9108818,-434.6930582,-443.4752345,-452.2574109
7930,151.3652908,26.24015009,5.94934334,-8.544090056,-17.24015009,-20.13883677,-37.53095685,-49.12570356,-60.72045028,-72.315197,-83.90994371,-95.50469043,-107.0994371,-118.6941839,-127.4877111,-136.2812383,-145.0747655,-153.8682927,-162.6618199,-171.4553471,-180.2488743,-189.0424015,-197.8359287,-206.6294559,-215.4229831,-224.2165103,-233.0100375,-241.8035647,-250.5970919,-259.3906191,-268.1841463,-276.9776735,-285.7712008,-294.564728,-303.3582552,-312.1517824,-320.9453096,-329.7388368,-338.532364,-347.3258912,-356.1194184,-364.9129456,-373.7064728,-382.5,-391.2935272,-400.0870544,-408.8805816,-417.6741088,-426.467636,-435.2611632,-444.0546904,-452.8482176
7940,151.5573171,26.26829268,5.951219512,-8.56097561,-17.26829268,-20.17073171,-37.58536585,-49.19512195,-60.80487805,-72.41463415,-84.02439024,-95.63414634,-107.2439024,-118.8536585,-127.6585366,-136.4634146,-145.2682927,-154.0731707,-162.8780488,-171.6829268,-180.4878049,-189.2926829,-198.097561,-206.902439,-215.7073171,-224.5121951,-233.3170732,-242.1219512,-250.9268293,-259.7317073,-268.5365854,-277.3414634,-286.1463415,-294.9512195,-303.7560976,-312.5609756,-321.3658537,-330.1707317,-338.9756098,-347.7804878,-356.5853659,-365.3902439,-374.195122,-383,-391.804878,-400.6097561,-409.4146341,-418.2195122,-427.0243902,-435.8292683,-444.6341463,-453.4390244
7950,151.7493433,26.29643527,5.953095685,-8.577861163,-17.29643527,-20.20262664,-37.63977486,-49.26454034,-60.88930582,-72.51407129,-84.13883677,-95.76360225,-107.3883677,-119.0131332,-127.8293621,-136.645591,-145.4618199,-154.2780488,-163.0942777,-171.9105066,-180.7267355,-189.5429644,-198.3591932,-207.1754221,-215.991651,-224.8078799,-233.6241088,-242.4403377,-251.2565666,-260.0727955,-268.8890244,-277.7052533,-286.5214822,-295.3377111,-304.15394,-312.9701689,-321.7863977,-330.6026266,-339.4188555,-348.2350844,-357.0513133,-365.8675422,-374.6837711,-383.5,-392.3162289,-401.1324578,-409.9486867,-418.7649156,-427.5811445,-436.3973734,-445.2136023,-454.0298311
7960,151.9413696,26.32457786,5.954971857,-8.594746717,-17.32457786,-20.23452158,-37.69418386,-49.33395872,-60.97373358,-72.61350844,-84.2532833,-95.89305816,-107.532833,-119.1726079,-128.0001876,-136.8277674,-145.6553471,-154.4829268,-163.3105066,-172.1380863,-180.965666,-189.7932458,-198.6208255,-207.4484053,-216.275985,-225.1035647,-233.9311445,-242.7587242,-251.5863039,-260.4138837,-269.2414634,-278.0690432,-286.8966229,-295.7242026,-304.5517824,-313.3793621,-322.2069418,-331.0345216,-339.8621013,-348.6896811,-357.5172608,-366.3448405,-375.1724203,-384,-392.8275797,-401.6551595,-410.4827392,-419.3103189,-428.1378987,-436.9654784,-445.7930582,-454.6206379
7970,152.1333959,26.35272045,5.95684803,-8.61163227,-17.35272045,-20.26641651,-37.74859287,-49.40337711,-61.05816135,-72.71294559,-84.36772983,-96.02251407,-107.6772983,-119.3320826,-128.1710131,-137.0099437,-145.8488743,-154.6878049,-163.5267355,-172.365666,-181.2045966,-190.0435272,-198.8824578,-207.7213884,-216.5603189,-225.3992495,-234.2381801,-243.0771107,-251.9160413,-260.7549719,-269.5939024,-278.432833,-287.2717636,-296.1106942,-304.9496248,-313.7885553,-322.6274859,-331.4664165,-340.3053471,-349.1442777,-357.9832083,-366.8221388,-375.6610694,-384.5,-393.3389306,-402.1778612,-411.0167917,-419.8557223,-428.6946529,-437.5335835,-446.3725141,-455.2114447
7980,152.3254221,26.38086304,5.958724203,-8.628517824,-17.38086304,-20.29831144,-37.80300188,-49.4727955,-61.14258912,-72.81238274,-84.48217636,-96.15196998,-107.8217636,-119.4915572,-128.3418386,-137.1921201,-146.0424015,-154.8926829,-163.7429644,-172.5932458,-181.4435272,-190.2938086,-199.1440901,-207.9943715,-216.8446529,-225.6949343,-234.5452158,-243.3954972,-252.2457786,-261.09606,-269.9463415,-278.7966229,-287.6469043,-296.4971857,-305.3474672,-314.1977486,-323.04803,-331.8983114,-340.7485929,-349.5988743,-358.4491557,-367.2994371,-376.1497186,-385,-393.8502814,-402.7005629,-411.5508443,-420.4011257,-429.2514071,-438.1016886,-446.95197,-455.8022514
7990,152.5174484,26.40900563,5.960600375,-8.645403377,-17.40900563,-20.33020638,-37.85741088,-49.54221388,-61.22701689,-72.91181989,-84.59662289,-96.28142589,-107.9662289,-119.6510319,-128.5126642,-137.3742964,-146.2359287,-155.097561,-163.9591932,-172.8208255,-181.6824578,-190.5440901,-199.4057223,-208.2673546,-217.1289869,-225.9906191,-234.8522514,-243.7138837,-252.5755159,-261.4371482,-270.2987805,-279.1604128,-288.022045,-296.8836773,-305.7453096,-314.6069418,-323.4685741,-332.3302064,-341.1918386,-350.0534709,-358.9151032,-367.7767355,-376.6383677,-385.5,-394.3616323,-403.2232645,-412.0848968,-420.9465291,-429.8081614,-438.6697936,-447.5314259,-456.3930582
8000,152.7094747,26.43714822,5.962476548,-8.662288931,-17.43714822,-20.36210131,-37.91181989,-49.61163227,-61.31144465,-73.01125704,-84.71106942,-96.4108818,-108.1106942,-119.8105066,-128.6834897,-137.5564728,-146.4294559,-155.302439,-164.1754221,-173.0484053,-181.9213884,-190.7943715,-199.6673546,-208.5403377,-217.4133208,-226.2863039,-235.1592871,-244.0322702,-252.9052533,-261.7782364,-270.6512195,-279.5242026,-288.3971857,-297.2701689,-306.143152,-315.0161351,-323.8891182,-332.7621013,-341.6350844,-350.5080675,-359.3810507,-368.2540338,-377.1270169,-386,-394.8729831,-403.7459662,-412.6189493,-421.4919325,-430.3649156,-439.2378987,-448.1108818,-456.9838649
8010,152.9015009,26.46529081,5.96435272,-8.679174484,-17.46529081,-20.39399625,-37.96622889,-49.68105066,-61.39587242,-73.11069418,-84.82551595,-96.54033771,-108.2551595,-119.9699812,-128.8543152,-137.7386492,-146.6229831,-155.5073171,-164.391651,-173.275985,-182.1603189,-191.0446529,-199.9289869,-208.8133208,-217.6976548,-226.5819887,-235.4663227,-244.3506567,-253.2349906,-262.1193246,-271.0036585,-279.8879925,-288.7723265,-297.6566604,-306.5409944,-315.4253283,-324.3096623,-333.1939962,-342.0783302,-350.9626642,-359.8469981,-368.7313321,-377.615666,-386.5,-395.384334,-404.2686679,-413.1530019,-422.0373358,-430.9216698,-439.8060038,-448.6903377,-457.5746717
8020,153.0935272,26.4934334,5.966228893,-8.696060038,-17.4934334,-20.42589118,-38.0206379,-49.75046904,-61.48030019,-73.21013133,-84.93996248,-96.66979362,-108.3996248,-120.1294559,-129.0251407,-137.9208255,-146.8165103,-155.7121951,-164.6078799,-173.5035647,-182.3992495,-191.2949343,-200.1906191,-209.0863039,-217.9819887,-226.8776735,-235.7733583,-244.6690432,-253.564728,-262.4604128,-271.3560976,-280.2517824,-289.1474672,-298.043152,-306.9388368,-315.8345216,-324.7302064,-333.6258912,-342.521576,-351.4172608,-360.3129456,-369.2086304,-378.1043152,-387,-395.8956848,-404.7913696,-413.6870544,-422.5827392,-431.478424,-440.3741088,-449.2697936,-458.1654784
8030,153.2855535,26.52157598,5.968105066,-8.712945591,-17.52157598,-20.45778612,-38.0750469,-49.81988743,-61.56472795,-73.30956848,-85.05440901,-96.79924953,-108.5440901,-120.2889306,-129.1959662,-138.1030019,-147.0100375,-155.9170732,-164.8241088,-173.7311445,-182.6381801,-191.5452158,-200.4522514,-209.3592871,-218.2663227,-227.1733583,-236.080394,-244.9874296,-253.8944653,-262.8015009,-271.7085366,-280.6155722,-289.5226079,-298.4296435,-307.3366792,-316.2437148,-325.1507505,-334.0577861,-342.9648218,-351.8718574,-360.7788931,-369.6859287,-378.5929644,-387.5,-396.4070356,-405.3140713,-414.2211069,-423.1281426,-432.0351782,-440.9422139,-449.8492495,-458.7562852
8040,153.4775797,26.54971857,5.969981238,-8.729831144,-17.54971857,-20.48968105,-38.12945591,-49.88930582,-61.64915572,-73.40900563,-85.16885553,-96.92870544,-108.6885553,-120.4484053,-129.3667917,-138.2851782,-147.2035647,-156.1219512,-165.0403377,-173.9587242,-182.8771107,-191.7954972,-200.7138837,-209.6322702,-218.5506567,-227.4690432,-236.3874296,-245.3058161,-254.2242026,-263.1425891,-272.0609756,-280.9793621,-289.8977486,-298.8161351,-307.7345216,-316.6529081,-325.5712946,-334.4896811,-343.4080675,-352.326454,-361.2448405,-370.163227,-379.0816135,-388,-396.9183865,-405.836773,-414.7551595,-423.673546,-432.5919325,-441.5103189,-450.4287054,-459.3470919
8050,153.669606,26.57786116,5.971857411,-8.746716698,-17.57786116,-20.52157598,-38.18386492,-49.9587242,-61.73358349,-73.50844278,-85.28330206,-97.05816135,-108.8330206,-120.6078799,-129.5376173,-138.4673546,-147.3970919,-156.3268293,-165.2565666,-174.1863039,-183.1160413,-192.0457786,-200.9755159,-209.9052533,-218.8349906,-227.764728,-236.6944653,-245.6242026,-254.55394,-263.4836773,-272.4134146,-281.343152,-290.2728893,-299.2026266,-308.132364,-317.0621013,-325.9918386,-334.921576,-343.8513133,-352.7810507,-361.710788,-370.6405253,-379.5702627,-388.5,-397.4297373,-406.3594747,-415.289212,-424.2189493,-433.1486867,-442.078424,-451.0081614,-459.9378987
8060,153.8616323,26.60600375,5.973733583,-8.763602251,-17.60600375,-20.55347092,-38.23827392,-50.02814259,-61.81801126,-73.60787992,-85.39774859,-97.18761726,-108.9774859,-120.7673546,-129.7084428,-138.649531,-147.5906191,-156.5317073,-165.4727955,-174.4138837,-183.3549719,-192.29606,-201.2371482,-210.1782364,-219.1193246,-228.0604128,-237.0015009,-245.9425891,-254.8836773,-263.8247655,-272.7658537,-281.7069418,-290.64803,-299.5891182,-308.5302064,-317.4712946,-326.4123827,-335.3534709,-344.2945591,-353.2356473,-362.1767355,-371.1178236,-380.0589118,-389,-397.9410882,-406.8821764,-415.8232645,-424.7643527,-433.7054409,-442.6465291,-451.5876173,-460.5287054
8070,154.0536585,26.63414634,5.975609756,-8.780487805,-17.63414634,-20.58536585,-38.29268293,-50.09756098,-61.90243902,-73.70731707,-85.51219512,-97.31707317,-109.1219512,-120.9268293,-129.8792683,-138.8317073,-147.7841463,-156.7365854,-165.6890244,-174.6414634,-183.5939024,-192.5463415,-201.4987805,-210.4512195,-219.4036585,-228.3560976,-237.3085366,-246.2609756,-255.2134146,-264.1658537,-273.1182927,-282.0707317,-291.0231707,-299.9756098,-308.9280488,-317.8804878,-326.8329268,-335.7853659,-344.7378049,-353.6902439,-362.6426829,-371.595122,-380.547561,-389.5,-398.452439,-407.404878,-416.3573171,-425.3097561,-434.2621951,-443.2146341,-452.1670732,-461.1195122
8080,154.2456848,26.66228893,5.977485929,-8.797373358,-17.66228893,-20.61726079,-38.34709193,-50.16697936,-61.98686679,-73.80675422,-85.62664165,-97.44652908,-109.2664165,-121.0863039,-130.0500938,-139.0138837,-147.9776735,-156.9414634,-165.9052533,-174.8690432,-183.832833,-192.7966229,-201.7604128,-210.7242026,-219.6879925,-228.6517824,-237.6155722,-246.5793621,-255.543152,-264.5069418,-273.4707317,-282.4345216,-291.3983114,-300.3621013,-309.3258912,-318.2896811,-327.2534709,-336.2172608,-345.1810507,-354.1448405,-363.1086304,-372.0724203,-381.0362101,-390,-398.9637899,-407.9275797,-416.8913696,-425.8551595,-434.8189493,-443.7827392,-452.7465291,-461.7103189
8090,154.4377111,26.69043152,5.979362101,-8.814258912,-17.69043152,-20.64915572,-38.40150094,-50.23639775,-62.07129456,-73.90619137,-85.74108818,-97.57598499,-109.4108818,-121.2457786,-130.2209193,-139.19606,-148.1712008,-157.1463415,-166.1214822,-175.0966229,-184.0717636,-193.0469043,-202.022045,-210.9971857,-219.9723265,-228.9474672,-237.9226079,-246.8977486,-255.8728893,-264.84803,-273.8231707,-282.7983114,-291.7734522,-300.7485929,-309.7237336,-318.6988743,-327.674015,-336.6491557,-345.6242964,-354.5994371,-363.5745779,-372.5497186,-381.5248593,-390.5,-399.4751407,-408.4502814,-417.4254221,-426.4005629,-435.3757036,-444.3508443,-453.325985,-462.3011257
8100,154.6297373,26.71857411,5.981238274,-8.831144465,-17.71857411,-20.68105066,-38.45590994,-50.30581614,-62.15572233,-74.00562852,-85.85553471,-97.7054409,-109.5553471,-121.4052533,-130.3917448,-139.3782364,-148.364728,-157.3512195,-166.3377111,-175.3242026,-184.3106942,-193.2971857,-202.2836773,-211.2701689,-220.2566604,-229.243152,-238.2296435,-247.2161351,-256.2026266,-265.1891182,-274.1756098,-283.1621013,-292.1485929,-301.1350844,-310.121576,-319.1080675,-328.0945591,-337.0810507,-346.0675422,-355.0540338,-364.0405253,-373.0270169,-382.0135084,-391,-399.9864916,-408.9729831,-417.9594747,-426.9459662,-435.9324578,-444.9189493,-453.9054409,-462.8919325
8110,154.8217636,26.7467167,5.983114447,-8.848030019,-17.7467167,-20.71294559,-38.51031895,-50.37523452,-62.24015009,-74.10506567,-85.96998124,-97.83489681,-109.6998124,-121.564728,-130.5625704,-139.5604128,-148.5582552,-157.5560976,-166.55394,-175.5517824,-184.5496248,-193.5474672,-202.5453096,-211.543152,-220.5409944,-229.5388368,-238.5366792,-247.5345216,-256.532364,-265.5302064,-274.5280488,-283.5258912,-292.5237336,-301.521576,-310.5194184,-319.5172608,-328.5151032,-337.5129456,-346.510788,-355.5086304,-364.5064728,-373.5043152,-382.5021576,-391.5,-400.4978424,-409.4956848,-418.4935272,-427.4913696,-436.489212,-445.4870544,-454.4848968,-463.4827392
8120,155.0137899,26.77485929,5.984990619,-8.864915572,-17.77485929,-20.74484053,-38.56472795,-50.44465291,-62.32457786,-74.20450281,-86.08442777,-97.96435272,-109.8442777,-121.7242026,-130.7333959,-139.7425891,-148.7517824,-157.7609756,-166.7701689,-175.7793621,-184.7885553,-193.7977486,-202.8069418,-211.8161351,-220.8253283,-229.8345216,-238.8437148,-247.8529081,-256.8621013,-265.8712946,-274.8804878,-283.8896811,-292.8988743,-301.9080675,-310.9172608,-319.926454,-328.9356473,-337.9448405,-346.9540338,-355.963227,-364.9724203,-373.9816135,-382.9908068,-392,-401.0091932,-410.0183865,-419.0275797,-428.036773,-437.0459662,-446.0551595,-455.0643527,-464.073546
8130,155.2058161,26.80300188,5.986866792,-8.881801126,-17.80300188,-20.77673546,-38.61913696,-50.51407129,-62.40900563,-74.30393996,-86.1988743,-98.09380863,-109.988743,-121.8836773,-130.9042214,-139.9247655,-148.9453096,-157.9658537,-166.9863977,-176.0069418,-185.0274859,-194.04803,-203.0685741,-212.0891182,-221.1096623,-230.1302064,-239.1507505,-248.1712946,-257.1918386,-266.2123827,-275.2329268,-284.2534709,-293.274015,-302.2945591,-311.3151032,-320.3356473,-329.3561914,-338.3767355,-347.3972795,-356.4178236,-365.4383677,-374.4589118,-383.4794559,-392.5,-401.5205441,-410.5410882,-419.5616323,-428.5821764,-437.6027205,-446.6232645,-455.6438086,-464.6643527
8140,155.3978424,26.83114447,5.988742964,-8.898686679,-17.83114447,-20.80863039,-38.67354597,-50.58348968,-62.4934334,-74.40337711,-86.31332083,-98.22326454,-110.1332083,-122.043152,-131.0750469,-140.1069418,-149.1388368,-158.1707317,-167.2026266,-176.2345216,-185.2664165,-194.2983114,-203.3302064,-212.3621013,-221.3939962,-230.4258912,-239.4577861,-248.4896811,-257.521576,-266.5534709,-275.5853659,-284.6172608,-293.6491557,-302.6810507,-311.7129456,-320.7448405,-329.7767355,-338.8086304,-347.8405253,-356.8724203,-365.9043152,-374.9362101,-383.9681051,-393,-402.0318949,-411.0637899,-420.0956848,-429.1275797,-438.1594747,-447.1913696,-456.2232645,-465.2551595
8150,155.5898687,26.85928705,5.990619137,-8.915572233,-17.85928705,-20.84052533,-38.72795497,-50.65290807,-62.57786116,-74.50281426,-86.42776735,-98.35272045,-110.2776735,-122.2026266,-131.2458724,-140.2891182,-149.332364,-158.3756098,-167.4188555,-176.4621013,-185.5053471,-194.5485929,-203.5918386,-212.6350844,-221.6783302,-230.721576,-239.7648218,-248.8080675,-257.8513133,-266.8945591,-275.9378049,-284.9810507,-294.0242964,-303.0675422,-312.110788,-321.1540338,-330.1972795,-339.2405253,-348.2837711,-357.3270169,-366.3702627,-375.4135084,-384.4567542,-393.5,-402.5432458,-411.5864916,-420.6297373,-429.6729831,-438.7162289,-447.7594747,-456.8027205,-465.8459662
8160,155.7818949,26.88742964,5.99249531,-8.932457786,-17.88742964,-20.87242026,-38.78236398,-50.72232645,-62.66228893,-74.60225141,-86.54221388,-98.48217636,-110.4221388,-122.3621013,-131.4166979,-140.4712946,-149.5258912,-158.5804878,-167.6350844,-176.6896811,-185.7442777,-194.7988743,-203.8534709,-212.9080675,-221.9626642,-231.0172608,-240.0718574,-249.126454,-258.1810507,-267.2356473,-276.2902439,-285.3448405,-294.3994371,-303.4540338,-312.5086304,-321.563227,-330.6178236,-339.6724203,-348.7270169,-357.7816135,-366.8362101,-375.8908068,-384.9454034,-394,-403.0545966,-412.1091932,-421.1637899,-430.2183865,-439.2729831,-448.3275797,-457.3821764,-466.436773
8170,155.9739212,26.91557223,5.994371482,-8.94934334,-17.91557223,-20.9043152,-38.83677298,-50.79174484,-62.7467167,-74.70168856,-86.65666041,-98.61163227,-110.5666041,-122.521576,-131.5875235,-140.6534709,-149.7194184,-158.7853659,-167.8513133,-176.9172608,-185.9832083,-195.0491557,-204.1151032,-213.1810507,-222.2469981,-231.3129456,-240.3788931,-249.4448405,-258.510788,-267.5767355,-276.6426829,-285.7086304,-294.7745779,-303.8405253,-312.9064728,-321.9724203,-331.0383677,-340.1043152,-349.1702627,-358.2362101,-367.3021576,-376.3681051,-385.4340525,-394.5,-403.5659475,-412.6318949,-421.6978424,-430.7637899,-439.8297373,-448.8956848,-457.9616323,-467.0275797
8180,156.1659475,26.94371482,5.996247655,-8.966228893,-17.94371482,-20.93621013,-38.89118199,-50.86116323,-62.83114447,-74.8011257,-86.77110694,-98.74108818,-110.7110694,-122.6810507,-131.758349,-140.8356473,-149.9129456,-158.9902439,-168.0675422,-177.1448405,-186.2221388,-195.2994371,-204.3767355,-213.4540338,-222.5313321,-231.6086304,-240.6859287,-249.763227,-258.8405253,-267.9178236,-276.995122,-286.0724203,-295.1497186,-304.2270169,-313.3043152,-322.3816135,-331.4589118,-340.5362101,-349.6135084,-358.6908068,-367.7681051,-376.8454034,-385.9227017,-395,-404.0772983,-413.1545966,-422.2318949,-431.3091932,-440.3864916,-449.4637899,-458.5410882,-467.6183865
8190,156.3579737,26.97185741,5.998123827,-8.983114447,-17.97185741,-20.96810507,-38.94559099,-50.93058161,-62.91557223,-74.90056285,-86.88555347,-98.87054409,-110.8555347,-122.8405253,-131.9291745,-141.0178236,-150.1064728,-159.195122,-168.2837711,-177.3724203,-186.4610694,-195.5497186,-204.6383677,-213.7270169,-222.815666,-231.9043152,-240.9929644,-250.0816135,-259.1702627,-268.2589118,-277.347561,-286.4362101,-295.5248593,-304.6135084,-313.7021576,-322.7908068,-331.8794559,-340.9681051,-350.0567542,-359.1454034,-368.2340525,-377.3227017,-386.4113508,-395.5,-404.5886492,-413.6772983,-422.7659475,-431.8545966,-440.9432458,-450.0318949,-459.1205441,-468.2091932
8200,156.55,27,6,-9,-18,-21,-39,-51,-63,-75,-87,-99,-111,-123,-132.1,-141.2,-150.3,-159.4,-168.5,-177.6,-186.7,-195.8,-204.9,-214,-223.1,-232.2,-241.3,-250.4,-259.5,-268.6,-277.7,-286.8,-295.9,-305,-314.1,-323.2,-332.3,-341.4,-350.5,-359.6,-368.7,-377.8,-386.9,-396,-405.1,-414.2,-423.3,-432.4,-441.5,-450.6,-459.7,-468.8
8210,156.7420263,27.02814259,6.001876173,-9.016885553,-18.02814259,-21.03189493,-39.05440901,-51.06941839,-63.08442777,-75.09943715,-87.11444653,-99.12945591,-111.1444653,-123.1594747,-132.2708255,-141.3821764,-150.4935272,-159.604878,-168.7162289,-177.8275797,-186.9389306,-196.0502814,-205.1616323,-214.2729831,-223.384334,-232.4956848,-241.6070356,-250.7183865,-259.8297373,-268.9410882,-278.052439,-287.1637899,-296.2751407,-305.3864916,-314.4978424,-323.6091932,-332.7205441,-341.8318949,-350.9432458,-360.0545966,-369.1659475,-378.2772983,-387.3886492,-396.5,-405.6113508,-414.7227017,-423.8340525,-432.9454034,-442.0567542,-451.1681051,-460.2794559,-469.3908068
8220,156.9340525,27.05628518,6.003752345,-9.033771107,-18.05628518,-21.06378987,-39.10881801,-51.13883677,-63.16885553,-75.1988743,-87.22889306,-99.25891182,-111.2889306,-123.3189493,-132.441651,-141.5643527,-150.6870544,-159.8097561,-168.9324578,-178.0551595,-187.1778612,-196.3005629,-205.4232645,-214.5459662,-223.6686679,-232.7913696,-241.9140713,-251.036773,-260.1594747,-269.2821764,-278.404878,-287.5275797,-296.6502814,-305.7729831,-314.8956848,-324.0183865,-333.1410882,-342.2637899,-351.3864916,-360.5091932,-369.6318949,-378.7545966,-387.8772983,-397,-406.1227017,-415.2454034,-424.3681051,-433.4908068,-442.6135084,-451.7362101,-460.8589118,-469.9816135
8230,157.1260788,27.08442777,6.005628518,-9.05065666,-18.08442777,-21.0956848,-39.16322702,-51.20825516,-63.2532833,-75.29831144,-87.34333959,-99.38836773,-111.4333959,-123.478424,-132.6124765,-141.7465291,-150.8805816,-160.0146341,-169.1486867,-178.2827392,-187.4167917,-196.5508443,-205.6848968,-214.8189493,-223.9530019,-233.0870544,-242.2211069,-251.3551595,-260.489212,-269.6232645,-278.7573171,-287.8913696,-297.0254221,-306.1594747,-315.2935272,-324.4275797,-333.5616323,-342.6956848,-351.8297373,-360.9637899,-370.0978424,-379.2318949,-388.3659475,-397.5,-406.6340525,-415.7681051,-424.9021576,-434.0362101,-443.1702627,-452.3043152,-461.4383677,-470.5724203
8240,157.3181051,27.11257036,6.00750469,-9.067542214,-18.11257036,-21.12757974,-39.21763602,-51.27767355,-63.33771107,-75.39774859,-87.45778612,-99.51782364,-111.5778612,-123.6378987,-132.7833021,-141.9287054,-151.0741088,-160.2195122,-169.3649156,-178.5103189,-187.6557223,-196.8011257,-205.9465291,-215.0919325,-224.2373358,-233.3827392,-242.5281426,-251.673546,-260.8189493,-269.9643527,-279.1097561,-288.2551595,-297.4005629,-306.5459662,-315.6913696,-324.836773,-333.9821764,-343.1275797,-352.2729831,-361.4183865,-370.5637899,-379.7091932,-388.8545966,-398,-407.1454034,-416.2908068,-425.4362101,-434.5816135,-443.7270169,-452.8724203,-462.0178236,-471.163227
8250,157.5101313,27.14071295,6.009380863,-9.084427767,-18.14071295,-21.15947467,-39.27204503,-51.34709193,-63.42213884,-75.49718574,-87.57223265,-99.64727955,-111.7223265,-123.7973734,-132.9541276,-142.1108818,-151.267636,-160.4243902,-169.5811445,-178.7378987,-187.8946529,-197.0514071,-206.2081614,-215.3649156,-224.5216698,-233.678424,-242.8351782,-251.9919325,-261.1486867,-270.3054409,-279.4621951,-288.6189493,-297.7757036,-306.9324578,-316.089212,-325.2459662,-334.4027205,-343.5594747,-352.7162289,-361.8729831,-371.0297373,-380.1864916,-389.3432458,-398.5,-407.6567542,-416.8135084,-425.9702627,-435.1270169,-444.2837711,-453.4405253,-462.5972795,-471.7540338
8260,157.7021576,27.16885553,6.011257036,-9.101313321,-18.16885553,-21.19136961,-39.32645403,-51.41651032,-63.5065666,-75.59662289,-87.68667917,-99.77673546,-111.8667917,-123.956848,-133.1249531,-142.2930582,-151.4611632,-160.6292683,-169.7973734,-178.9654784,-188.1335835,-197.3016886,-206.4697936,-215.6378987,-224.8060038,-233.9741088,-243.1422139,-252.3103189,-261.478424,-270.6465291,-279.8146341,-288.9827392,-298.1508443,-307.3189493,-316.4870544,-325.6551595,-334.8232645,-343.9913696,-353.1594747,-362.3275797,-371.4956848,-380.6637899,-389.8318949,-399,-408.1681051,-417.3362101,-426.5043152,-435.6724203,-444.8405253,-454.0086304,-463.1767355,-472.3448405
8270,157.8941839,27.19699812,6.013133208,-9.118198874,-18.19699812,-21.22326454,-39.38086304,-51.48592871,-63.59099437,-75.69606004,-87.8011257,-99.90619137,-112.011257,-124.1163227,-133.2957786,-142.4752345,-151.6546904,-160.8341463,-170.0136023,-179.1930582,-188.3725141,-197.55197,-206.7314259,-215.9108818,-225.0903377,-234.2697936,-243.4492495,-252.6287054,-261.8081614,-270.9876173,-280.1670732,-289.3465291,-298.525985,-307.7054409,-316.8848968,-326.0643527,-335.2438086,-344.4232645,-353.6027205,-362.7821764,-371.9616323,-381.1410882,-390.3205441,-399.5,-408.6794559,-417.8589118,-427.0383677,-436.2178236,-445.3972795,-454.5767355,-463.7561914,-472.9356473
8280,158.0862101,27.22514071,6.015009381,-9.135084428,-18.22514071,-21.25515947,-39.43527205,-51.55534709,-63.67542214,-75.79549719,-87.91557223,-100.0356473,-112.1557223,-124.2757974,-133.4666041,-142.6574109,-151.8482176,-161.0390244,-170.2298311,-179.4206379,-188.6114447,-197.8022514,-206.9930582,-216.1838649,-225.3746717,-234.5654784,-243.7562852,-252.9470919,-262.1378987,-271.3287054,-280.5195122,-289.7103189,-298.9011257,-308.0919325,-317.2827392,-326.473546,-335.6643527,-344.8551595,-354.0459662,-363.236773,-372.4275797,-381.6183865,-390.8091932,-400,-409.1908068,-418.3816135,-427.5724203,-436.763227,-445.9540338,-455.1448405,-464.3356473,-473.526454
8290,158.2782364,27.2532833,6.016885553,-9.151969981,-18.2532833,-21.28705441,-39.48968105,-51.62476548,-63.75984991,-75.89493433,-88.03001876,-100.1651032,-112.3001876,-124.435272,-133.6374296,-142.8395872,-152.0417448,-161.2439024,-170.44606,-179.6482176,-188.8503752,-198.0525328,-207.2546904,-216.456848,-225.6590056,-234.8611632,-244.0633208,-253.2654784,-262.467636,-271.6697936,-280.8719512,-290.0741088,-299.2762664,-308.478424,-317.6805816,-326.8827392,-336.0848968,-345.2870544,-354.489212,-363.6913696,-372.8935272,-382.0956848,-391.2978424,-400.5,-409.7021576,-418.9043152,-428.1064728,-437.3086304,-446.510788,-455.7129456,-464.9151032,-474.1172608
8300,158.4702627,27.28142589,6.018761726,-9.168855535,-18.28142589,-21.31894934,-39.54409006,-51.69418386,-63.84427767,-75.99437148,-88.14446529,-100.2945591,-112.4446529,-124.5947467,-133.8082552,-143.0217636,-152.235272,-161.4487805,-170.6622889,-179.8757974,-189.0893058,-198.3028143,-207.5163227,-216.7298311,-225.9433396,-235.156848,-244.3703565,-253.5838649,-262.7973734,-272.0108818,-281.2243902,-290.4378987,-299.6514071,-308.8649156,-318.078424,-327.2919325,-336.5054409,-345.7189493,-354.9324578,-364.1459662,-373.3594747,-382.5729831,-391.7864916,-401,-410.2135084,-419.4270169,-428.6405253,-437.8540338,-447.0675422,-456.2810507,-465.4945591,-474.7080675
8310,158.6622889,27.30956848,6.020637899,-9.185741088,-18.30956848,-21.35084428,-39.59849906,-51.76360225,-63.92870544,-76.09380863,-88.25891182,-100.424015,-112.5891182,-124.7542214,-133.9790807,-143.20394,-152.4287992,-161.6536585,-170.8785178,-180.1033771,-189.3282364,-198.5530957,-207.777955,-217.0028143,-226.2276735,-235.4525328,-244.6773921,-253.9022514,-263.1271107,-272.35197,-281.5768293,-290.8016886,-300.0265478,-309.2514071,-318.4762664,-327.7011257,-336.925985,-346.1508443,-355.3757036,-364.6005629,-373.8254221,-383.0502814,-392.2751407,-401.5,-410.7248593,-419.9497186,-429.1745779,-438.3994371,-447.6242964,-456.8491557,-466.074015,-475.2988743
8320,158.8543152,27.33771107,6.022514071,-9.202626642,-18.33771107,-21.38273921,-39.65290807,-51.83302064,-64.01313321,-76.19324578,-88.37335835,-100.5534709,-112.7335835,-124.9136961,-134.1499062,-143.3861163,-152.6223265,-161.8585366,-171.0947467,-180.3309568,-189.567167,-198.8033771,-208.0395872,-217.2757974,-226.5120075,-235.7482176,-244.9844278,-254.2206379,-263.456848,-272.6930582,-281.9292683,-291.1654784,-300.4016886,-309.6378987,-318.8741088,-328.1103189,-337.3465291,-346.5827392,-355.8189493,-365.0551595,-374.2913696,-383.5275797,-392.7637899,-402,-411.2362101,-420.4724203,-429.7086304,-438.9448405,-448.1810507,-457.4172608,-466.6534709,-475.8896811
8330,159.0463415,27.36585366,6.024390244,-9.219512195,-18.36585366,-21.41463415,-39.70731707,-51.90243902,-64.09756098,-76.29268293,-88.48780488,-100.6829268,-112.8780488,-125.0731707,-134.3207317,-143.5682927,-152.8158537,-162.0634146,-171.3109756,-180.5585366,-189.8060976,-199.0536585,-208.3012195,-217.5487805,-226.7963415,-236.0439024,-245.2914634,-254.5390244,-263.7865854,-273.0341463,-282.2817073,-291.5292683,-300.7768293,-310.0243902,-319.2719512,-328.5195122,-337.7670732,-347.0146341,-356.2621951,-365.5097561,-374.7573171,-384.004878,-393.252439,-402.5,-411.747561,-420.995122,-430.2426829,-439.4902439,-448.7378049,-457.9853659,-467.2329268,-476.4804878
8340,159.2383677,27.39399625,6.026266417,-9.236397749,-18.39399625,-21.44652908,-39.76172608,-51.97185741,-64.18198874,-76.39212008,-88.60225141,-100.8123827,-113.0225141,-125.2326454,-134.4915572,-143.750469,-153.0093809,-162.2682927,-171.5272045,-180.7861163,-190.0450281,-199.30394,-208.5628518,-217.8217636,-227.0806754,-236.3395872,-245.5984991,-254.8574109,-264.1163227,-273.3752345,-282.6341463,-291.8930582,-301.15197,-310.4108818,-319.6697936,-328.9287054,-338.1876173,-347.4465291,-356.7054409,-365.9643527,-375.2232645,-384.4821764,-393.7410882,-403,-412.2589118,-421.5178236,-430.7767355,-440.0356473,-449.2945591,-458.5534709,-467.8123827,-477.0712946
8350,159.430394,27.42213884,6.028142589,-9.253283302,-18.42213884,-21.47842402,-39.81613508,-52.0412758,-64.26641651,-76.49155722,-88.71669794,-100.9418386,-113.1669794,-125.3921201,-134.6623827,-143.9326454,-153.2029081,-162.4731707,-171.7434334,-181.0136961,-190.2839587,-199.5542214,-208.8244841,-218.0947467,-227.3650094,-236.635272,-245.9055347,-255.1757974,-264.44606,-273.7163227,-282.9865854,-292.256848,-301.5271107,-310.7973734,-320.067636,-329.3378987,-338.6081614,-347.878424,-357.1486867,-366.4189493,-375.689212,-384.9594747,-394.2297373,-403.5,-412.7702627,-422.0405253,-431.310788,-440.5810507,-449.8513133,-459.121576,-468.3918386,-477.6621013
8360,159.6224203,27.45028143,6.030018762,-9.270168856,-18.45028143,-21.51031895,-39.87054409,-52.11069418,-64.35084428,-76.59099437,-88.83114447,-101.0712946,-113.3114447,-125.5515947,-134.8332083,-144.1148218,-153.3964353,-162.6780488,-171.9596623,-181.2412758,-190.5228893,-199.8045028,-209.0861163,-218.3677298,-227.6493433,-236.9309568,-246.2125704,-255.4941839,-264.7757974,-274.0574109,-283.3390244,-292.6206379,-301.9022514,-311.1838649,-320.4654784,-329.7470919,-339.0287054,-348.3103189,-357.5919325,-366.873546,-376.1551595,-385.436773,-394.7183865,-404,-413.2816135,-422.563227,-431.8448405,-441.126454,-450.4080675,-459.6896811,-468.9712946,-478.2529081
8370,159.8144465,27.47842402,6.031894934,-9.287054409,-18.47842402,-21.54221388,-39.9249531,-52.18011257,-64.43527205,-76.69043152,-88.94559099,-101.2007505,-113.4559099,-125.7110694,-135.0040338,-144.2969981,-153.5899625,-162.8829268,-172.1758912,-181.4688555,-190.7618199,-200.0547842,-209.3477486,-218.6407129,-227.9336773,-237.2266417,-246.519606,-255.8125704,-265.1055347,-274.3984991,-283.6914634,-292.9844278,-302.2773921,-311.5703565,-320.8633208,-330.1562852,-339.4492495,-348.7422139,-358.0351782,-367.3281426,-376.6211069,-385.9140713,-395.2070356,-404.5,-413.7929644,-423.0859287,-432.3788931,-441.6718574,-450.9648218,-460.2577861,-469.5507505,-478.8437148
8380,160.0064728,27.5065666,6.033771107,-9.303939962,-18.5065666,-21.57410882,-39.9793621,-52.24953096,-64.51969981,-76.78986867,-89.06003752,-101.3302064,-113.6003752,-125.8705441,-135.1748593,-144.4791745,-153.7834897,-163.0878049,-172.3921201,-181.6964353,-191.0007505,-200.3050657,-209.6093809,-218.9136961,-228.2180113,-237.5223265,-246.8266417,-256.1309568,-265.435272,-274.7395872,-284.0439024,-293.3482176,-302.6525328,-311.956848,-321.2611632,-330.5654784,-339.8697936,-349.1741088,-358.478424,-367.7827392,-377.0870544,-386.3913696,-395.6956848,-405,-414.3043152,-423.6086304,-432.9129456,-442.2172608,-451.521576,-460.8258912,-470.1302064,-479.4345216
8390,160.1984991,27.53470919,6.03564728,-9.320825516,-18.53470919,-21.60600375,-40.03377111,-52.31894934,-64.60412758,-76.88930582,-89.17448405,-101.4596623,-113.7448405,-126.0300188,-135.3456848,-144.6613508,-153.9770169,-163.2926829,-172.608349,-181.924015,-191.2396811,-200.5553471,-209.8710131,-219.1866792,-228.5023452,-237.8180113,-247.1336773,-256.4493433,-265.7650094,-275.0806754,-284.3963415,-293.7120075,-303.0276735,-312.3433396,-321.6590056,-330.9746717,-340.2903377,-349.6060038,-358.9216698,-368.2373358,-377.5530019,-386.8686679,-396.184334,-405.5,-414.815666,-424.1313321,-433.4469981,-442.7626642,-452.0783302,-461.3939962,-470.7096623,-480.0253283
8400,160.3905253,27.56285178,6.037523452,-9.337711069,-18.56285178,-21.63789869,-40.08818011,-52.38836773,-64.68855535,-76.98874296,-89.28893058,-101.5891182,-113.8893058,-126.1894934,-135.5165103,-144.8435272,-154.1705441,-163.497561,-172.8245779,-182.1515947,-191.4786116,-200.8056285,-210.1326454,-219.4596623,-228.7866792,-238.1136961,-247.4407129,-256.7677298,-266.0947467,-275.4217636,-284.7487805,-294.0757974,-303.4028143,-312.7298311,-322.056848,-331.3838649,-340.7108818,-350.0378987,-359.3649156,-368.6919325,-378.0189493,-387.3459662,-396.6729831,-406,-415.3270169,-424.6540338,-433.9810507,-443.3080675,-452.6350844,-461.9621013,-471.2891182,-480.6161351
8410,160.5825516,27.59099437,6.039399625,-9.354596623,-18.59099437,-21.66979362,-40.14258912,-52.45778612,-64.77298311,-77.08818011,-89.40337711,-101.7185741,-114.0337711,-126.3489681,-135.6873358,-145.0257036,-154.3640713,-163.702439,-173.0408068,-182.3791745,-191.7175422,-201.0559099,-210.3942777,-219.7326454,-229.0710131,-238.4093809,-247.7477486,-257.0861163,-266.4244841,-275.7628518,-285.1012195,-294.4395872,-303.777955,-313.1163227,-322.4546904,-331.7930582,-341.1314259,-350.4697936,-359.8081614,-369.1465291,-378.4848968,-387.8232645,-397.1616323,-406.5,-415.8383677,-425.1767355,-434.5151032,-443.8534709,-453.1918386,-462.5302064,-471.8685741,-481.2069418
8420,160.7745779,27.61913696,6.041275797,-9.371482176,-18.61913696,-21.70168856,-40.19699812,-52.5272045,-64.85741088,-77.18761726,-89.51782364,-101.84803,-114.1782364,-126.5084428,-135.8581614,-145.2078799,-154.5575985,-163.9073171,-173.2570356,-182.6067542,-191.9564728,-201.3061914,-210.6559099,-220.0056285,-229.3553471,-238.7050657,-248.0547842,-257.4045028,-266.7542214,-276.10394,-285.4536585,-294.8033771,-304.1530957,-313.5028143,-322.8525328,-332.2022514,-341.55197,-350.9016886,-360.2514071,-369.6011257,-378.9508443,-388.3005629,-397.6502814,-407,-416.3497186,-425.6994371,-435.0491557,-444.3988743,-453.7485929,-463.0983114,-472.44803,-481.7977486
8430,160.9666041,27.64727955,6.04315197,-9.38836773,-18.64727955,-21.73358349,-40.25140713,-52.59662289,-64.94183865,-77.28705441,-89.63227017,-101.9774859,-114.3227017,-126.6679174,-136.0289869,-145.3900563,-154.7511257,-164.1121951,-173.4732645,-182.834334,-192.1954034,-201.5564728,-210.9175422,-220.2786116,-229.6396811,-239.0007505,-248.3618199,-257.7228893,-267.0839587,-276.4450281,-285.8060976,-295.167167,-304.5282364,-313.8893058,-323.2503752,-332.6114447,-341.9725141,-351.3335835,-360.6946529,-370.0557223,-379.4167917,-388.7778612,-398.1389306,-407.5,-416.8610694,-426.2221388,-435.5832083,-444.9442777,-454.3053471,-463.6664165,-473.0274859,-482.3885553
8440,161.1586304,27.67542214,6.045028143,-9.405253283,-18.67542214,-21.76547842,-40.30581614,-52.66604128,-65.02626642,-77.38649156,-89.7467167,-102.1069418,-114.467167,-126.8273921,-136.1998124,-145.5722326,-154.9446529,-164.3170732,-173.6894934,-183.0619137,-192.434334,-201.8067542,-211.1791745,-220.5515947,-229.924015,-239.2964353,-248.6688555,-258.0412758,-267.4136961,-276.7861163,-286.1585366,-295.5309568,-304.9033771,-314.2757974,-323.6482176,-333.0206379,-342.3930582,-351.7654784,-361.1378987,-370.5103189,-379.8827392,-389.2551595,-398.6275797,-408,-417.3724203,-426.7448405,-436.1172608,-445.4896811,-454.8621013,-464.2345216,-473.6069418,-482.9793621
8450,161.3506567,27.70356473,6.046904315,-9.422138837,-18.70356473,-21.79737336,-40.36022514,-52.73545966,-65.11069418,-77.48592871,-89.86116323,-102.2363977,-114.6116323,-126.9868668,-136.3706379,-145.754409,-155.1381801,-164.5219512,-173.9057223,-183.2894934,-192.6732645,-202.0570356,-211.4408068,-220.8245779,-230.208349,-239.5921201,-248.9758912,-258.3596623,-267.7434334,-277.1272045,-286.5109756,-295.8947467,-305.2785178,-314.6622889,-324.04606,-333.4298311,-342.8136023,-352.1973734,-361.5811445,-370.9649156,-380.3486867,-389.7324578,-399.1162289,-408.5,-417.8837711,-427.2675422,-436.6513133,-446.0350844,-455.4188555,-464.8026266,-474.1863977,-483.5701689
8460,161.5426829,27.73170732,6.048780488,-9.43902439,-18.73170732,-21.82926829,-40.41463415,-52.80487805,-65.19512195,-77.58536585,-89.97560976,-102.3658537,-114.7560976,-127.1463415,-136.5414634,-145.9365854,-155.3317073,-164.7268293,-174.1219512,-183.5170732,-192.9121951,-202.3073171,-211.702439,-221.097561,-230.4926829,-239.8878049,-249.2829268,-258.6780488,-268.0731707,-277.4682927,-286.8634146,-296.2585366,-305.6536585,-315.0487805,-324.4439024,-333.8390244,-343.2341463,-352.6292683,-362.0243902,-371.4195122,-380.8146341,-390.2097561,-399.604878,-409,-418.395122,-427.7902439,-437.1853659,-446.5804878,-455.9756098,-465.3707317,-474.7658537,-484.1609756
8470,161.7347092,27.75984991,6.05065666,-9.455909944,-18.75984991,-21.86116323,-40.46904315,-52.87429644,-65.27954972,-77.684803,-90.09005629,-102.4953096,-114.9005629,-127.3058161,-136.7122889,-146.1187617,-155.5252345,-164.9317073,-174.3381801,-183.7446529,-193.1511257,-202.5575985,-211.9640713,-221.3705441,-230.7770169,-240.1834897,-249.5899625,-258.9964353,-268.4029081,-277.8093809,-287.2158537,-296.6223265,-306.0287992,-315.435272,-324.8417448,-334.2482176,-343.6546904,-353.0611632,-362.467636,-371.8741088,-381.2805816,-390.6870544,-400.0935272,-409.5,-418.9064728,-428.3129456,-437.7194184,-447.1258912,-456.532364,-465.9388368,-475.3453096,-484.7517824
8480,161.9267355,27.7879925,6.052532833,-9.472795497,-18.7879925,-21.89305816,-40.52345216,-52.94371482,-65.36397749,-77.78424015,-90.20450281,-102.6247655,-115.0450281,-127.4652908,-136.8831144,-146.3009381,-155.7187617,-165.1365854,-174.554409,-183.9722326,-193.3900563,-202.8078799,-212.2257036,-221.6435272,-231.0613508,-240.4791745,-249.8969981,-259.3148218,-268.7326454,-278.150469,-287.5682927,-296.9861163,-306.40394,-315.8217636,-325.2395872,-334.6574109,-344.0752345,-353.4930582,-362.9108818,-372.3287054,-381.7465291,-391.1643527,-400.5821764,-410,-419.4178236,-428.8356473,-438.2534709,-447.6712946,-457.0891182,-466.5069418,-475.9247655,-485.3425891
8490,162.1187617,27.81613508,6.054409006,-9.489681051,-18.81613508,-21.9249531,-40.57786116,-53.01313321,-65.44840525,-77.8836773,-90.31894934,-102.7542214,-115.1894934,-127.6247655,-137.05394,-146.4831144,-155.9122889,-165.3414634,-174.7706379,-184.1998124,-193.6289869,-203.0581614,-212.4873358,-221.9165103,-231.3456848,-240.7748593,-250.2040338,-259.6332083,-269.0623827,-278.4915572,-287.9207317,-297.3499062,-306.7790807,-316.2082552,-325.6374296,-335.0666041,-344.4957786,-353.9249531,-363.3541276,-372.7833021,-382.2124765,-391.641651,-401.0708255,-410.5,-419.9291745,-429.358349,-438.7875235,-448.2166979,-457.6458724,-467.0750469,-476.5042214,-485.9333959
8500,162.310788,27.84427767,6.056285178,-9.506566604,-18.84427767,-21.95684803,-40.63227017,-53.08255159,-65.53283302,-77.98311445,-90.43339587,-102.8836773,-115.3339587,-127.7842402,-137.2247655,-146.6652908,-156.1058161,-165.5463415,-174.9868668,-184.4273921,-193.8679174,-203.3084428,-212.7489681,-222.1894934,-231.6300188,-241.0705441,-250.5110694,-259.9515947,-269.3921201,-278.8326454,-288.2731707,-297.7136961,-307.1542214,-316.5947467,-326.035272,-335.4757974,-344.9163227,-354.356848,-363.7973734,-373.2378987,-382.678424,-392.1189493,-401.5594747,-411,-420.4405253,-429.8810507,-439.321576,-448.7621013,-458.2026266,-467.643152,-477.0836773,-486.5242026
8510,162.5028143,27.87242026,6.058161351,-9.523452158,-18.87242026,-21.98874296,-40.68667917,-53.15196998,-65.61726079,-78.08255159,-90.5478424,-103.0131332,-115.478424,-127.9437148,-137.395591,-146.8474672,-156.2993433,-165.7512195,-175.2030957,-184.6549719,-194.106848,-203.5587242,-213.0106004,-222.4624765,-231.9143527,-241.3662289,-250.8181051,-260.2699812,-269.7218574,-279.1737336,-288.6256098,-298.0774859,-307.5293621,-316.9812383,-326.4331144,-335.8849906,-345.3368668,-354.788743,-364.2406191,-373.6924953,-383.1443715,-392.5962477,-402.0481238,-411.5,-420.9518762,-430.4037523,-439.8556285,-449.3075047,-458.7593809,-468.211257,-477.6631332,-487.1150094
8520,162.6948405,27.90056285,6.060037523,-9.540337711,-18.90056285,-22.0206379,-40.74108818,-53.22138837,-65.70168856,-78.18198874,-90.66228893,-103.1425891,-115.6228893,-128.1031895,-137.5664165,-147.0296435,-156.4928705,-165.9560976,-175.4193246,-184.8825516,-194.3457786,-203.8090056,-213.2722326,-222.7354597,-232.1986867,-241.6619137,-251.1251407,-260.5883677,-270.0515947,-279.5148218,-288.9780488,-298.4412758,-307.9045028,-317.3677298,-326.8309568,-336.2941839,-345.7574109,-355.2206379,-364.6838649,-374.1470919,-383.6103189,-393.073546,-402.536773,-412,-421.463227,-430.926454,-440.3896811,-449.8529081,-459.3161351,-468.7793621,-478.2425891,-487.7058161
8530,162.8868668,27.92870544,6.061913696,-9.557223265,-18.92870544,-22.05253283,-40.79549719,-53.29080675,-65.78611632,-78.28142589,-90.77673546,-103.272045,-115.7673546,-128.2626642,-137.737242,-147.2118199,-156.6863977,-166.1609756,-175.6355535,-185.1101313,-194.5847092,-204.0592871,-213.5338649,-223.0084428,-232.4830206,-241.9575985,-251.4321764,-260.9067542,-270.3813321,-279.8559099,-289.3304878,-298.8050657,-308.2796435,-317.7542214,-327.2287992,-336.7033771,-346.177955,-355.6525328,-365.1271107,-374.6016886,-384.0762664,-393.5508443,-403.0254221,-412.5,-421.9745779,-431.4491557,-440.9237336,-450.3983114,-459.8728893,-469.3474672,-478.822045,-488.2966229
8540,163.0788931,27.95684803,6.063789869,-9.574108818,-18.95684803,-22.08442777,-40.84990619,-53.36022514,-65.87054409,-78.38086304,-90.89118199,-103.4015009,-115.9118199,-128.4221388,-137.9080675,-147.3939962,-156.879925,-166.3658537,-175.8517824,-185.3377111,-194.8236398,-204.3095685,-213.7954972,-223.2814259,-232.7673546,-242.2532833,-251.739212,-261.2251407,-270.7110694,-280.1969981,-289.6829268,-299.1688555,-308.6547842,-318.1407129,-327.6266417,-337.1125704,-346.5984991,-356.0844278,-365.5703565,-375.0562852,-384.5422139,-394.0281426,-403.5140713,-413,-422.4859287,-431.9718574,-441.4577861,-450.9437148,-460.4296435,-469.9155722,-479.4015009,-488.8874296
8550,163.2709193,27.98499062,6.065666041,-9.590994371,-18.98499062,-22.1163227,-40.9043152,-53.42964353,-65.95497186,-78.48030019,-91.00562852,-103.5309568,-116.0562852,-128.5816135,-138.0788931,-147.5761726,-157.0734522,-166.5707317,-176.0680113,-185.5652908,-195.0625704,-204.5598499,-214.0571295,-223.554409,-233.0516886,-242.5489681,-252.0462477,-261.5435272,-271.0408068,-280.5380863,-290.0353659,-299.5326454,-309.029925,-318.5272045,-328.0244841,-337.5217636,-347.0190432,-356.5163227,-366.0136023,-375.5108818,-385.0081614,-394.5054409,-404.0027205,-413.5,-422.9972795,-432.4945591,-441.9918386,-451.4891182,-460.9863977,-470.4836773,-479.9809568,-489.4782364
8560,163.4629456,28.01313321,6.067542214,-9.607879925,-19.01313321,-22.14821764,-40.9587242,-53.49906191,-66.03939962,-78.57973734,-91.12007505,-103.6604128,-116.2007505,-128.7410882,-138.2497186,-147.758349,-157.2669794,-166.7756098,-176.2842402,-185.7928705,-195.3015009,-204.8101313,-214.3187617,-223.8273921,-233.3360225,-242.8446529,-252.3532833,-261.8619137,-271.3705441,-280.8791745,-290.3878049,-299.8964353,-309.4050657,-318.9136961,-328.4223265,-337.9309568,-347.4395872,-356.9482176,-366.456848,-375.9654784,-385.4741088,-394.9827392,-404.4913696,-414,-423.5086304,-433.0172608,-442.5258912,-452.0345216,-461.543152,-471.0517824,-480.5604128,-490.0690432
8570,163.6549719,28.0412758,6.069418386,-9.624765478,-19.0412758,-22.18011257,-41.01313321,-53.5684803,-66.12382739,-78.67917448,-91.23452158,-103.7898687,-116.3452158,-128.9005629,-138.4205441,-147.9405253,-157.4605066,-166.9804878,-176.500469,-186.0204503,-195.5404315,-205.0604128,-214.580394,-224.1003752,-233.6203565,-243.1403377,-252.6603189,-262.1803002,-271.7002814,-281.2202627,-290.7402439,-300.2602251,-309.7802064,-319.3001876,-328.8201689,-338.3401501,-347.8601313,-357.3801126,-366.9000938,-376.420075,-385.9400563,-395.4600375,-404.9800188,-414.5,-424.0199812,-433.5399625,-443.0599437,-452.579925,-462.0999062,-471.6198874,-481.1398687,-490.6598499
8580,163.8469981,28.06941839,6.071294559,-9.641651032,-19.06941839,-22.2120075,-41.06754221,-53.63789869,-66.20825516,-78.77861163,-91.34896811,-103.9193246,-116.4896811,-129.0600375,-138.5913696,-148.1227017,-157.6540338,-167.1853659,-176.7166979,-186.24803,-195.7793621,-205.3106942,-214.8420263,-224.3733583,-233.9046904,-243.4360225,-252.9673546,-262.4986867,-272.0300188,-281.5613508,-291.0926829,-300.624015,-310.1553471,-319.6866792,-329.2180113,-338.7493433,-348.2806754,-357.8120075,-367.3433396,-376.8746717,-386.4060038,-395.9373358,-405.4686679,-415,-424.5313321,-434.0626642,-443.5939962,-453.1253283,-462.6566604,-472.1879925,-481.7193246,-491.2506567
8590,164.0390244,28.09756098,6.073170732,-9.658536585,-19.09756098,-22.24390244,-41.12195122,-53.70731707,-66.29268293,-78.87804878,-91.46341463,-104.0487805,-116.6341463,-129.2195122,-138.7621951,-148.304878,-157.847561,-167.3902439,-176.9329268,-186.4756098,-196.0182927,-205.5609756,-215.1036585,-224.6463415,-234.1890244,-243.7317073,-253.2743902,-262.8170732,-272.3597561,-281.902439,-291.445122,-300.9878049,-310.5304878,-320.0731707,-329.6158537,-339.1585366,-348.7012195,-358.2439024,-367.7865854,-377.3292683,-386.8719512,-396.4146341,-405.9573171,-415.5,-425.0426829,-434.5853659,-444.1280488,-453.6707317,-463.2134146,-472.7560976,-482.2987805,-491.8414634
8600,164.2310507,28.12570356,6.075046904,-9.675422139,-19.12570356,-22.27579737,-41.17636023,-53.77673546,-66.37711069,-78.97748593,-91.57786116,-104.1782364,-116.7786116,-129.3789869,-138.9330206,-148.4870544,-158.0410882,-167.595122,-177.1491557,-186.7031895,-196.2572233,-205.811257,-215.3652908,-224.9193246,-234.4733583,-244.0273921,-253.5814259,-263.1354597,-272.6894934,-282.2435272,-291.797561,-301.3515947,-310.9056285,-320.4596623,-330.0136961,-339.5677298,-349.1217636,-358.6757974,-368.2298311,-377.7838649,-387.3378987,-396.8919325,-406.4459662,-416,-425.5540338,-435.1080675,-444.6621013,-454.2161351,-463.7701689,-473.3242026,-482.8782364,-492.4322702
8610,164.4230769,28.15384615,6.076923077,-9.692307692,-19.15384615,-22.30769231,-41.23076923,-53.84615385,-66.46153846,-79.07692308,-91.69230769,-104.3076923,-116.9230769,-129.5384615,-139.1038462,-148.6692308,-158.2346154,-167.8,-177.3653846,-186.9307692,-196.4961538,-206.0615385,-215.6269231,-225.1923077,-234.7576923,-244.3230769,-253.8884615,-263.4538462,-273.0192308,-282.5846154,-292.15,-301.7153846,-311.2807692,-320.8461538,-330.4115385,-339.9769231,-349.5423077,-359.1076923,-368.6730769,-378.2384615,-387.8038462,-397.3692308,-406.9346154,-416.5,-426.0653846,-435.6307692,-445.1961538,-454.7615385,-464.3269231,-473.8923077,-483.4576923,-493.0230769
8620,164.6151032,28.18198874,6.07879925,-9.709193246,-19.18198874,-22.33958724,-41.28517824,-53.91557223,-66.54596623,-79.17636023,-91.80675422,-104.4371482,-117.0675422,-129.6979362,-139.2746717,-148.8514071,-158.4281426,-168.004878,-177.5816135,-187.158349,-196.7350844,-206.3118199,-215.8885553,-225.4652908,-235.0420263,-244.6187617,-254.1954972,-263.7722326,-273.3489681,-282.9257036,-292.502439,-302.0791745,-311.6559099,-321.2326454,-330.8093809,-340.3861163,-349.9628518,-359.5395872,-369.1163227,-378.6930582,-388.2697936,-397.8465291,-407.4232645,-417,-426.5767355,-436.1534709,-445.7302064,-455.3069418,-464.8836773,-474.4604128,-484.0371482,-493.6138837
8630,164.8071295,28.21013133,6.080675422,-9.726078799,-19.21013133,-22.37148218,-41.33958724,-53.98499062,-66.630394,-79.27579737,-91.92120075,-104.5666041,-117.2120075,-129.8574109,-139.4454972,-149.0335835,-158.6216698,-168.2097561,-177.7978424,-187.3859287,-196.974015,-206.5621013,-216.1501876,-225.7382739,-235.3263602,-244.9144465,-254.5025328,-264.0906191,-273.6787054,-283.2667917,-292.854878,-302.4429644,-312.0310507,-321.619137,-331.2072233,-340.7953096,-350.3833959,-359.9714822,-369.5595685,-379.1476548,-388.7357411,-398.3238274,-407.9119137,-417.5,-427.0880863,-436.6761726,-446.2642589,-455.8523452,-465.4404315,-475.0285178,-484.6166041,-494.2046904
8640,164.9991557,28.23827392,6.082551595,-9.742964353,-19.23827392,-22.40337711,-41.39399625,-54.05440901,-66.71482176,-79.37523452,-92.03564728,-104.69606,-117.3564728,-130.0168856,-139.6163227,-149.2157598,-158.815197,-168.4146341,-178.0140713,-187.6135084,-197.2129456,-206.8123827,-216.4118199,-226.011257,-235.6106942,-245.2101313,-254.8095685,-264.4090056,-274.0084428,-283.6078799,-293.2073171,-302.8067542,-312.4061914,-322.0056285,-331.6050657,-341.2045028,-350.80394,-360.4033771,-370.0028143,-379.6022514,-389.2016886,-398.8011257,-408.4005629,-418,-427.5994371,-437.1988743,-446.7983114,-456.3977486,-465.9971857,-475.5966229,-485.19606,-494.7954972
8650,165.191182,28.26641651,6.084427767,-9.759849906,-19.26641651,-22.43527205,-41.44840525,-54.12382739,-66.79924953,-79.47467167,-92.15009381,-104.8255159,-117.5009381,-130.1763602,-139.7871482,-149.3979362,-159.0087242,-168.6195122,-178.2303002,-187.8410882,-197.4518762,-207.0626642,-216.6734522,-226.2842402,-235.8950281,-245.5058161,-255.1166041,-264.7273921,-274.3381801,-283.9489681,-293.5597561,-303.1705441,-312.7813321,-322.3921201,-332.0029081,-341.6136961,-351.2244841,-360.835272,-370.44606,-380.056848,-389.667636,-399.278424,-408.889212,-418.5,-428.110788,-437.721576,-447.332364,-456.943152,-466.55394,-476.164728,-485.7755159,-495.3863039
8660,165.3832083,28.2945591,6.08630394,-9.77673546,-19.2945591,-22.46716698,-41.50281426,-54.19324578,-66.8836773,-79.57410882,-92.26454034,-104.9549719,-117.6454034,-130.3358349,-139.9579737,-149.5801126,-159.2022514,-168.8243902,-178.4465291,-188.0686679,-197.6908068,-207.3129456,-216.9350844,-226.5572233,-236.1793621,-245.8015009,-255.4236398,-265.0457786,-274.6679174,-284.2900563,-293.9121951,-303.534334,-313.1564728,-322.7786116,-332.4007505,-342.0228893,-351.6450281,-361.267167,-370.8893058,-380.5114447,-390.1335835,-399.7557223,-409.3778612,-419,-428.6221388,-438.2442777,-447.8664165,-457.4885553,-467.1106942,-476.732833,-486.3549719,-495.9771107
8670,165.5752345,28.32270169,6.088180113,-9.793621013,-19.32270169,-22.49906191,-41.55722326,-54.26266417,-66.96810507,-79.67354597,-92.37898687,-105.0844278,-117.7898687,-130.4953096,-140.1287992,-149.7622889,-159.3957786,-169.0292683,-178.662758,-188.2962477,-197.9297373,-207.563227,-217.1967167,-226.8302064,-236.4636961,-246.0971857,-255.7306754,-265.3641651,-274.9976548,-284.6311445,-294.2646341,-303.8981238,-313.5316135,-323.1651032,-332.7985929,-342.4320826,-352.0655722,-361.6990619,-371.3325516,-380.9660413,-390.599531,-400.2330206,-409.8665103,-419.5,-429.1334897,-438.7669794,-448.400469,-458.0339587,-467.6674484,-477.3009381,-486.9344278,-496.5679174
8680,165.7672608,28.35084428,6.090056285,-9.810506567,-19.35084428,-22.53095685,-41.61163227,-54.33208255,-67.05253283,-79.77298311,-92.4934334,-105.2138837,-117.934334,-130.6547842,-140.2996248,-149.9444653,-159.5893058,-169.2341463,-178.8789869,-188.5238274,-198.1686679,-207.8135084,-217.458349,-227.1031895,-236.74803,-246.3928705,-256.0377111,-265.6825516,-275.3273921,-284.9722326,-294.6170732,-304.2619137,-313.9067542,-323.5515947,-333.1964353,-342.8412758,-352.4861163,-362.1309568,-371.7757974,-381.4206379,-391.0654784,-400.7103189,-410.3551595,-420,-429.6448405,-439.2896811,-448.9345216,-458.5793621,-468.2242026,-477.8690432,-487.5138837,-497.1587242
8690,165.9592871,28.37898687,6.091932458,-9.82739212,-19.37898687,-22.56285178,-41.66604128,-54.40150094,-67.1369606,-79.87242026,-92.60787992,-105.3433396,-118.0787992,-130.8142589,-140.4704503,-150.1266417,-159.782833,-169.4390244,-179.0952158,-188.7514071,-198.4075985,-208.0637899,-217.7199812,-227.3761726,-237.032364,-246.6885553,-256.3447467,-266.0009381,-275.6571295,-285.3133208,-294.9695122,-304.6257036,-314.2818949,-323.9380863,-333.5942777,-343.250469,-352.9066604,-362.5628518,-372.2190432,-381.8752345,-391.5314259,-401.1876173,-410.8438086,-420.5,-430.1561914,-439.8123827,-449.4685741,-459.1247655,-468.7809568,-478.4371482,-488.0933396,-497.749531
8700,166.1513133,28.40712946,6.09380863,-9.844277674,-19.40712946,-22.59474672,-41.72045028,-54.47091932,-67.22138837,-79.97185741,-92.72232645,-105.4727955,-118.2232645,-130.9737336,-140.6412758,-150.308818,-159.9763602,-169.6439024,-179.3114447,-188.9789869,-198.6465291,-208.3140713,-217.9816135,-227.6491557,-237.3166979,-246.9842402,-256.6517824,-266.3193246,-275.9868668,-285.654409,-295.3219512,-304.9894934,-314.6570356,-324.3245779,-333.9921201,-343.6596623,-353.3272045,-362.9947467,-372.6622889,-382.3298311,-391.9973734,-401.6649156,-411.3324578,-421,-430.6675422,-440.3350844,-450.0026266,-459.6701689,-469.3377111,-479.0052533,-488.6727955,-498.3403377
8710,166.3433396,28.43527205,6.095684803,-9.861163227,-19.43527205,-22.62664165,-41.77485929,-54.54033771,-67.30581614,-80.07129456,-92.83677298,-105.6022514,-118.3677298,-131.1332083,-140.8121013,-150.4909944,-160.1698874,-169.8487805,-179.5276735,-189.2065666,-198.8854597,-208.5643527,-218.2432458,-227.9221388,-237.6010319,-247.279925,-256.958818,-266.6377111,-276.3166041,-285.9954972,-295.6743902,-305.3532833,-315.0321764,-324.7110694,-334.3899625,-344.0688555,-353.7477486,-363.4266417,-373.1055347,-382.7844278,-392.4633208,-402.1422139,-411.8211069,-421.5,-431.1788931,-440.8577861,-450.5366792,-460.2155722,-469.8944653,-479.5733583,-489.2522514,-498.9311445
8720,166.5353659,28.46341463,6.097560976,-9.87804878,-19.46341463,-22.65853659,-41.82926829,-54.6097561,-67.3902439,-80.17073171,-92.95121951,-105.7317073,-118.5121951,-131.2926829,-140.9829268,-150.6731707,-160.3634146,-170.0536585,-179.7439024,-189.4341463,-199.1243902,-208.8146341,-218.504878,-228.195122,-237.8853659,-247.5756098,-257.2658537,-266.9560976,-276.6463415,-286.3365854,-296.0268293,-305.7170732,-315.4073171,-325.097561,-334.7878049,-344.4780488,-354.1682927,-363.8585366,-373.5487805,-383.2390244,-392.9292683,-402.6195122,-412.3097561,-422,-431.6902439,-441.3804878,-451.0707317,-460.7609756,-470.4512195,-480.1414634,-489.8317073,-499.5219512
8730,166.7273921,28.49155722,6.099437148,-9.894934334,-19.49155722,-22.69043152,-41.8836773,-54.67917448,-67.47467167,-80.27016886,-93.06566604,-105.8611632,-118.6566604,-131.4521576,-141.1537523,-150.8553471,-160.5569418,-170.2585366,-179.9601313,-189.6617261,-199.3633208,-209.0649156,-218.7665103,-228.4681051,-238.1696998,-247.8712946,-257.5728893,-267.2744841,-276.9760788,-286.6776735,-296.3792683,-306.080863,-315.7824578,-325.4840525,-335.1856473,-344.887242,-354.5888368,-364.2904315,-373.9920263,-383.693621,-393.3952158,-403.0968105,-412.7984053,-422.5,-432.2015947,-441.9031895,-451.6047842,-461.306379,-471.0079737,-480.7095685,-490.4111632,-500.112758
8740,166.9194184,28.51969981,6.101313321,-9.911819887,-19.51969981,-22.72232645,-41.9380863,-54.74859287,-67.55909944,-80.369606,-93.18011257,-105.9906191,-118.8011257,-131.6116323,-141.3245779,-151.0375235,-160.750469,-170.4634146,-180.1763602,-189.8893058,-199.6022514,-209.315197,-219.0281426,-228.7410882,-238.4540338,-248.1669794,-257.879925,-267.5928705,-277.3058161,-287.0187617,-296.7317073,-306.4446529,-316.1575985,-325.8705441,-335.5834897,-345.2964353,-355.0093809,-364.7223265,-374.435272,-384.1482176,-393.8611632,-403.5741088,-413.2870544,-423,-432.7129456,-442.4258912,-452.1388368,-461.8517824,-471.564728,-481.2776735,-490.9906191,-500.7035647
8750,167.1114447,28.5478424,6.103189493,-9.928705441,-19.5478424,-22.75422139,-41.99249531,-54.81801126,-67.6435272,-80.46904315,-93.2945591,-106.120075,-118.945591,-131.7711069,-141.4954034,-151.2196998,-160.9439962,-170.6682927,-180.3925891,-190.1168856,-199.841182,-209.5654784,-219.2897749,-229.0140713,-238.7383677,-248.4626642,-258.1869606,-267.911257,-277.6355535,-287.3598499,-297.0841463,-306.8084428,-316.5327392,-326.2570356,-335.9813321,-345.7056285,-355.429925,-365.1542214,-374.8785178,-384.6028143,-394.3271107,-404.0514071,-413.7757036,-423.5,-433.2242964,-442.9485929,-452.6728893,-462.3971857,-472.1214822,-481.8457786,-491.570075,-501.2943715
8760,167.3034709,28.57598499,6.105065666,-9.945590994,-19.57598499,-22.78611632,-42.04690432,-54.88742964,-67.72795497,-80.5684803,-93.40900563,-106.249531,-119.0900563,-131.9305816,-141.6662289,-151.4018762,-161.1375235,-170.8731707,-180.608818,-190.3444653,-200.0801126,-209.8157598,-219.5514071,-229.2870544,-239.0227017,-248.758349,-258.4939962,-268.2296435,-277.9652908,-287.7009381,-297.4365854,-307.1722326,-316.9078799,-326.6435272,-336.3791745,-346.1148218,-355.850469,-365.5861163,-375.3217636,-385.0574109,-394.7930582,-404.5287054,-414.2643527,-424,-433.7356473,-443.4712946,-453.2069418,-462.9425891,-472.6782364,-482.4138837,-492.149531,-501.8851782
8770,167.4954972,28.60412758,6.106941839,-9.962476548,-19.60412758,-22.81801126,-42.10131332,-54.95684803,-67.81238274,-80.66791745,-93.52345216,-106.3789869,-119.2345216,-132.0900563,-141.8370544,-151.5840525,-161.3310507,-171.0780488,-180.8250469,-190.572045,-200.3190432,-210.0660413,-219.8130394,-229.5600375,-239.3070356,-249.0540338,-258.8010319,-268.54803,-278.2950281,-288.0420263,-297.7890244,-307.5360225,-317.2830206,-327.0300188,-336.7770169,-346.524015,-356.2710131,-366.0180113,-375.7650094,-385.5120075,-395.2590056,-405.0060038,-414.7530019,-424.5,-434.2469981,-443.9939962,-453.7409944,-463.4879925,-473.2349906,-482.9819887,-492.7289869,-502.475985
8780,167.6875235,28.63227017,6.108818011,-9.979362101,-19.63227017,-22.84990619,-42.15572233,-55.02626642,-67.89681051,-80.7673546,-93.63789869,-106.5084428,-119.3789869,-132.249531,-142.0078799,-151.7662289,-161.5245779,-171.2829268,-181.0412758,-190.7996248,-200.5579737,-210.3163227,-220.0746717,-229.8330206,-239.5913696,-249.3497186,-259.1080675,-268.8664165,-278.6247655,-288.3831144,-298.1414634,-307.8998124,-317.6581614,-327.4165103,-337.1748593,-346.9332083,-356.6915572,-366.4499062,-376.2082552,-385.9666041,-395.7249531,-405.4833021,-415.241651,-425,-434.758349,-444.5166979,-454.2750469,-464.0333959,-473.7917448,-483.5500938,-493.3084428,-503.0667917
8790,167.8795497,28.66041276,6.110694184,-9.996247655,-19.66041276,-22.88180113,-42.21013133,-55.0956848,-67.98123827,-80.86679174,-93.75234522,-106.6378987,-119.5234522,-132.4090056,-142.1787054,-151.9484053,-161.7181051,-171.4878049,-181.2575047,-191.0272045,-200.7969043,-210.5666041,-220.3363039,-230.1060038,-239.8757036,-249.6454034,-259.4151032,-269.184803,-278.9545028,-288.7242026,-298.4939024,-308.2636023,-318.0333021,-327.8030019,-337.5727017,-347.3424015,-357.1121013,-366.8818011,-376.6515009,-386.4212008,-396.1909006,-405.9606004,-415.7303002,-425.5,-435.2696998,-445.0393996,-454.8090994,-464.5787992,-474.3484991,-484.1181989,-493.8878987,-503.6575985
8800,168.071576,28.68855535,6.112570356,-10.01313321,-19.68855535,-22.91369606,-42.26454034,-55.16510319,-68.06566604,-80.96622889,-93.86679174,-106.7673546,-119.6679174,-132.5684803,-142.349531,-152.1305816,-161.9116323,-171.6926829,-181.4737336,-191.2547842,-201.0358349,-210.8168856,-220.5979362,-230.3789869,-240.1600375,-249.9410882,-259.7221388,-269.5031895,-279.2842402,-289.0652908,-298.8463415,-308.6273921,-318.4084428,-328.1894934,-337.9705441,-347.7515947,-357.5326454,-367.3136961,-377.0947467,-386.8757974,-396.656848,-406.4378987,-416.2189493,-426,-435.7810507,-445.5621013,-455.343152,-465.1242026,-474.9052533,-484.6863039,-494.4673546,-504.2484053
8810,168.2636023,28.71669794,6.114446529,-10.03001876,-19.71669794,-22.94559099,-42.31894934,-55.23452158,-68.15009381,-81.06566604,-93.98123827,-106.8968105,-119.8123827,-132.727955,-142.5203565,-152.312758,-162.1051595,-171.897561,-181.6899625,-191.482364,-201.2747655,-211.067167,-220.8595685,-230.65197,-240.4443715,-250.236773,-260.0291745,-269.821576,-279.6139775,-289.406379,-299.1987805,-308.991182,-318.7835835,-328.575985,-338.3683865,-348.160788,-357.9531895,-367.745591,-377.5379925,-387.330394,-397.1227955,-406.915197,-416.7075985,-426.5,-436.2924015,-446.084803,-455.8772045,-465.669606,-475.4620075,-485.254409,-495.0468105,-504.839212
8820,168.4556285,28.74484053,6.116322702,-10.04690432,-19.74484053,-22.97748593,-42.37335835,-55.30393996,-68.23452158,-81.16510319,-94.0956848,-107.0262664,-119.956848,-132.8874296,-142.691182,-152.4949343,-162.2986867,-172.102439,-181.9061914,-191.7099437,-201.5136961,-211.3174484,-221.1212008,-230.9249531,-240.7287054,-250.5324578,-260.3362101,-270.1399625,-279.9437148,-289.7474672,-299.5512195,-309.3549719,-319.1587242,-328.9624765,-338.7662289,-348.5699812,-358.3737336,-368.1774859,-377.9812383,-387.7849906,-397.588743,-407.3924953,-417.1962477,-427,-436.8037523,-446.6075047,-456.411257,-466.2150094,-476.0187617,-485.8225141,-495.6262664,-505.4300188
8830,168.6476548,28.77298311,6.118198874,-10.06378987,-19.77298311,-23.00938086,-42.42776735,-55.37335835,-68.31894934,-81.26454034,-94.21013133,-107.1557223,-120.1013133,-133.0469043,-142.8620075,-152.6771107,-162.4922139,-172.3073171,-182.1224203,-191.9375235,-201.7526266,-211.5677298,-221.382833,-231.1979362,-241.0130394,-250.8281426,-260.6432458,-270.458349,-280.2734522,-290.0885553,-299.9036585,-309.7187617,-319.5338649,-329.3489681,-339.1640713,-348.9791745,-358.7942777,-368.6093809,-378.4244841,-388.2395872,-398.0546904,-407.8697936,-417.6848968,-427.5,-437.3151032,-447.1302064,-456.9453096,-466.7604128,-476.5755159,-486.3906191,-496.2057223,-506.0208255
8840,168.8396811,28.8011257,6.120075047,-10.08067542,-19.8011257,-23.0412758,-42.48217636,-55.44277674,-68.40337711,-81.36397749,-94.32457786,-107.2851782,-120.2457786,-133.206379,-143.032833,-152.8592871,-162.6857411,-172.5121951,-182.3386492,-192.1651032,-201.9915572,-211.8180113,-221.6444653,-231.4709193,-241.2973734,-251.1238274,-260.9502814,-270.7767355,-280.6031895,-290.4296435,-300.2560976,-310.0825516,-319.9090056,-329.7354597,-339.5619137,-349.3883677,-359.2148218,-369.0412758,-378.8677298,-388.6941839,-398.5206379,-408.3470919,-418.173546,-428,-437.826454,-447.6529081,-457.4793621,-467.3058161,-477.1322702,-486.9587242,-496.7851782,-506.6116323
8850,169.0317073,28.82926829,6.12195122,-10.09756098,-19.82926829,-23.07317073,-42.53658537,-55.51219512,-68.48780488,-81.46341463,-94.43902439,-107.4146341,-120.3902439,-133.3658537,-143.2036585,-153.0414634,-162.8792683,-172.7170732,-182.554878,-192.3926829,-202.2304878,-212.0682927,-221.9060976,-231.7439024,-241.5817073,-251.4195122,-261.2573171,-271.095122,-280.9329268,-290.7707317,-300.6085366,-310.4463415,-320.2841463,-330.1219512,-339.9597561,-349.797561,-359.6353659,-369.4731707,-379.3109756,-389.1487805,-398.9865854,-408.8243902,-418.6621951,-428.5,-438.3378049,-448.1756098,-458.0134146,-467.8512195,-477.6890244,-487.5268293,-497.3646341,-507.202439
8860,169.2237336,28.85741088,6.123827392,-10.11444653,-19.85741088,-23.10506567,-42.59099437,-55.58161351,-68.57223265,-81.56285178,-94.55347092,-107.5440901,-120.5347092,-133.5253283,-143.3744841,-153.2236398,-163.0727955,-172.9219512,-182.7711069,-192.6202627,-202.4694184,-212.3185741,-222.1677298,-232.0168856,-241.8660413,-251.715197,-261.5643527,-271.4135084,-281.2626642,-291.1118199,-300.9609756,-310.8101313,-320.6592871,-330.5084428,-340.3575985,-350.2067542,-360.0559099,-369.9050657,-379.7542214,-389.6033771,-399.4525328,-409.3016886,-419.1508443,-429,-438.8491557,-448.6983114,-458.5474672,-468.3966229,-478.2457786,-488.0949343,-497.9440901,-507.7932458
8870,169.4157598,28.88555347,6.125703565,-10.13133208,-19.88555347,-23.1369606,-42.64540338,-55.65103189,-68.65666041,-81.66228893,-94.66791745,-107.673546,-120.6791745,-133.684803,-143.5453096,-153.4058161,-163.2663227,-173.1268293,-182.9873358,-192.8478424,-202.708349,-212.5688555,-222.4293621,-232.2898687,-242.1503752,-252.0108818,-261.8713884,-271.7318949,-281.5924015,-291.4529081,-301.3134146,-311.1739212,-321.0344278,-330.8949343,-340.7554409,-350.6159475,-360.476454,-370.3369606,-380.1974672,-390.0579737,-399.9184803,-409.7789869,-419.6394934,-429.5,-439.3605066,-449.2210131,-459.0815197,-468.9420263,-478.8025328,-488.6630394,-498.523546,-508.3840525
8880,169.6077861,28.91369606,6.127579737,-10.14821764,-19.91369606,-23.16885553,-42.69981238,-55.72045028,-68.74108818,-81.76172608,-94.78236398,-107.8030019,-120.8236398,-133.8442777,-143.7161351,-153.5879925,-163.4598499,-173.3317073,-183.2035647,-193.0754221,-202.9472795,-212.819137,-222.6909944,-232.5628518,-242.4347092,-252.3065666,-262.178424,-272.0502814,-281.9221388,-291.7939962,-301.6658537,-311.5377111,-321.4095685,-331.2814259,-341.1532833,-351.0251407,-360.8969981,-370.7688555,-380.6407129,-390.5125704,-400.3844278,-410.2562852,-420.1281426,-430,-439.8718574,-449.7437148,-459.6155722,-469.4874296,-479.3592871,-489.2311445,-499.1030019,-508.9748593
8890,169.7998124,28.94183865,6.12945591,-10.16510319,-19.94183865,-23.20075047,-42.75422139,-55.78986867,-68.82551595,-81.86116323,-94.89681051,-107.9324578,-120.9681051,-134.0037523,-143.8869606,-153.7701689,-163.6533771,-173.5365854,-183.4197936,-193.3030019,-203.1862101,-213.0694184,-222.9526266,-232.8358349,-242.7190432,-252.6022514,-262.4854597,-272.3686679,-282.2518762,-292.1350844,-302.0182927,-311.9015009,-321.7847092,-331.6679174,-341.5511257,-351.434334,-361.3175422,-371.2007505,-381.0839587,-390.967167,-400.8503752,-410.7335835,-420.6167917,-430.5,-440.3832083,-450.2664165,-460.1496248,-470.032833,-479.9160413,-489.7992495,-499.6824578,-509.565666
8900,169.9918386,28.96998124,6.131332083,-10.18198874,-19.96998124,-23.2326454,-42.80863039,-55.85928705,-68.90994371,-81.96060038,-95.01125704,-108.0619137,-121.1125704,-134.163227,-144.0577861,-153.9523452,-163.8469043,-173.7414634,-183.6360225,-193.5305816,-203.4251407,-213.3196998,-223.2142589,-233.108818,-243.0033771,-252.8979362,-262.7924953,-272.6870544,-282.5816135,-292.4761726,-302.3707317,-312.2652908,-322.1598499,-332.054409,-341.9489681,-351.8435272,-361.7380863,-371.6326454,-381.5272045,-391.4217636,-401.3163227,-411.2108818,-421.1054409,-431,-440.8945591,-450.7891182,-460.6836773,-470.5782364,-480.4727955,-490.3673546,-500.2619137,-510.1564728
8910,170.1838649,28.99812383,6.133208255,-10.1988743,-19.99812383,-23.26454034,-42.8630394,-55.92870544,-68.99437148,-82.06003752,-95.12570356,-108.1913696,-121.2570356,-134.3227017,-144.2286116,-154.1345216,-164.0404315,-173.9463415,-183.8522514,-193.7581614,-203.6640713,-213.5699812,-223.4758912,-233.3818011,-243.2877111,-253.193621,-263.099531,-273.0054409,-282.9113508,-292.8172608,-302.7231707,-312.6290807,-322.5349906,-332.4409006,-342.3468105,-352.2527205,-362.1586304,-372.0645403,-381.9704503,-391.8763602,-401.7822702,-411.6881801,-421.5940901,-431.5,-441.4059099,-451.3118199,-461.2177298,-471.1236398,-481.0295497,-490.9354597,-500.8413696,-510.7472795
8920,170.3758912,29.02626642,6.135084428,-10.21575985,-20.02626642,-23.29643527,-42.91744841,-55.99812383,-69.07879925,-82.15947467,-95.24015009,-108.3208255,-121.4015009,-134.4821764,-144.3994371,-154.3166979,-164.2339587,-174.1512195,-184.0684803,-193.9857411,-203.9030019,-213.8202627,-223.7375235,-233.6547842,-243.572045,-253.4893058,-263.4065666,-273.3238274,-283.2410882,-293.158349,-303.0756098,-312.9928705,-322.9101313,-332.8273921,-342.7446529,-352.6619137,-362.5791745,-372.4964353,-382.4136961,-392.3309568,-402.2482176,-412.1654784,-422.0827392,-432,-441.9172608,-451.8345216,-461.7517824,-471.6690432,-481.5863039,-491.5035647,-501.4208255,-511.3380863
8930,170.5679174,29.05440901,6.1369606,-10.2326454,-20.05440901,-23.32833021,-42.97185741,-56.06754221,-69.16322702,-82.25891182,-95.35459662,-108.4502814,-121.5459662,-134.641651,-144.5702627,-154.4988743,-164.4274859,-174.3560976,-184.2847092,-194.2133208,-204.1419325,-214.0705441,-223.9991557,-233.9277674,-243.856379,-253.7849906,-263.7136023,-273.6422139,-283.5708255,-293.4994371,-303.4280488,-313.3566604,-323.285272,-333.2138837,-343.1424953,-353.0711069,-362.9997186,-372.9283302,-382.8569418,-392.7855535,-402.7141651,-412.6427767,-422.5713884,-432.5,-442.4286116,-452.3572233,-462.2858349,-472.2144465,-482.1430582,-492.0716698,-502.0002814,-511.9288931
8940,170.7599437,29.08255159,6.138836773,-10.24953096,-20.08255159,-23.36022514,-43.02626642,-56.1369606,-69.24765478,-82.35834897,-95.46904315,-108.5797373,-121.6904315,-134.8011257,-144.7410882,-154.6810507,-164.6210131,-174.5609756,-184.5009381,-194.4409006,-204.380863,-214.3208255,-224.260788,-234.2007505,-244.1407129,-254.0806754,-264.0206379,-273.9606004,-283.9005629,-293.8405253,-303.7804878,-313.7204503,-323.6604128,-333.6003752,-343.5403377,-353.4803002,-363.4202627,-373.3602251,-383.3001876,-393.2401501,-403.1801126,-413.120075,-423.0600375,-433,-442.9399625,-452.879925,-462.8198874,-472.7598499,-482.6998124,-492.6397749,-502.5797373,-512.5196998
8950,170.95197,29.11069418,6.140712946,-10.26641651,-20.11069418,-23.39212008,-43.08067542,-56.20637899,-69.33208255,-82.45778612,-95.58348968,-108.7091932,-121.8348968,-134.9606004,-144.9119137,-154.863227,-164.8145403,-174.7658537,-184.717167,-194.6684803,-204.6197936,-214.5711069,-224.5224203,-234.4737336,-244.4250469,-254.3763602,-264.3276735,-274.2789869,-284.2303002,-294.1816135,-304.1329268,-314.0842402,-324.0355535,-333.9868668,-343.9381801,-353.8894934,-363.8408068,-373.7921201,-383.7434334,-393.6947467,-403.64606,-413.5973734,-423.5486867,-433.5,-443.4513133,-453.4026266,-463.35394,-473.3052533,-483.2565666,-493.2078799,-503.1591932,-513.1105066
8960,171.1439962,29.13883677,6.142589118,-10.28330206,-20.13883677,-23.42401501,-43.13508443,-56.27579737,-69.41651032,-82.55722326,-95.69793621,-108.8386492,-121.9793621,-135.120075,-145.0827392,-155.0454034,-165.0080675,-174.9707317,-184.9333959,-194.89606,-204.8587242,-214.8213884,-224.7840525,-234.7467167,-244.7093809,-254.672045,-264.6347092,-274.5973734,-284.5600375,-294.5227017,-304.4853659,-314.44803,-324.4106942,-334.3733583,-344.3360225,-354.2986867,-364.2613508,-374.224015,-384.1866792,-394.1493433,-404.1120075,-414.0746717,-424.0373358,-434,-443.9626642,-453.9253283,-463.8879925,-473.8506567,-483.8133208,-493.775985,-503.7386492,-513.7013133
8970,171.3360225,29.16697936,6.144465291,-10.30018762,-20.16697936,-23.45590994,-43.18949343,-56.34521576,-69.50093809,-82.65666041,-95.81238274,-108.9681051,-122.1238274,-135.2795497,-145.2535647,-155.2275797,-165.2015947,-175.1756098,-185.1496248,-195.1236398,-205.0976548,-215.0716698,-225.0456848,-235.0196998,-244.9937148,-254.9677298,-264.9417448,-274.9157598,-284.8897749,-294.8637899,-304.8378049,-314.8118199,-324.7858349,-334.7598499,-344.7338649,-354.7078799,-364.6818949,-374.6559099,-384.629925,-394.60394,-404.577955,-414.55197,-424.525985,-434.5,-444.474015,-454.44803,-464.422045,-474.39606,-484.370075,-494.3440901,-504.3181051,-514.2921201
8980,171.5280488,29.19512195,6.146341463,-10.31707317,-20.19512195,-23.48780488,-43.24390244,-56.41463415,-69.58536585,-82.75609756,-95.92682927,-109.097561,-122.2682927,-135.4390244,-145.4243902,-155.4097561,-165.395122,-175.3804878,-185.3658537,-195.3512195,-205.3365854,-215.3219512,-225.3073171,-235.2926829,-245.2780488,-255.2634146,-265.2487805,-275.2341463,-285.2195122,-295.204878,-305.1902439,-315.1756098,-325.1609756,-335.1463415,-345.1317073,-355.1170732,-365.102439,-375.0878049,-385.0731707,-395.0585366,-405.0439024,-415.0292683,-425.0146341,-435,-444.9853659,-454.9707317,-464.9560976,-474.9414634,-484.9268293,-494.9121951,-504.897561,-514.8829268
8990,171.720075,29.22326454,6.148217636,-10.33395872,-20.22326454,-23.51969981,-43.29831144,-56.48405253,-69.66979362,-82.85553471,-96.0412758,-109.2270169,-122.412758,-135.5984991,-145.5952158,-155.5919325,-165.5886492,-175.5853659,-185.5820826,-195.5787992,-205.5755159,-215.5722326,-225.5689493,-235.565666,-245.5623827,-255.5590994,-265.5558161,-275.5525328,-285.5492495,-295.5459662,-305.5426829,-315.5393996,-325.5361163,-335.532833,-345.5295497,-355.5262664,-365.5229831,-375.5196998,-385.5164165,-395.5131332,-405.5098499,-415.5065666,-425.5032833,-435.5,-445.4967167,-455.4934334,-465.4901501,-475.4868668,-485.4835835,-495.4803002,-505.4770169,-515.4737336
9000,171.9121013,29.25140713,6.150093809,-10.35084428,-20.25140713,-23.55159475,-43.35272045,-56.55347092,-69.75422139,-82.95497186,-96.15572233,-109.3564728,-122.5572233,-135.7579737,-145.7660413,-155.7741088,-165.7821764,-175.7902439,-185.7983114,-195.806379,-205.8144465,-215.8225141,-225.8305816,-235.8386492,-245.8467167,-255.8547842,-265.8628518,-275.8709193,-285.8789869,-295.8870544,-305.895122,-315.9031895,-325.911257,-335.9193246,-345.9273921,-355.9354597,-365.9435272,-375.9515947,-385.9596623,-395.9677298,-405.9757974,-415.9838649,-425.9919325,-436,-446.0080675,-456.0161351,-466.0242026,-476.0322702,-486.0403377,-496.0484053,-506.0564728,-516.0645403
9010,172.1041276,29.27954972,6.151969981,-10.36772983,-20.27954972,-23.58348968,-43.40712946,-56.62288931,-69.83864916,-83.05440901,-96.27016886,-109.4859287,-122.7016886,-135.9174484,-145.9368668,-155.9562852,-165.9757036,-175.995122,-186.0145403,-196.0339587,-206.0533771,-216.0727955,-226.0922139,-236.1116323,-246.1310507,-256.150469,-266.1698874,-276.1893058,-286.2087242,-296.2281426,-306.247561,-316.2669794,-326.2863977,-336.3058161,-346.3252345,-356.3446529,-366.3640713,-376.3834897,-386.4029081,-396.4223265,-406.4417448,-416.4611632,-426.4805816,-436.5,-446.5194184,-456.5388368,-466.5582552,-476.5776735,-486.5970919,-496.6165103,-506.6359287,-516.6553471
9020,172.2961538,29.30769231,6.153846154,-10.38461538,-20.30769231,-23.61538462,-43.46153846,-56.69230769,-69.92307692,-83.15384615,-96.38461538,-109.6153846,-122.8461538,-136.0769231,-146.1076923,-156.1384615,-166.1692308,-176.2,-186.2307692,-196.2615385,-206.2923077,-216.3230769,-226.3538462,-236.3846154,-246.4153846,-256.4461538,-266.4769231,-276.5076923,-286.5384615,-296.5692308,-306.6,-316.6307692,-326.6615385,-336.6923077,-346.7230769,-356.7538462,-366.7846154,-376.8153846,-386.8461538,-396.8769231,-406.9076923,-416.9384615,-426.9692308,-437,-447.0307692,-457.0615385,-467.0923077,-477.1230769,-487.1538462,-497.1846154,-507.2153846,-517.2461538
9030,172.4881801,29.3358349,6.155722326,-10.40150094,-20.3358349,-23.64727955,-43.51594747,-56.76172608,-70.00750469,-83.2532833,-96.49906191,-109.7448405,-122.9906191,-136.2363977,-146.2785178,-156.3206379,-166.362758,-176.404878,-186.4469981,-196.4891182,-206.5312383,-216.5733583,-226.6154784,-236.6575985,-246.6997186,-256.7418386,-266.7839587,-276.8260788,-286.8681989,-296.9103189,-306.952439,-316.9945591,-327.0366792,-337.0787992,-347.1209193,-357.1630394,-367.2051595,-377.2472795,-387.2893996,-397.3315197,-407.3736398,-417.4157598,-427.4578799,-437.5,-447.5421201,-457.5842402,-467.6263602,-477.6684803,-487.7106004,-497.7527205,-507.7948405,-517.8369606
9040,172.6802064,29.36397749,6.157598499,-10.41838649,-20.36397749,-23.67917448,-43.57035647,-56.83114447,-70.09193246,-83.35272045,-96.61350844,-109.8742964,-123.1350844,-136.3958724,-146.4493433,-156.5028143,-166.5562852,-176.6097561,-186.663227,-196.7166979,-206.7701689,-216.8236398,-226.8771107,-236.9305816,-246.9840525,-257.0375235,-267.0909944,-277.1444653,-287.1979362,-297.2514071,-307.304878,-317.358349,-327.4118199,-337.4652908,-347.5187617,-357.5722326,-367.6257036,-377.6791745,-387.7326454,-397.7861163,-407.8395872,-417.8930582,-427.9465291,-438,-448.0534709,-458.1069418,-468.1604128,-478.2138837,-488.2673546,-498.3208255,-508.3742964,-518.4277674
9050,172.8722326,29.39212008,6.159474672,-10.43527205,-20.39212008,-23.71106942,-43.62476548,-56.90056285,-70.17636023,-83.4521576,-96.72795497,-110.0037523,-123.2795497,-136.5553471,-146.6201689,-156.6849906,-166.7498124,-176.8146341,-186.8794559,-196.9442777,-207.0090994,-217.0739212,-227.138743,-237.2035647,-247.2683865,-257.3332083,-267.39803,-277.4628518,-287.5276735,-297.5924953,-307.6573171,-317.7221388,-327.7869606,-337.8517824,-347.9166041,-357.9814259,-368.0462477,-378.1110694,-388.1758912,-398.2407129,-408.3055347,-418.3703565,-428.4351782,-438.5,-448.5648218,-458.6296435,-468.6944653,-478.7592871,-488.8241088,-498.8889306,-508.9537523,-519.0185741
9060,173.0642589,29.42026266,6.161350844,-10.4521576,-20.42026266,-23.74296435,-43.67917448,-56.96998124,-70.26078799,-83.55159475,-96.8424015,-110.1332083,-123.424015,-136.7148218,-146.7909944,-156.867167,-166.9433396,-177.0195122,-187.0956848,-197.1718574,-207.24803,-217.3242026,-227.4003752,-237.4765478,-247.5527205,-257.6288931,-267.7050657,-277.7812383,-287.8574109,-297.9335835,-308.0097561,-318.0859287,-328.1621013,-338.2382739,-348.3144465,-358.3906191,-368.4667917,-378.5429644,-388.619137,-398.6953096,-408.7714822,-418.8476548,-428.9238274,-439,-449.0761726,-459.1523452,-469.2285178,-479.3046904,-489.380863,-499.4570356,-509.5332083,-519.6093809
9070,173.2562852,29.44840525,6.163227017,-10.46904315,-20.44840525,-23.77485929,-43.73358349,-57.03939962,-70.34521576,-83.65103189,-96.95684803,-110.2626642,-123.5684803,-136.8742964,-146.9618199,-157.0493433,-167.1368668,-177.2243902,-187.3119137,-197.3994371,-207.4869606,-217.5744841,-227.6620075,-237.749531,-247.8370544,-257.9245779,-268.0121013,-278.0996248,-288.1871482,-298.2746717,-308.3621951,-318.4497186,-328.537242,-338.6247655,-348.7122889,-358.7998124,-368.8873358,-378.9748593,-389.0623827,-399.1499062,-409.2374296,-419.3249531,-429.4124765,-439.5,-449.5875235,-459.6750469,-469.7625704,-479.8500938,-489.9376173,-500.0251407,-510.1126642,-520.2001876
9080,173.4483114,29.47654784,6.165103189,-10.48592871,-20.47654784,-23.80675422,-43.7879925,-57.10881801,-70.42964353,-83.75046904,-97.07129456,-110.3921201,-123.7129456,-137.0337711,-147.1326454,-157.2315197,-167.330394,-177.4292683,-187.5281426,-197.6270169,-207.7258912,-217.8247655,-227.9236398,-238.0225141,-248.1213884,-258.2202627,-268.319137,-278.4180113,-288.5168856,-298.6157598,-308.7146341,-318.8135084,-328.9123827,-339.011257,-349.1101313,-359.2090056,-369.3078799,-379.4067542,-389.5056285,-399.6045028,-409.7033771,-419.8022514,-429.9011257,-440,-450.0988743,-460.1977486,-470.2966229,-480.3954972,-490.4943715,-500.5932458,-510.6921201,-520.7909944
9090,173.6403377,29.50469043,6.166979362,-10.50281426,-20.50469043,-23.83864916,-43.8424015,-57.1782364,-70.51407129,-83.84990619,-97.18574109,-110.521576,-123.8574109,-137.1932458,-147.3034709,-157.4136961,-167.5239212,-177.6341463,-187.7443715,-197.8545966,-207.9648218,-218.0750469,-228.185272,-238.2954972,-248.4057223,-258.5159475,-268.6261726,-278.7363977,-288.8466229,-298.956848,-309.0670732,-319.1772983,-329.2875235,-339.3977486,-349.5079737,-359.6181989,-369.728424,-379.8386492,-389.9488743,-400.0590994,-410.1693246,-420.2795497,-430.3897749,-440.5,-450.6102251,-460.7204503,-470.8306754,-480.9409006,-491.0511257,-501.1613508,-511.271576,-521.3818011
9100,173.832364,29.53283302,6.168855535,-10.51969981,-20.53283302,-23.87054409,-43.89681051,-57.24765478,-70.59849906,-83.94934334,-97.30018762,-110.6510319,-124.0018762,-137.3527205,-147.4742964,-157.5958724,-167.7174484,-177.8390244,-187.9606004,-198.0821764,-208.2037523,-218.3253283,-228.4469043,-238.5684803,-248.6900563,-258.8116323,-268.9332083,-279.0547842,-289.1763602,-299.2979362,-309.4195122,-319.5410882,-329.6626642,-339.7842402,-349.9058161,-360.0273921,-370.1489681,-380.2705441,-390.3921201,-400.5136961,-410.635272,-420.756848,-430.878424,-441,-451.121576,-461.243152,-471.364728,-481.4863039,-491.6078799,-501.7294559,-511.8510319,-521.9726079
9110,174.0243902,29.56097561,6.170731707,-10.53658537,-20.56097561,-23.90243902,-43.95121951,-57.31707317,-70.68292683,-84.04878049,-97.41463415,-110.7804878,-124.1463415,-137.5121951,-147.645122,-157.7780488,-167.9109756,-178.0439024,-188.1768293,-198.3097561,-208.4426829,-218.5756098,-228.7085366,-238.8414634,-248.9743902,-259.1073171,-269.2402439,-279.3731707,-289.5060976,-299.6390244,-309.7719512,-319.904878,-330.0378049,-340.1707317,-350.3036585,-360.4365854,-370.5695122,-380.702439,-390.8353659,-400.9682927,-411.1012195,-421.2341463,-431.3670732,-441.5,-451.6329268,-461.7658537,-471.8987805,-482.0317073,-492.1646341,-502.297561,-512.4304878,-522.5634146
9120,174.2164165,29.5891182,6.17260788,-10.55347092,-20.5891182,-23.93433396,-44.00562852,-57.38649156,-70.7673546,-84.14821764,-97.52908068,-110.9099437,-124.2908068,-137.6716698,-147.8159475,-157.9602251,-168.1045028,-178.2487805,-188.3930582,-198.5373358,-208.6816135,-218.8258912,-228.9701689,-239.1144465,-249.2587242,-259.4030019,-269.5472795,-279.6915572,-289.8358349,-299.9801126,-310.1243902,-320.2686679,-330.4129456,-340.5572233,-350.7015009,-360.8457786,-370.9900563,-381.134334,-391.2786116,-401.4228893,-411.567167,-421.7114447,-431.8557223,-442,-452.1442777,-462.2885553,-472.432833,-482.5771107,-492.7213884,-502.865666,-513.0099437,-523.1542214
9130,174.4084428,29.61726079,6.174484053,-10.57035647,-20.61726079,-23.96622889,-44.06003752,-57.45590994,-70.85178236,-84.24765478,-97.6435272,-111.0393996,-124.435272,-137.8311445,-147.986773,-158.1424015,-168.29803,-178.4536585,-188.6092871,-198.7649156,-208.9205441,-219.0761726,-229.2318011,-239.3874296,-249.5430582,-259.6986867,-269.8543152,-280.0099437,-290.1655722,-300.3212008,-310.4768293,-320.6324578,-330.7880863,-340.9437148,-351.0993433,-361.2549719,-371.4106004,-381.5662289,-391.7218574,-401.8774859,-412.0331144,-422.188743,-432.3443715,-442.5,-452.6556285,-462.811257,-472.9668856,-483.1225141,-493.2781426,-503.4337711,-513.5893996,-523.7450281
9140,174.600469,29.64540338,6.176360225,-10.58724203,-20.64540338,-23.99812383,-44.11444653,-57.52532833,-70.93621013,-84.34709193,-97.75797373,-111.1688555,-124.5797373,-137.9906191,-148.1575985,-158.3245779,-168.4915572,-178.6585366,-188.8255159,-198.9924953,-209.1594747,-219.326454,-229.4934334,-239.6604128,-249.8273921,-259.9943715,-270.1613508,-280.3283302,-290.4953096,-300.6622889,-310.8292683,-320.9962477,-331.163227,-341.3302064,-351.4971857,-361.6641651,-371.8311445,-381.9981238,-392.1651032,-402.3320826,-412.4990619,-422.6660413,-432.8330206,-443,-453.1669794,-463.3339587,-473.5009381,-483.6679174,-493.8348968,-504.0018762,-514.1688555,-524.3358349
9150,174.7924953,29.67354597,6.178236398,-10.60412758,-20.67354597,-24.03001876,-44.16885553,-57.59474672,-71.0206379,-84.44652908,-97.87242026,-111.2983114,-124.7242026,-138.1500938,-148.328424,-158.5067542,-168.6850844,-178.8634146,-189.0417448,-199.220075,-209.3984053,-219.5767355,-229.7550657,-239.9333959,-250.1117261,-260.2900563,-270.4683865,-280.6467167,-290.8250469,-301.0033771,-311.1817073,-321.3600375,-331.5383677,-341.7166979,-351.8950281,-362.0733583,-372.2516886,-382.4300188,-392.608349,-402.7866792,-412.9650094,-423.1433396,-433.3216698,-443.5,-453.6783302,-463.8566604,-474.0349906,-484.2133208,-494.391651,-504.5699812,-514.7483114,-524.9266417
9160,174.9845216,29.70168856,6.18011257,-10.62101313,-20.70168856,-24.0619137,-44.22326454,-57.6641651,-71.10506567,-84.54596623,-97.98686679,-111.4277674,-124.8686679,-138.3095685,-148.4992495,-158.6889306,-168.8786116,-179.0682927,-189.2579737,-199.4476548,-209.6373358,-219.8270169,-230.0166979,-240.206379,-250.39606,-260.5857411,-270.7754221,-280.9651032,-291.1547842,-301.3444653,-311.5341463,-321.7238274,-331.9135084,-342.1031895,-352.2928705,-362.4825516,-372.6722326,-382.8619137,-393.0515947,-403.2412758,-413.4309568,-423.6206379,-433.8103189,-444,-454.1896811,-464.3793621,-474.5690432,-484.7587242,-494.9484053,-505.1380863,-515.3277674,-525.5174484
9170,175.1765478,29.72983114,6.181988743,-10.63789869,-20.72983114,-24.09380863,-44.27767355,-57.73358349,-71.18949343,-84.64540338,-98.10131332,-111.5572233,-125.0131332,-138.4690432,-148.670075,-158.8711069,-169.0721388,-179.2731707,-189.4742026,-199.6752345,-209.8762664,-220.0772983,-230.2783302,-240.4793621,-250.680394,-260.8814259,-271.0824578,-281.2834897,-291.4845216,-301.6855535,-311.8865854,-322.0876173,-332.2886492,-342.4896811,-352.6907129,-362.8917448,-373.0927767,-383.2938086,-393.4948405,-403.6958724,-413.8969043,-424.0979362,-434.2989681,-444.5,-454.7010319,-464.9020638,-475.1030957,-485.3041276,-495.5051595,-505.7061914,-515.9072233,-526.1082552
9180,175.3685741,29.75797373,6.183864916,-10.65478424,-20.75797373,-24.12570356,-44.33208255,-57.80300188,-71.2739212,-84.74484053,-98.21575985,-111.6866792,-125.1575985,-138.6285178,-148.8409006,-159.0532833,-169.265666,-179.4780488,-189.6904315,-199.9028143,-210.115197,-220.3275797,-230.5399625,-240.7523452,-250.964728,-261.1771107,-271.3894934,-281.6018762,-291.8142589,-302.0266417,-312.2390244,-322.4514071,-332.6637899,-342.8761726,-353.0885553,-363.3009381,-373.5133208,-383.7257036,-393.9380863,-404.150469,-414.3628518,-424.5752345,-434.7876173,-445,-455.2123827,-465.4247655,-475.6371482,-485.849531,-496.0619137,-506.2742964,-516.4866792,-526.6990619
9190,175.5606004,29.78611632,6.185741088,-10.67166979,-20.78611632,-24.1575985,-44.38649156,-57.87242026,-71.35834897,-84.84427767,-98.33020638,-111.8161351,-125.3020638,-138.7879925,-149.0117261,-159.2354597,-169.4591932,-179.6829268,-189.9066604,-200.130394,-210.3541276,-220.5778612,-230.8015947,-241.0253283,-251.2490619,-261.4727955,-271.6965291,-281.9202627,-292.1439962,-302.3677298,-312.5914634,-322.815197,-333.0389306,-343.2626642,-353.4863977,-363.7101313,-373.9338649,-384.1575985,-394.3813321,-404.6050657,-414.8287992,-425.0525328,-435.2762664,-445.5,-455.7237336,-465.9474672,-476.1712008,-486.3949343,-496.6186679,-506.8424015,-517.0661351,-527.2898687
9200,175.7526266,29.81425891,6.187617261,-10.68855535,-20.81425891,-24.18949343,-44.44090056,-57.94183865,-71.44277674,-84.94371482,-98.44465291,-111.945591,-125.4465291,-138.9474672,-149.1825516,-159.417636,-169.6527205,-179.8878049,-190.1228893,-200.3579737,-210.5930582,-220.8281426,-231.063227,-241.2983114,-251.5333959,-261.7684803,-272.0035647,-282.2386492,-292.4737336,-302.708818,-312.9439024,-323.1789869,-333.4140713,-343.6491557,-353.8842402,-364.1193246,-374.354409,-384.5894934,-394.8245779,-405.0596623,-415.2947467,-425.5298311,-435.7649156,-446,-456.2350844,-466.4701689,-476.7052533,-486.9403377,-497.1754221,-507.4105066,-517.645591,-527.8806754
9210,175.9446529,29.8424015,6.189493433,-10.7054409,-20.8424015,-24.22138837,-44.49530957,-58.01125704,-71.5272045,-85.04315197,-98.55909944,-112.0750469,-125.5909944,-139.1069418,-149.3533771,-159.5998124,-169.8462477,-180.0926829,-190.3391182,-200.5855535,-210.8319887,-221.078424,-231.3248593,-241.5712946,-251.8177298,-262.0641651,-272.3106004,-282.5570356,-292.8034709,-303.0499062,-313.2963415,-323.5427767,-333.789212,-344.0356473,-354.2820826,-364.5285178,-374.7749531,-385.0213884,-395.2678236,-405.5142589,-415.7606942,-426.0071295,-436.2535647,-446.5,-456.7464353,-466.9928705,-477.2393058,-487.4857411,-497.7321764,-507.9786116,-518.2250469,-528.4714822
9220,176.1366792,29.87054409,6.191369606,-10.72232645,-20.87054409,-24.2532833,-44.54971857,-58.08067542,-71.61163227,-85.14258912,-98.67354597,-112.2045028,-125.7354597,-139.2664165,-149.5242026,-159.7819887,-170.0397749,-180.297561,-190.5553471,-200.8131332,-211.0709193,-221.3287054,-231.5864916,-241.8442777,-252.1020638,-262.3598499,-272.617636,-282.8754221,-293.1332083,-303.3909944,-313.6487805,-323.9065666,-334.1643527,-344.4221388,-354.679925,-364.9377111,-375.1954972,-385.4532833,-395.7110694,-405.9688555,-416.2266417,-426.4844278,-436.7422139,-447,-457.2577861,-467.5155722,-477.7733583,-488.0311445,-498.2889306,-508.5467167,-518.8045028,-529.0622889
9230,176.3287054,29.89868668,6.193245779,-10.73921201,-20.89868668,-24.28517824,-44.60412758,-58.15009381,-71.69606004,-85.24202627,-98.7879925,-112.3339587,-125.879925,-139.4258912,-149.6950281,-159.9641651,-170.2333021,-180.502439,-190.771576,-201.0407129,-211.3098499,-221.5789869,-231.8481238,-242.1172608,-252.3863977,-262.6555347,-272.9246717,-283.1938086,-293.4629456,-303.7320826,-314.0012195,-324.2703565,-334.5394934,-344.8086304,-355.0777674,-365.3469043,-375.6160413,-385.8851782,-396.1543152,-406.4234522,-416.6925891,-426.9617261,-437.230863,-447.5,-457.769137,-468.0382739,-478.3074109,-488.5765478,-498.8456848,-509.1148218,-519.3839587,-529.6530957
9240,176.5207317,29.92682927,6.195121951,-10.75609756,-20.92682927,-24.31707317,-44.65853659,-58.2195122,-71.7804878,-85.34146341,-98.90243902,-112.4634146,-126.0243902,-139.5853659,-149.8658537,-160.1463415,-170.4268293,-180.7073171,-190.9878049,-201.2682927,-211.5487805,-221.8292683,-232.1097561,-242.3902439,-252.6707317,-262.9512195,-273.2317073,-283.5121951,-293.7926829,-304.0731707,-314.3536585,-324.6341463,-334.9146341,-345.195122,-355.4756098,-365.7560976,-376.0365854,-386.3170732,-396.597561,-406.8780488,-417.1585366,-427.4390244,-437.7195122,-448,-458.2804878,-468.5609756,-478.8414634,-489.1219512,-499.402439,-509.6829268,-519.9634146,-530.2439024
9250,176.712758,29.95497186,6.196998124,-10.77298311,-20.95497186,-24.34896811,-44.71294559,-58.28893058,-71.86491557,-85.44090056,-99.01688555,-112.5928705,-126.1688555,-139.7448405,-150.0366792,-160.3285178,-170.6203565,-180.9121951,-191.2040338,-201.4958724,-211.7877111,-222.0795497,-232.3713884,-242.663227,-252.9550657,-263.2469043,-273.538743,-283.8305816,-294.1224203,-304.4142589,-314.7060976,-324.9979362,-335.2897749,-345.5816135,-355.8734522,-366.1652908,-376.4571295,-386.7489681,-397.0408068,-407.3326454,-417.6244841,-427.9163227,-438.2081614,-448.5,-458.7918386,-469.0836773,-479.3755159,-489.6673546,-499.9591932,-510.2510319,-520.5428705,-530.8347092
9260,176.9047842,29.98311445,6.198874296,-10.78986867,-20.98311445,-24.38086304,-44.7673546,-58.35834897,-71.94934334,-85.54033771,-99.13133208,-112.7223265,-126.3133208,-139.9043152,-150.2075047,-160.5106942,-170.8138837,-181.1170732,-191.4202627,-201.7234522,-212.0266417,-222.3298311,-232.6330206,-242.9362101,-253.2393996,-263.5425891,-273.8457786,-284.1489681,-294.4521576,-304.7553471,-315.0585366,-325.3617261,-335.6649156,-345.9681051,-356.2712946,-366.5744841,-376.8776735,-387.180863,-397.4840525,-407.787242,-418.0904315,-428.393621,-438.6968105,-449,-459.3031895,-469.606379,-479.9095685,-490.212758,-500.5159475,-510.819137,-521.1223265,-531.4255159
9270,177.0968105,30.01125704,6.200750469,-10.80675422,-21.01125704,-24.41275797,-44.8217636,-58.42776735,-72.03377111,-85.63977486,-99.24577861,-112.8517824,-126.4577861,-140.0637899,-150.3783302,-160.6928705,-171.0074109,-181.3219512,-191.6364916,-201.9510319,-212.2655722,-222.5801126,-232.8946529,-243.2091932,-253.5237336,-263.8382739,-274.1528143,-284.4673546,-294.7818949,-305.0964353,-315.4109756,-325.7255159,-336.0400563,-346.3545966,-356.669137,-366.9836773,-377.2982176,-387.612758,-397.9272983,-408.2418386,-418.556379,-428.8709193,-439.1854597,-449.5,-459.8145403,-470.1290807,-480.443621,-490.7581614,-501.0727017,-511.387242,-521.7017824,-532.0163227
9280,177.2888368,30.03939962,6.202626642,-10.82363977,-21.03939962,-24.44465291,-44.87617261,-58.49718574,-72.11819887,-85.73921201,-99.36022514,-112.9812383,-126.6022514,-140.2232645,-150.5491557,-160.8750469,-171.2009381,-181.5268293,-191.8527205,-202.1786116,-212.5045028,-222.830394,-233.1562852,-243.4821764,-253.8080675,-264.1339587,-274.4598499,-284.7857411,-295.1116323,-305.4375235,-315.7634146,-326.0893058,-336.415197,-346.7410882,-357.0669794,-367.3928705,-377.7187617,-388.0446529,-398.3705441,-408.6964353,-419.0223265,-429.3482176,-439.6741088,-450,-460.3258912,-470.6517824,-480.9776735,-491.3035647,-501.6294559,-511.9553471,-522.2812383,-532.6071295
9290,177.480863,30.06754221,6.204502814,-10.84052533,-21.06754221,-24.47654784,-44.93058161,-58.56660413,-72.20262664,-85.83864916,-99.47467167,-113.1106942,-126.7467167,-140.3827392,-150.7199812,-161.0572233,-171.3944653,-181.7317073,-192.0689493,-202.4061914,-212.7434334,-223.0806754,-233.4179174,-243.7551595,-254.0924015,-264.4296435,-274.7668856,-285.1041276,-295.4413696,-305.7786116,-316.1158537,-326.4530957,-336.7903377,-347.1275797,-357.4648218,-367.8020638,-378.1393058,-388.4765478,-398.8137899,-409.1510319,-419.4882739,-429.8255159,-440.162758,-450.5,-460.837242,-471.1744841,-481.5117261,-491.8489681,-502.1862101,-512.5234522,-522.8606942,-533.1979362
9300,177.6728893,30.0956848,6.206378987,-10.85741088,-21.0956848,-24.50844278,-44.98499062,-58.63602251,-72.28705441,-85.9380863,-99.5891182,-113.2401501,-126.891182,-140.5422139,-150.8908068,-161.2393996,-171.5879925,-181.9365854,-192.2851782,-202.6337711,-212.982364,-223.3309568,-233.6795497,-244.0281426,-254.3767355,-264.7253283,-275.0739212,-285.4225141,-295.7711069,-306.1196998,-316.4682927,-326.8168856,-337.1654784,-347.5140713,-357.8626642,-368.211257,-378.5598499,-388.9084428,-399.2570356,-409.6056285,-419.9542214,-430.3028143,-440.6514071,-451,-461.3485929,-471.6971857,-482.0457786,-492.3943715,-502.7429644,-513.0915572,-523.4401501,-533.788743
9310,177.8649156,30.12382739,6.208255159,-10.87429644,-21.12382739,-24.54033771,-45.03939962,-58.7054409,-72.37148218,-86.03752345,-99.70356473,-113.369606,-127.0356473,-140.7016886,-151.0616323,-161.421576,-171.7815197,-182.1414634,-192.5014071,-202.8613508,-213.2212946,-223.5812383,-233.941182,-244.3011257,-254.6610694,-265.0210131,-275.3809568,-285.7409006,-296.1008443,-306.460788,-316.8207317,-327.1806754,-337.5406191,-347.9005629,-358.2605066,-368.6204503,-378.980394,-389.3403377,-399.7002814,-410.0602251,-420.4201689,-430.7801126,-441.1400563,-451.5,-461.8599437,-472.2198874,-482.5798311,-492.9397749,-503.2997186,-513.6596623,-524.019606,-534.3795497
9320,178.0569418,30.15196998,6.210131332,-10.89118199,-21.15196998,-24.57223265,-45.09380863,-58.77485929,-72.45590994,-86.1369606,-99.81801126,-113.4990619,-127.1801126,-140.8611632,-151.2324578,-161.6037523,-171.9750469,-182.3463415,-192.717636,-203.0889306,-213.4602251,-223.8315197,-234.2028143,-244.5741088,-254.9454034,-265.3166979,-275.6879925,-286.0592871,-296.4305816,-306.8018762,-317.1731707,-327.5444653,-337.9157598,-348.2870544,-358.658349,-369.0296435,-379.4009381,-389.7722326,-400.1435272,-410.5148218,-420.8861163,-431.2574109,-441.6287054,-452,-462.3712946,-472.7425891,-483.1138837,-493.4851782,-503.8564728,-514.2277674,-524.5990619,-534.9703565
9330,178.2489681,30.18011257,6.212007505,-10.90806754,-21.18011257,-24.60412758,-45.14821764,-58.84427767,-72.54033771,-86.23639775,-99.93245779,-113.6285178,-127.3245779,-141.0206379,-151.4032833,-161.7859287,-172.1685741,-182.5512195,-192.9338649,-203.3165103,-213.6991557,-224.0818011,-234.4644465,-244.8470919,-255.2297373,-265.6123827,-275.9950281,-286.3776735,-296.7603189,-307.1429644,-317.5256098,-327.9082552,-338.2909006,-348.673546,-359.0561914,-369.4388368,-379.8214822,-390.2041276,-400.586773,-410.9694184,-421.3520638,-431.7347092,-442.1173546,-452.5,-462.8826454,-473.2652908,-483.6479362,-494.0305816,-504.413227,-514.7958724,-525.1785178,-535.5611632
9340,178.4409944,30.20825516,6.213883677,-10.9249531,-21.20825516,-24.63602251,-45.20262664,-58.91369606,-72.62476548,-86.3358349,-100.0469043,-113.7579737,-127.4690432,-141.1801126,-151.5741088,-161.9681051,-172.3621013,-182.7560976,-193.1500938,-203.5440901,-213.9380863,-224.3320826,-234.7260788,-245.120075,-255.5140713,-265.9080675,-276.3020638,-286.69606,-297.0900563,-307.4840525,-317.8780488,-328.272045,-338.6660413,-349.0600375,-359.4540338,-369.84803,-380.2420263,-390.6360225,-401.0300188,-411.424015,-421.8180113,-432.2120075,-442.6060038,-453,-463.3939962,-473.7879925,-484.1819887,-494.575985,-504.9699812,-515.3639775,-525.7579737,-536.15197
9350,178.6330206,30.23639775,6.21575985,-10.94183865,-21.23639775,-24.66791745,-45.25703565,-58.98311445,-72.70919325,-86.43527205,-100.1613508,-113.8874296,-127.6135084,-141.3395872,-151.7449343,-162.1502814,-172.5556285,-182.9609756,-193.3663227,-203.7716698,-214.1770169,-224.582364,-234.9877111,-245.3930582,-255.7984053,-266.2037523,-276.6090994,-287.0144465,-297.4197936,-307.8251407,-318.2304878,-328.6358349,-339.041182,-349.4465291,-359.8518762,-370.2572233,-380.6625704,-391.0679174,-401.4732645,-411.8786116,-422.2839587,-432.6893058,-443.0946529,-453.5,-463.9053471,-474.3106942,-484.7160413,-495.1213884,-505.5267355,-515.9320826,-526.3374296,-536.7427767
9360,178.8250469,30.26454034,6.217636023,-10.9587242,-21.26454034,-24.69981238,-45.31144465,-59.05253283,-72.79362101,-86.53470919,-100.2757974,-114.0168856,-127.7579737,-141.4990619,-151.9157598,-162.3324578,-172.7491557,-183.1658537,-193.5825516,-203.9992495,-214.4159475,-224.8326454,-235.2493433,-245.6660413,-256.0827392,-266.4994371,-276.9161351,-287.332833,-297.749531,-308.1662289,-318.5829268,-328.9996248,-339.4163227,-349.8330206,-360.2497186,-370.6664165,-381.0831144,-391.4998124,-401.9165103,-412.3332083,-422.7499062,-433.1666041,-443.5833021,-454,-464.4166979,-474.8333959,-485.2500938,-495.6667917,-506.0834897,-516.5001876,-526.9168856,-537.3335835
9370,179.0170732,30.29268293,6.219512195,-10.97560976,-21.29268293,-24.73170732,-45.36585366,-59.12195122,-72.87804878,-86.63414634,-100.3902439,-114.1463415,-127.902439,-141.6585366,-152.0865854,-162.5146341,-172.9426829,-183.3707317,-193.7987805,-204.2268293,-214.654878,-225.0829268,-235.5109756,-245.9390244,-256.3670732,-266.795122,-277.2231707,-287.6512195,-298.0792683,-308.5073171,-318.9353659,-329.3634146,-339.7914634,-350.2195122,-360.647561,-371.0756098,-381.5036585,-391.9317073,-402.3597561,-412.7878049,-423.2158537,-433.6439024,-444.0719512,-454.5,-464.9280488,-475.3560976,-485.7841463,-496.2121951,-506.6402439,-517.0682927,-527.4963415,-537.9243902
9380,179.2090994,30.32082552,6.221388368,-10.99249531,-21.32082552,-24.76360225,-45.42026266,-59.19136961,-72.96247655,-86.73358349,-100.5046904,-114.2757974,-128.0469043,-141.8180113,-152.2574109,-162.6968105,-173.1362101,-183.5756098,-194.0150094,-204.454409,-214.8938086,-225.3332083,-235.7726079,-246.2120075,-256.6514071,-267.0908068,-277.5302064,-287.969606,-298.4090056,-308.8484053,-319.2878049,-329.7272045,-340.1666041,-350.6060038,-361.0454034,-371.484803,-381.9242026,-392.3636023,-402.8030019,-413.2424015,-423.6818011,-434.1212008,-444.5606004,-455,-465.4393996,-475.8787992,-486.3181989,-496.7575985,-507.1969981,-517.6363977,-528.0757974,-538.515197
9390,179.4011257,30.34896811,6.22326454,-11.00938086,-21.34896811,-24.79549719,-45.47467167,-59.26078799,-73.04690432,-86.83302064,-100.619137,-114.4052533,-128.1913696,-141.9774859,-152.4282364,-162.8789869,-173.3297373,-183.7804878,-194.2312383,-204.6819887,-215.1327392,-225.5834897,-236.0342402,-246.4849906,-256.9357411,-267.3864916,-277.837242,-288.2879925,-298.738743,-309.1894934,-319.6402439,-330.0909944,-340.5417448,-350.9924953,-361.4432458,-371.8939962,-382.3447467,-392.7954972,-403.2462477,-413.6969981,-424.1477486,-434.5984991,-445.0492495,-455.5,-465.9507505,-476.4015009,-486.8522514,-497.3030019,-507.7537523,-518.2045028,-528.6552533,-539.1060038
9400,179.593152,30.37711069,6.225140713,-11.02626642,-21.37711069,-24.82739212,-45.52908068,-59.33020638,-73.13133208,-86.93245779,-100.7335835,-114.5347092,-128.3358349,-142.1369606,-152.5990619,-163.0611632,-173.5232645,-183.9853659,-194.4474672,-204.9095685,-215.3716698,-225.8337711,-236.2958724,-246.7579737,-257.220075,-267.6821764,-278.1442777,-288.606379,-299.0684803,-309.5305816,-319.9926829,-330.4547842,-340.9168856,-351.3789869,-361.8410882,-372.3031895,-382.7652908,-393.2273921,-403.6894934,-414.1515947,-424.6136961,-435.0757974,-445.5378987,-456,-466.4621013,-476.9242026,-487.3863039,-497.8484053,-508.3105066,-518.7726079,-529.2347092,-539.6968105
9410,179.7851782,30.40525328,6.227016886,-11.04315197,-21.40525328,-24.85928705,-45.58348968,-59.39962477,-73.21575985,-87.03189493,-100.84803,-114.6641651,-128.4803002,-142.2964353,-152.7698874,-163.2433396,-173.7167917,-184.1902439,-194.6636961,-205.1371482,-215.6106004,-226.0840525,-236.5575047,-247.0309568,-257.504409,-267.9778612,-278.4513133,-288.9247655,-299.3982176,-309.8716698,-320.345122,-330.8185741,-341.2920263,-351.7654784,-362.2389306,-372.7123827,-383.1858349,-393.6592871,-404.1327392,-414.6061914,-425.0796435,-435.5530957,-446.0265478,-456.5,-466.9734522,-477.4469043,-487.9203565,-498.3938086,-508.8672608,-519.3407129,-529.8141651,-540.2876173
9420,179.9772045,30.43339587,6.228893058,-11.06003752,-21.43339587,-24.89118199,-45.63789869,-59.46904315,-73.30018762,-87.13133208,-100.9624765,-114.793621,-128.6247655,-142.4559099,-152.9407129,-163.4255159,-173.9103189,-184.395122,-194.879925,-205.364728,-215.849531,-226.334334,-236.819137,-247.30394,-257.788743,-268.273546,-278.758349,-289.243152,-299.727955,-310.212758,-320.697561,-331.182364,-341.667167,-352.15197,-362.636773,-373.121576,-383.606379,-394.091182,-404.575985,-415.060788,-425.545591,-436.030394,-446.515197,-457,-467.484803,-477.969606,-488.454409,-498.939212,-509.424015,-519.908818,-530.393621,-540.878424
9430,180.1692308,30.46153846,6.230769231,-11.07692308,-21.46153846,-24.92307692,-45.69230769,-59.53846154,-73.38461538,-87.23076923,-101.0769231,-114.9230769,-128.7692308,-142.6153846,-153.1115385,-163.6076923,-174.1038462,-184.6,-195.0961538,-205.5923077,-216.0884615,-226.5846154,-237.0807692,-247.5769231,-258.0730769,-268.5692308,-279.0653846,-289.5615385,-300.0576923,-310.5538462,-321.05,-331.5461538,-342.0423077,-352.5384615,-363.0346154,-373.5307692,-384.0269231,-394.5230769,-405.0192308,-415.5153846,-426.0115385,-436.5076923,-447.0038462,-457.5,-467.9961538,-478.4923077,-488.9884615,-499.4846154,-509.9807692,-520.4769231,-530.9730769,-541.4692308
9440,180.361257,30.48968105,6.232645403,-11.09380863,-21.48968105,-24.95497186,-45.7467167,-59.60787992,-73.46904315,-87.33020638,-101.1913696,-115.0525328,-128.9136961,-142.7748593,-153.282364,-163.7898687,-174.2973734,-184.804878,-195.3123827,-205.8198874,-216.3273921,-226.8348968,-237.3424015,-247.8499062,-258.3574109,-268.8649156,-279.3724203,-289.879925,-300.3874296,-310.8949343,-321.402439,-331.9099437,-342.4174484,-352.9249531,-363.4324578,-373.9399625,-384.4474672,-394.9549719,-405.4624765,-415.9699812,-426.4774859,-436.9849906,-447.4924953,-458,-468.5075047,-479.0150094,-489.5225141,-500.0300188,-510.5375235,-521.0450281,-531.5525328,-542.0600375
9450,180.5532833,30.51782364,6.234521576,-11.11069418,-21.51782364,-24.98686679,-45.8011257,-59.67729831,-73.55347092,-87.42964353,-101.3058161,-115.1819887,-129.0581614,-142.934334,-153.4531895,-163.972045,-174.4909006,-185.0097561,-195.5286116,-206.0474672,-216.5663227,-227.0851782,-237.6040338,-248.1228893,-258.6417448,-269.1606004,-279.6794559,-290.1983114,-300.717167,-311.2360225,-321.754878,-332.2737336,-342.7925891,-353.3114447,-363.8303002,-374.3491557,-384.8680113,-395.3868668,-405.9057223,-416.4245779,-426.9434334,-437.4622889,-447.9811445,-458.5,-469.0188555,-479.5377111,-490.0565666,-500.5754221,-511.0942777,-521.6131332,-532.1319887,-542.6508443
9460,180.7453096,30.54596623,6.236397749,-11.12757974,-21.54596623,-25.01876173,-45.85553471,-59.7467167,-73.63789869,-87.52908068,-101.4202627,-115.3114447,-129.2026266,-143.0938086,-153.624015,-164.1542214,-174.6844278,-185.2146341,-195.7448405,-206.2750469,-216.8052533,-227.3354597,-237.865666,-248.3958724,-258.9260788,-269.4562852,-279.9864916,-290.5166979,-301.0469043,-311.5771107,-322.1073171,-332.6375235,-343.1677298,-353.6979362,-364.2281426,-374.758349,-385.2885553,-395.8187617,-406.3489681,-416.8791745,-427.4093809,-437.9395872,-448.4697936,-459,-469.5302064,-480.0604128,-490.5906191,-501.1208255,-511.6510319,-522.1812383,-532.7114447,-543.241651
9470,180.9373358,30.57410882,6.238273921,-11.14446529,-21.57410882,-25.05065666,-45.90994371,-59.81613508,-73.72232645,-87.62851782,-101.5347092,-115.4409006,-129.3470919,-143.2532833,-153.7948405,-164.3363977,-174.877955,-185.4195122,-195.9610694,-206.5026266,-217.0441839,-227.5857411,-238.1272983,-248.6688555,-259.2104128,-269.75197,-280.2935272,-290.8350844,-301.3766417,-311.9181989,-322.4597561,-333.0013133,-343.5428705,-354.0844278,-364.625985,-375.1675422,-385.7090994,-396.2506567,-406.7922139,-417.3337711,-427.8753283,-438.4168856,-448.9584428,-459.5,-470.0415572,-480.5831144,-491.1246717,-501.6662289,-512.2077861,-522.7493433,-533.2909006,-543.8324578
9480,181.1293621,30.60225141,6.240150094,-11.16135084,-21.60225141,-25.08255159,-45.96435272,-59.88555347,-73.80675422,-87.72795497,-101.6491557,-115.5703565,-129.4915572,-143.412758,-153.965666,-164.5185741,-175.0714822,-185.6243902,-196.1772983,-206.7302064,-217.2831144,-227.8360225,-238.3889306,-248.9418386,-259.4947467,-270.0476548,-280.6005629,-291.1534709,-301.706379,-312.2592871,-322.8121951,-333.3651032,-343.9180113,-354.4709193,-365.0238274,-375.5767355,-386.1296435,-396.6825516,-407.2354597,-417.7883677,-428.3412758,-438.8941839,-449.4470919,-460,-470.5529081,-481.1058161,-491.6587242,-502.2116323,-512.7645403,-523.3174484,-533.8703565,-544.4232645
9490,181.3213884,30.630394,6.242026266,-11.1782364,-21.630394,-25.11444653,-46.01876173,-59.95497186,-73.89118199,-87.82739212,-101.7636023,-115.6998124,-129.6360225,-143.5722326,-154.1364916,-164.7007505,-175.2650094,-185.8292683,-196.3935272,-206.9577861,-217.522045,-228.0863039,-238.6505629,-249.2148218,-259.7790807,-270.3433396,-280.9075985,-291.4718574,-302.0361163,-312.6003752,-323.1646341,-333.7288931,-344.293152,-354.8574109,-365.4216698,-375.9859287,-386.5501876,-397.1144465,-407.6787054,-418.2429644,-428.8072233,-439.3714822,-449.9357411,-460.5,-471.0642589,-481.6285178,-492.1927767,-502.7570356,-513.3212946,-523.8855535,-534.4498124,-545.0140713
9500,181.5134146,30.65853659,6.243902439,-11.19512195,-21.65853659,-25.14634146,-46.07317073,-60.02439024,-73.97560976,-87.92682927,-101.8780488,-115.8292683,-129.7804878,-143.7317073,-154.3073171,-164.8829268,-175.4585366,-186.0341463,-196.6097561,-207.1853659,-217.7609756,-228.3365854,-238.9121951,-249.4878049,-260.0634146,-270.6390244,-281.2146341,-291.7902439,-302.3658537,-312.9414634,-323.5170732,-334.0926829,-344.6682927,-355.2439024,-365.8195122,-376.395122,-386.9707317,-397.5463415,-408.1219512,-418.697561,-429.2731707,-439.8487805,-450.4243902,-461,-471.5756098,-482.1512195,-492.7268293,-503.302439,-513.8780488,-524.4536585,-535.0292683,-545.604878
9510,181.7054409,30.68667917,6.245778612,-11.2120075,-21.68667917,-25.1782364,-46.12757974,-60.09380863,-74.06003752,-88.02626642,-101.9924953,-115.9587242,-129.9249531,-143.891182,-154.4781426,-165.0651032,-175.6520638,-186.2390244,-196.825985,-207.4129456,-217.9999062,-228.5868668,-239.1738274,-249.760788,-260.3477486,-270.9347092,-281.5216698,-292.1086304,-302.695591,-313.2825516,-323.8695122,-334.4564728,-345.0434334,-355.630394,-366.2173546,-376.8043152,-387.3912758,-397.9782364,-408.565197,-419.1521576,-429.7391182,-440.3260788,-450.9130394,-461.5,-472.0869606,-482.6739212,-493.2608818,-503.8478424,-514.434803,-525.0217636,-535.6087242,-546.1956848
9520,181.8974672,30.71482176,6.247654784,-11.22889306,-21.71482176,-25.21013133,-46.18198874,-60.16322702,-74.14446529,-88.12570356,-102.1069418,-116.0881801,-130.0694184,-144.0506567,-154.6489681,-165.2472795,-175.845591,-186.4439024,-197.0422139,-207.6405253,-218.2388368,-228.8371482,-239.4354597,-250.0337711,-260.6320826,-271.230394,-281.8287054,-292.4270169,-303.0253283,-313.6236398,-324.2219512,-334.8202627,-345.4185741,-356.0168856,-366.615197,-377.2135084,-387.8118199,-398.4101313,-409.0084428,-419.6067542,-430.2050657,-440.8033771,-451.4016886,-462,-472.5983114,-483.1966229,-493.7949343,-504.3932458,-514.9915572,-525.5898687,-536.1881801,-546.7864916
9530,182.0894934,30.74296435,6.249530957,-11.24577861,-21.74296435,-25.24202627,-46.23639775,-60.2326454,-74.22889306,-88.22514071,-102.2213884,-116.217636,-130.2138837,-144.2101313,-154.8197936,-165.4294559,-176.0391182,-186.6487805,-197.2584428,-207.8681051,-218.4777674,-229.0874296,-239.6970919,-250.3067542,-260.9164165,-271.5260788,-282.1357411,-292.7454034,-303.3550657,-313.964728,-324.5743902,-335.1840525,-345.7937148,-356.4033771,-367.0130394,-377.6227017,-388.232364,-398.8420263,-409.4516886,-420.0613508,-430.6710131,-441.2806754,-451.8903377,-462.5,-473.1096623,-483.7193246,-494.3289869,-504.9386492,-515.5483114,-526.1579737,-536.767636,-547.3772983
9540,182.2815197,30.77110694,6.251407129,-11.26266417,-21.77110694,-25.2739212,-46.29080675,-60.30206379,-74.31332083,-88.32457786,-102.3358349,-116.3470919,-130.358349,-144.369606,-154.9906191,-165.6116323,-176.2326454,-186.8536585,-197.4746717,-208.0956848,-218.7166979,-229.3377111,-239.9587242,-250.5797373,-261.2007505,-271.8217636,-282.4427767,-293.0637899,-303.684803,-314.3058161,-324.9268293,-335.5478424,-346.1688555,-356.7898687,-367.4108818,-378.0318949,-388.6529081,-399.2739212,-409.8949343,-420.5159475,-431.1369606,-441.7579737,-452.3789869,-463,-473.6210131,-484.2420263,-494.8630394,-505.4840525,-516.1050657,-526.7260788,-537.3470919,-547.9681051
9550,182.473546,30.79924953,6.253283302,-11.27954972,-21.79924953,-25.30581614,-46.34521576,-60.37148218,-74.39774859,-88.42401501,-102.4502814,-116.4765478,-130.5028143,-144.5290807,-155.1614447,-165.7938086,-176.4261726,-187.0585366,-197.6909006,-208.3232645,-218.9556285,-229.5879925,-240.2203565,-250.8527205,-261.4850844,-272.1174484,-282.7498124,-293.3821764,-304.0145403,-314.6469043,-325.2792683,-335.9116323,-346.5439962,-357.1763602,-367.8087242,-378.4410882,-389.0734522,-399.7058161,-410.3381801,-420.9705441,-431.6029081,-442.235272,-452.867636,-463.5,-474.132364,-484.764728,-495.3970919,-506.0294559,-516.6618199,-527.2941839,-537.9265478,-548.5589118
9560,182.6655722,30.82739212,6.255159475,-11.29643527,-21.82739212,-25.33771107,-46.39962477,-60.44090056,-74.48217636,-88.52345216,-102.564728,-116.6060038,-130.6472795,-144.6885553,-155.3322702,-165.975985,-176.6196998,-187.2634146,-197.9071295,-208.5508443,-219.1945591,-229.8382739,-240.4819887,-251.1257036,-261.7694184,-272.4131332,-283.056848,-293.7005629,-304.3442777,-314.9879925,-325.6317073,-336.2754221,-346.919137,-357.5628518,-368.2065666,-378.8502814,-389.4939962,-400.1377111,-410.7814259,-421.4251407,-432.0688555,-442.7125704,-453.3562852,-464,-474.6437148,-485.2874296,-495.9311445,-506.5748593,-517.2185741,-527.8622889,-538.5060038,-549.1497186
9570,182.8575985,30.85553471,6.257035647,-11.31332083,-21.85553471,-25.369606,-46.45403377,-60.51031895,-74.56660413,-88.62288931,-102.6791745,-116.7354597,-130.7917448,-144.84803,-155.5030957,-166.1581614,-176.813227,-187.4682927,-198.1233583,-208.778424,-219.4334897,-230.0885553,-240.743621,-251.3986867,-262.0537523,-272.708818,-283.3638837,-294.0189493,-304.674015,-315.3290807,-325.9841463,-336.639212,-347.2942777,-357.9493433,-368.604409,-379.2594747,-389.9145403,-400.569606,-411.2246717,-421.8797373,-432.534803,-443.1898687,-453.8449343,-464.5,-475.1550657,-485.8101313,-496.465197,-507.1202627,-517.7753283,-528.430394,-539.0854597,-549.7405253
9580,183.0496248,30.8836773,6.25891182,-11.33020638,-21.8836773,-25.40150094,-46.50844278,-60.57973734,-74.65103189,-88.72232645,-102.793621,-116.8649156,-130.9362101,-145.0075047,-155.6739212,-166.3403377,-177.0067542,-187.6731707,-198.3395872,-209.0060038,-219.6724203,-230.3388368,-241.0052533,-251.6716698,-262.3380863,-273.0045028,-283.6709193,-294.3373358,-305.0037523,-315.6701689,-326.3365854,-337.0030019,-347.6694184,-358.3358349,-369.0022514,-379.6686679,-390.3350844,-401.0015009,-411.6679174,-422.334334,-433.0007505,-443.667167,-454.3335835,-465,-475.6664165,-486.332833,-496.9992495,-507.665666,-518.3320826,-528.9984991,-539.6649156,-550.3313321
9590,183.241651,30.91181989,6.260787992,-11.34709193,-21.91181989,-25.43339587,-46.56285178,-60.64915572,-74.73545966,-88.8217636,-102.9080675,-116.9943715,-131.0806754,-145.1669794,-155.8447467,-166.5225141,-177.2002814,-187.8780488,-198.5558161,-209.2335835,-219.9113508,-230.5891182,-241.2668856,-251.9446529,-262.6224203,-273.3001876,-283.977955,-294.6557223,-305.3334897,-316.011257,-326.6890244,-337.3667917,-348.0445591,-358.7223265,-369.4000938,-380.0778612,-390.7556285,-401.4333959,-412.1111632,-422.7889306,-433.4666979,-444.1444653,-454.8222326,-465.5,-476.1777674,-486.8555347,-497.5333021,-508.2110694,-518.8888368,-529.5666041,-540.2443715,-550.9221388
9600,183.4336773,30.93996248,6.262664165,-11.36397749,-21.93996248,-25.46529081,-46.61726079,-60.71857411,-74.81988743,-88.92120075,-103.0225141,-117.1238274,-131.2251407,-145.326454,-156.0155722,-166.7046904,-177.3938086,-188.0829268,-198.772045,-209.4611632,-220.1502814,-230.8393996,-241.5285178,-252.217636,-262.9067542,-273.5958724,-284.2849906,-294.9741088,-305.663227,-316.3523452,-327.0414634,-337.7305816,-348.4196998,-359.108818,-369.7979362,-380.4870544,-391.1761726,-401.8652908,-412.554409,-423.2435272,-433.9326454,-444.6217636,-455.3108818,-466,-476.6891182,-487.3782364,-498.0673546,-508.7564728,-519.445591,-530.1347092,-540.8238274,-551.5129456
9610,183.6257036,30.96810507,6.264540338,-11.38086304,-21.96810507,-25.49718574,-46.67166979,-60.7879925,-74.9043152,-89.0206379,-103.1369606,-117.2532833,-131.369606,-145.4859287,-156.1863977,-166.8868668,-177.5873358,-188.2878049,-198.9882739,-209.688743,-220.389212,-231.0896811,-241.7901501,-252.4906191,-263.1910882,-273.8915572,-284.5920263,-295.2924953,-305.9929644,-316.6934334,-327.3939024,-338.0943715,-348.7948405,-359.4953096,-370.1957786,-380.8962477,-391.5967167,-402.2971857,-412.9976548,-423.6981238,-434.3985929,-445.0990619,-455.799531,-466.5,-477.200469,-487.9009381,-498.6014071,-509.3018762,-520.0023452,-530.7028143,-541.4032833,-552.1037523
9620,183.8177298,30.99624765,6.26641651,-11.39774859,-21.99624765,-25.52908068,-46.7260788,-60.85741088,-74.98874296,-89.12007505,-103.2514071,-117.3827392,-131.5140713,-145.6454034,-156.3572233,-167.0690432,-177.780863,-188.4926829,-199.2045028,-209.9163227,-220.6281426,-231.3399625,-242.0517824,-252.7636023,-263.4754221,-274.187242,-284.8990619,-295.6108818,-306.3227017,-317.0345216,-327.7463415,-338.4581614,-349.1699812,-359.8818011,-370.593621,-381.3054409,-392.0172608,-402.7290807,-413.4409006,-424.1527205,-434.8645403,-445.5763602,-456.2881801,-467,-477.7118199,-488.4236398,-499.1354597,-509.8472795,-520.5590994,-531.2709193,-541.9827392,-552.6945591
9630,184.0097561,31.02439024,6.268292683,-11.41463415,-22.02439024,-25.56097561,-46.7804878,-60.92682927,-75.07317073,-89.2195122,-103.3658537,-117.5121951,-131.6585366,-145.804878,-156.5280488,-167.2512195,-177.9743902,-188.697561,-199.4207317,-210.1439024,-220.8670732,-231.5902439,-242.3134146,-253.0365854,-263.7597561,-274.4829268,-285.2060976,-295.9292683,-306.652439,-317.3756098,-328.0987805,-338.8219512,-349.545122,-360.2682927,-370.9914634,-381.7146341,-392.4378049,-403.1609756,-413.8841463,-424.6073171,-435.3304878,-446.0536585,-456.7768293,-467.5,-478.2231707,-488.9463415,-499.6695122,-510.3926829,-521.1158537,-531.8390244,-542.5621951,-553.2853659
9640,184.2017824,31.05253283,6.270168856,-11.4315197,-22.05253283,-25.59287054,-46.83489681,-60.99624765,-75.1575985,-89.31894934,-103.4803002,-117.641651,-131.8030019,-145.9643527,-156.6988743,-167.4333959,-178.1679174,-188.902439,-199.6369606,-210.3714822,-221.1060038,-231.8405253,-242.5750469,-253.3095685,-264.0440901,-274.7786116,-285.5131332,-296.2476548,-306.9821764,-317.7166979,-328.4512195,-339.1857411,-349.9202627,-360.6547842,-371.3893058,-382.1238274,-392.858349,-403.5928705,-414.3273921,-425.0619137,-435.7964353,-446.5309568,-457.2654784,-468,-478.7345216,-489.4690432,-500.2035647,-510.9380863,-521.6726079,-532.4071295,-543.141651,-553.8761726
9650,184.3938086,31.08067542,6.272045028,-11.44840525,-22.08067542,-25.62476548,-46.88930582,-61.06566604,-75.24202627,-89.41838649,-103.5947467,-117.7711069,-131.9474672,-146.1238274,-156.8696998,-167.6155722,-178.3614447,-189.1073171,-199.8531895,-210.5990619,-221.3449343,-232.0908068,-242.8366792,-253.5825516,-264.328424,-275.0742964,-285.8201689,-296.5660413,-307.3119137,-318.0577861,-328.8036585,-339.549531,-350.2954034,-361.0412758,-371.7871482,-382.5330206,-393.2788931,-404.0247655,-414.7706379,-425.5165103,-436.2623827,-447.0082552,-457.7541276,-468.5,-479.2458724,-489.9917448,-500.7376173,-511.4834897,-522.2293621,-532.9752345,-543.7211069,-554.4669794
9660,184.5858349,31.10881801,6.273921201,-11.46529081,-22.10881801,-25.65666041,-46.94371482,-61.13508443,-75.32645403,-89.51782364,-103.7091932,-117.9005629,-132.0919325,-146.2833021,-157.0405253,-167.7977486,-178.5549719,-189.3121951,-200.0694184,-210.8266417,-221.5838649,-232.3410882,-243.0983114,-253.8555347,-264.612758,-275.3699812,-286.1272045,-296.8844278,-307.641651,-318.3988743,-329.1560976,-339.9133208,-350.6705441,-361.4277674,-372.1849906,-382.9422139,-393.6994371,-404.4566604,-415.2138837,-425.9711069,-436.7283302,-447.4855535,-458.2427767,-469,-479.7572233,-490.5144465,-501.2716698,-512.0288931,-522.7861163,-533.5433396,-544.3005629,-555.0577861
9670,184.7778612,31.1369606,6.275797373,-11.48217636,-22.1369606,-25.68855535,-46.99812383,-61.20450281,-75.4108818,-89.61726079,-103.8236398,-118.0300188,-132.2363977,-146.4427767,-157.2113508,-167.979925,-178.7484991,-189.5170732,-200.2856473,-211.0542214,-221.8227955,-232.5913696,-243.3599437,-254.1285178,-264.8970919,-275.665666,-286.4342402,-297.2028143,-307.9713884,-318.7399625,-329.5085366,-340.2771107,-351.0456848,-361.8142589,-372.582833,-383.3514071,-394.1199812,-404.8885553,-415.6571295,-426.4257036,-437.1942777,-447.9628518,-458.7314259,-469.5,-480.2685741,-491.0371482,-501.8057223,-512.5742964,-523.3428705,-534.1114447,-544.8800188,-555.6485929
9680,184.9698874,31.16510319,6.277673546,-11.49906191,-22.16510319,-25.72045028,-47.05253283,-61.2739212,-75.49530957,-89.71669794,-103.9380863,-118.1594747,-132.380863,-146.6022514,-157.3821764,-168.1621013,-178.9420263,-189.7219512,-200.5018762,-211.2818011,-222.0617261,-232.841651,-243.621576,-254.4015009,-265.1814259,-275.9613508,-286.7412758,-297.5212008,-308.3011257,-319.0810507,-329.8609756,-340.6409006,-351.4208255,-362.2007505,-372.9806754,-383.7606004,-394.5405253,-405.3204503,-416.1003752,-426.8803002,-437.6602251,-448.4401501,-459.220075,-470,-480.779925,-491.5598499,-502.3397749,-513.1196998,-523.8996248,-534.6795497,-545.4594747,-556.2393996
9690,185.1619137,31.19324578,6.279549719,-11.51594747,-22.19324578,-25.75234522,-47.10694184,-61.34333959,-75.57973734,-89.81613508,-104.0525328,-118.2889306,-132.5253283,-146.7617261,-157.5530019,-168.3442777,-179.1355535,-189.9268293,-200.7181051,-211.5093809,-222.3006567,-233.0919325,-243.8832083,-254.6744841,-265.4657598,-276.2570356,-287.0483114,-297.8395872,-308.630863,-319.4221388,-330.2134146,-341.0046904,-351.7959662,-362.587242,-373.3785178,-384.1697936,-394.9610694,-405.7523452,-416.543621,-427.3348968,-438.1261726,-448.9174484,-459.7087242,-470.5,-481.2912758,-492.0825516,-502.8738274,-513.6651032,-524.456379,-535.2476548,-546.0389306,-556.8302064
9700,185.35394,31.22138837,6.281425891,-11.53283302,-22.22138837,-25.78424015,-47.16135084,-61.41275797,-75.6641651,-89.91557223,-104.1669794,-118.4183865,-132.6697936,-146.9212008,-157.7238274,-168.526454,-179.3290807,-190.1317073,-200.934334,-211.7369606,-222.5395872,-233.3422139,-244.1448405,-254.9474672,-265.7500938,-276.5527205,-287.3553471,-298.1579737,-308.9606004,-319.763227,-330.5658537,-341.3684803,-352.1711069,-362.9737336,-373.7763602,-384.5789869,-395.3816135,-406.1842402,-416.9868668,-427.7894934,-438.5921201,-449.3947467,-460.1973734,-471,-481.8026266,-492.6052533,-503.4078799,-514.2105066,-525.0131332,-535.8157598,-546.6183865,-557.4210131
9710,185.5459662,31.24953096,6.283302064,-11.54971857,-22.24953096,-25.81613508,-47.21575985,-61.48217636,-75.74859287,-90.01500938,-104.2814259,-118.5478424,-132.8142589,-147.0806754,-157.8946529,-168.7086304,-179.5226079,-190.3365854,-201.1505629,-211.9645403,-222.7785178,-233.5924953,-244.4064728,-255.2204503,-266.0344278,-276.8484053,-287.6623827,-298.4763602,-309.2903377,-320.1043152,-330.9182927,-341.7322702,-352.5462477,-363.3602251,-374.1742026,-384.9881801,-395.8021576,-406.6161351,-417.4301126,-428.2440901,-439.0580675,-449.872045,-460.6860225,-471.5,-482.3139775,-493.127955,-503.9419325,-514.7559099,-525.5698874,-536.3838649,-547.1978424,-558.0118199
9720,185.7379925,31.27767355,6.285178236,-11.56660413,-22.27767355,-25.84803002,-47.27016886,-61.55159475,-75.83302064,-90.11444653,-104.3958724,-118.6772983,-132.9587242,-147.2401501,-158.0654784,-168.8908068,-179.7161351,-190.5414634,-201.3667917,-212.1921201,-223.0174484,-233.8427767,-244.6681051,-255.4934334,-266.3187617,-277.1440901,-287.9694184,-298.7947467,-309.620075,-320.4454034,-331.2707317,-342.09606,-352.9213884,-363.7467167,-374.572045,-385.3973734,-396.2227017,-407.04803,-417.8733583,-428.6986867,-439.524015,-450.3493433,-461.1746717,-472,-482.8253283,-493.6506567,-504.475985,-515.3013133,-526.1266417,-536.95197,-547.7772983,-558.6026266
9730,185.9300188,31.30581614,6.287054409,-11.58348968,-22.30581614,-25.87992495,-47.32457786,-61.62101313,-75.91744841,-90.21388368,-104.5103189,-118.8067542,-133.1031895,-147.3996248,-158.2363039,-169.0729831,-179.9096623,-190.7463415,-201.5830206,-212.4196998,-223.256379,-234.0930582,-244.9297373,-255.7664165,-266.6030957,-277.4397749,-288.276454,-299.1131332,-309.9498124,-320.7864916,-331.6231707,-342.4598499,-353.2965291,-364.1332083,-374.9698874,-385.8065666,-396.6432458,-407.479925,-418.3166041,-429.1532833,-439.9899625,-450.8266417,-461.6633208,-472.5,-483.3366792,-494.1733583,-505.0100375,-515.8467167,-526.6833959,-537.520075,-548.3567542,-559.1934334
9740,186.122045,31.33395872,6.288930582,-11.60037523,-22.33395872,-25.91181989,-47.37898687,-61.69043152,-76.00187617,-90.31332083,-104.6247655,-118.9362101,-133.2476548,-147.5590994,-158.4071295,-169.2551595,-180.1031895,-190.9512195,-201.7992495,-212.6472795,-223.4953096,-234.3433396,-245.1913696,-256.0393996,-266.8874296,-277.7354597,-288.5834897,-299.4315197,-310.2795497,-321.1275797,-331.9756098,-342.8236398,-353.6716698,-364.5196998,-375.3677298,-386.2157598,-397.0637899,-407.9118199,-418.7598499,-429.6078799,-440.4559099,-451.30394,-462.15197,-473,-483.84803,-494.69606,-505.5440901,-516.3921201,-527.2401501,-538.0881801,-548.9362101,-559.7842402
9750,186.3140713,31.36210131,6.290806754,-11.61726079,-22.36210131,-25.94371482,-47.43339587,-61.75984991,-76.08630394,-90.41275797,-104.739212,-119.065666,-133.3921201,-147.7185741,-158.577955,-169.4373358,-180.2967167,-191.1560976,-202.0154784,-212.8748593,-223.7342402,-234.593621,-245.4530019,-256.3123827,-267.1717636,-278.0311445,-288.8905253,-299.7499062,-310.6092871,-321.4686679,-332.3280488,-343.1874296,-354.0468105,-364.9061914,-375.7655722,-386.6249531,-397.484334,-408.3437148,-419.2030957,-430.0624765,-440.9218574,-451.7812383,-462.6406191,-473.5,-484.3593809,-495.2187617,-506.0781426,-516.9375235,-527.7969043,-538.6562852,-549.515666,-560.3750469
9760,186.5060976,31.3902439,6.292682927,-11.63414634,-22.3902439,-25.97560976,-47.48780488,-61.82926829,-76.17073171,-90.51219512,-104.8536585,-119.195122,-133.5365854,-147.8780488,-158.7487805,-169.6195122,-180.4902439,-191.3609756,-202.2317073,-213.102439,-223.9731707,-234.8439024,-245.7146341,-256.5853659,-267.4560976,-278.3268293,-289.197561,-300.0682927,-310.9390244,-321.8097561,-332.6804878,-343.5512195,-354.4219512,-365.2926829,-376.1634146,-387.0341463,-397.904878,-408.7756098,-419.6463415,-430.5170732,-441.3878049,-452.2585366,-463.1292683,-474,-484.8707317,-495.7414634,-506.6121951,-517.4829268,-528.3536585,-539.2243902,-550.095122,-560.9658537
9770,186.6981238,31.41838649,6.294559099,-11.65103189,-22.41838649,-26.00750469,-47.54221388,-61.89868668,-76.25515947,-90.61163227,-104.9681051,-119.3245779,-133.6810507,-148.0375235,-158.919606,-169.8016886,-180.6837711,-191.5658537,-202.4479362,-213.3300188,-224.2121013,-235.0941839,-245.9762664,-256.858349,-267.7404315,-278.6225141,-289.5045966,-300.3866792,-311.2687617,-322.1508443,-333.0329268,-343.9150094,-354.7970919,-365.6791745,-376.561257,-387.4433396,-398.3254221,-409.2075047,-420.0895872,-430.9716698,-441.8537523,-452.7358349,-463.6179174,-474.5,-485.3820826,-496.2641651,-507.1462477,-518.0283302,-528.9104128,-539.7924953,-550.6745779,-561.5566604
9780,186.8901501,31.44652908,6.296435272,-11.66791745,-22.44652908,-26.03939962,-47.59662289,-61.96810507,-76.33958724,-90.71106942,-105.0825516,-119.4540338,-133.8255159,-148.1969981,-159.0904315,-169.9838649,-180.8772983,-191.7707317,-202.6641651,-213.5575985,-224.4510319,-235.3444653,-246.2378987,-257.1313321,-268.0247655,-278.9181989,-289.8116323,-300.7050657,-311.5984991,-322.4919325,-333.3853659,-344.2787992,-355.1722326,-366.065666,-376.9590994,-387.8525328,-398.7459662,-409.6393996,-420.532833,-431.4262664,-442.3196998,-453.2131332,-464.1065666,-475,-485.8934334,-496.7868668,-507.6803002,-518.5737336,-529.467167,-540.3606004,-551.2540338,-562.1474672
9790,187.0821764,31.47467167,6.298311445,-11.684803,-22.47467167,-26.07129456,-47.65103189,-62.03752345,-76.42401501,-90.81050657,-105.1969981,-119.5834897,-133.9699812,-148.3564728,-159.261257,-170.1660413,-181.0708255,-191.9756098,-202.880394,-213.7851782,-224.6899625,-235.5947467,-246.499531,-257.4043152,-268.3090994,-279.2138837,-290.1186679,-301.0234522,-311.9282364,-322.8330206,-333.7378049,-344.6425891,-355.5473734,-366.4521576,-377.3569418,-388.2617261,-399.1665103,-410.0712946,-420.9760788,-431.880863,-442.7856473,-453.6904315,-464.5952158,-475.5,-486.4047842,-497.3095685,-508.2143527,-519.119137,-530.0239212,-540.9287054,-551.8334897,-562.7382739
9800,187.2742026,31.50281426,6.300187617,-11.70168856,-22.50281426,-26.10318949,-47.7054409,-62.10694184,-76.50844278,-90.90994371,-105.3114447,-119.7129456,-134.1144465,-148.5159475,-159.4320826,-170.3482176,-181.2643527,-192.1804878,-203.0966229,-214.012758,-224.9288931,-235.8450281,-246.7611632,-257.6772983,-268.5934334,-279.5095685,-290.4257036,-301.3418386,-312.2579737,-323.1741088,-334.0902439,-345.006379,-355.9225141,-366.8386492,-377.7547842,-388.6709193,-399.5870544,-410.5031895,-421.4193246,-432.3354597,-443.2515947,-454.1677298,-465.0838649,-476,-486.9161351,-497.8322702,-508.7484053,-519.6645403,-530.5806754,-541.4968105,-552.4129456,-563.3290807
9810,187.4662289,31.53095685,6.30206379,-11.71857411,-22.53095685,-26.13508443,-47.75984991,-62.17636023,-76.59287054,-91.00938086,-105.4258912,-119.8424015,-134.2589118,-148.6754221,-159.6029081,-170.530394,-181.4578799,-192.3853659,-203.3128518,-214.2403377,-225.1678236,-236.0953096,-247.0227955,-257.9502814,-268.8777674,-279.8052533,-290.7327392,-301.6602251,-312.5877111,-323.515197,-334.4426829,-345.3701689,-356.2976548,-367.2251407,-378.1526266,-389.0801126,-400.0075985,-410.9350844,-421.8625704,-432.7900563,-443.7175422,-454.6450281,-465.5725141,-476.5,-487.4274859,-498.3549719,-509.2824578,-520.2099437,-531.1374296,-542.0649156,-552.9924015,-563.9198874
9820,187.6582552,31.55909944,6.303939962,-11.73545966,-22.55909944,-26.16697936,-47.81425891,-62.24577861,-76.67729831,-91.10881801,-105.5403377,-119.9718574,-134.4033771,-148.8348968,-159.7737336,-170.7125704,-181.6514071,-192.5902439,-203.5290807,-214.4679174,-225.4067542,-236.345591,-247.2844278,-258.2232645,-269.1621013,-280.1009381,-291.0397749,-301.9786116,-312.9174484,-323.8562852,-334.795122,-345.7339587,-356.6727955,-367.6116323,-378.550469,-389.4893058,-400.4281426,-411.3669794,-422.3058161,-433.2446529,-444.1834897,-455.1223265,-466.0611632,-477,-487.9388368,-498.8776735,-509.8165103,-520.7553471,-531.6941839,-542.6330206,-553.5718574,-564.5106942
9830,187.8502814,31.58724203,6.305816135,-11.75234522,-22.58724203,-26.1988743,-47.86866792,-62.315197,-76.76172608,-91.20825516,-105.6547842,-120.1013133,-134.5478424,-148.9943715,-159.9445591,-170.8947467,-181.8449343,-192.795122,-203.7453096,-214.6954972,-225.6456848,-236.5958724,-247.54606,-258.4962477,-269.4464353,-280.3966229,-291.3468105,-302.2969981,-313.2471857,-324.1973734,-335.147561,-346.0977486,-357.0479362,-367.9981238,-378.9483114,-389.8984991,-400.8486867,-411.7988743,-422.7490619,-433.6992495,-444.6494371,-455.5996248,-466.5498124,-477.5,-488.4501876,-499.4003752,-510.3505629,-521.3007505,-532.2509381,-543.2011257,-554.1513133,-565.1015009
9840,188.0423077,31.61538462,6.307692308,-11.76923077,-22.61538462,-26.23076923,-47.92307692,-62.38461538,-76.84615385,-91.30769231,-105.7692308,-120.2307692,-134.6923077,-149.1538462,-160.1153846,-171.0769231,-182.0384615,-193,-203.9615385,-214.9230769,-225.8846154,-236.8461538,-247.8076923,-258.7692308,-269.7307692,-280.6923077,-291.6538462,-302.6153846,-313.5769231,-324.5384615,-335.5,-346.4615385,-357.4230769,-368.3846154,-379.3461538,-390.3076923,-401.2692308,-412.2307692,-423.1923077,-434.1538462,-445.1153846,-456.0769231,-467.0384615,-478,-488.9615385,-499.9230769,-510.8846154,-521.8461538,-532.8076923,-543.7692308,-554.7307692,-565.6923077
9850,188.234334,31.6435272,6.30956848,-11.78611632,-22.6435272,-26.26266417,-47.97748593,-62.45403377,-76.93058161,-91.40712946,-105.8836773,-120.3602251,-134.836773,-149.3133208,-160.2862101,-171.2590994,-182.2319887,-193.204878,-204.1777674,-215.1506567,-226.123546,-237.0964353,-248.0693246,-259.0422139,-270.0151032,-280.9879925,-291.9608818,-302.9337711,-313.9066604,-324.8795497,-335.852439,-346.8253283,-357.7982176,-368.7711069,-379.7439962,-390.7168856,-401.6897749,-412.6626642,-423.6355535,-434.6084428,-445.5813321,-456.5542214,-467.5271107,-478.5,-489.4728893,-500.4457786,-511.4186679,-522.3915572,-533.3644465,-544.3373358,-555.3102251,-566.2831144
9860,188.4263602,31.67166979,6.311444653,-11.80300188,-22.67166979,-26.2945591,-48.03189493,-62.52345216,-77.01500938,-91.5065666,-105.9981238,-120.4896811,-134.9812383,-149.4727955,-160.4570356,-171.4412758,-182.4255159,-193.4097561,-204.3939962,-215.3782364,-226.3624765,-237.3467167,-248.3309568,-259.315197,-270.2994371,-281.2836773,-292.2679174,-303.2521576,-314.2363977,-325.2206379,-336.204878,-347.1891182,-358.1733583,-369.1575985,-380.1418386,-391.1260788,-402.1103189,-413.0945591,-424.0787992,-435.0630394,-446.0472795,-457.0315197,-468.0157598,-479,-489.9842402,-500.9684803,-511.9527205,-522.9369606,-533.9212008,-544.9054409,-555.8896811,-566.8739212
9870,188.6183865,31.69981238,6.313320826,-11.81988743,-22.69981238,-26.32645403,-48.08630394,-62.59287054,-77.09943715,-91.60600375,-106.1125704,-120.619137,-135.1257036,-149.6322702,-160.6278612,-171.6234522,-182.6190432,-193.6146341,-204.6102251,-215.6058161,-226.6014071,-237.5969981,-248.5925891,-259.5881801,-270.5837711,-281.5793621,-292.5749531,-303.5705441,-314.5661351,-325.5617261,-336.5573171,-347.5529081,-358.5484991,-369.5440901,-380.5396811,-391.535272,-402.530863,-413.526454,-424.522045,-435.517636,-446.513227,-457.508818,-468.504409,-479.5,-490.495591,-501.491182,-512.486773,-523.482364,-534.477955,-545.473546,-556.469137,-567.464728
9880,188.8104128,31.72795497,6.315196998,-11.83677298,-22.72795497,-26.35834897,-48.14071295,-62.66228893,-77.18386492,-91.7054409,-106.2270169,-120.7485929,-135.2701689,-149.7917448,-160.7986867,-171.8056285,-182.8125704,-193.8195122,-204.826454,-215.8333959,-226.8403377,-237.8472795,-248.8542214,-259.8611632,-270.8681051,-281.8750469,-292.8819887,-303.8889306,-314.8958724,-325.9028143,-336.9097561,-347.9166979,-358.9236398,-369.9305816,-380.9375235,-391.9444653,-402.9514071,-413.958349,-424.9652908,-435.9722326,-446.9791745,-457.9861163,-468.9930582,-480,-491.0069418,-502.0138837,-513.0208255,-524.0277674,-535.0347092,-546.041651,-557.0485929,-568.0555347
9890,189.002439,31.75609756,6.317073171,-11.85365854,-22.75609756,-26.3902439,-48.19512195,-62.73170732,-77.26829268,-91.80487805,-106.3414634,-120.8780488,-135.4146341,-149.9512195,-160.9695122,-171.9878049,-183.0060976,-194.0243902,-205.0426829,-216.0609756,-227.0792683,-238.097561,-249.1158537,-260.1341463,-271.152439,-282.1707317,-293.1890244,-304.2073171,-315.2256098,-326.2439024,-337.2621951,-348.2804878,-359.2987805,-370.3170732,-381.3353659,-392.3536585,-403.3719512,-414.3902439,-425.4085366,-436.4268293,-447.445122,-458.4634146,-469.4817073,-480.5,-491.5182927,-502.5365854,-513.554878,-524.5731707,-535.5914634,-546.6097561,-557.6280488,-568.6463415
9900,189.1944653,31.78424015,6.318949343,-11.87054409,-22.78424015,-26.42213884,-48.24953096,-62.8011257,-77.35272045,-91.9043152,-106.4559099,-121.0075047,-135.5590994,-150.1106942,-161.1403377,-172.1699812,-183.1996248,-194.2292683,-205.2589118,-216.2885553,-227.3181989,-238.3478424,-249.3774859,-260.4071295,-271.436773,-282.4664165,-293.49606,-304.5257036,-315.5553471,-326.5849906,-337.6146341,-348.6442777,-359.6739212,-370.7035647,-381.7332083,-392.7628518,-403.7924953,-414.8221388,-425.8517824,-436.8814259,-447.9110694,-458.9407129,-469.9703565,-481,-492.0296435,-503.0592871,-514.0889306,-525.1185741,-536.1482176,-547.1778612,-558.2075047,-569.2371482
9910,189.3864916,31.81238274,6.320825516,-11.88742964,-22.81238274,-26.45403377,-48.30393996,-62.87054409,-77.43714822,-92.00375235,-106.5703565,-121.1369606,-135.7035647,-150.2701689,-161.3111632,-172.3521576,-183.393152,-194.4341463,-205.4751407,-216.5161351,-227.5571295,-238.5981238,-249.6391182,-260.6801126,-271.7211069,-282.7621013,-293.8030957,-304.8440901,-315.8850844,-326.9260788,-337.9670732,-349.0080675,-360.0490619,-371.0900563,-382.1310507,-393.172045,-404.2130394,-415.2540338,-426.2950281,-437.3360225,-448.3770169,-459.4180113,-470.4590056,-481.5,-492.5409944,-503.5819887,-514.6229831,-525.6639775,-536.7049719,-547.7459662,-558.7869606,-569.827955
9920,189.5785178,31.84052533,6.322701689,-11.9043152,-22.84052533,-26.48592871,-48.35834897,-62.93996248,-77.52157598,-92.10318949,-106.684803,-121.2664165,-135.84803,-150.4296435,-161.4819887,-172.534334,-183.5866792,-194.6390244,-205.6913696,-216.7437148,-227.79606,-238.8484053,-249.9007505,-260.9530957,-272.0054409,-283.0577861,-294.1101313,-305.1624765,-316.2148218,-327.267167,-338.3195122,-349.3718574,-360.4242026,-371.4765478,-382.5288931,-393.5812383,-404.6335835,-415.6859287,-426.7382739,-437.7906191,-448.8429644,-459.8953096,-470.9476548,-482,-493.0523452,-504.1046904,-515.1570356,-526.2093809,-537.2617261,-548.3140713,-559.3664165,-570.4187617
9930,189.7705441,31.86866792,6.324577861,-11.92120075,-22.86866792,-26.51782364,-48.41275797,-63.00938086,-77.60600375,-92.20262664,-106.7992495,-121.3958724,-135.9924953,-150.5891182,-161.6528143,-172.7165103,-183.7802064,-194.8439024,-205.9075985,-216.9712946,-228.0349906,-239.0986867,-250.1623827,-261.2260788,-272.2897749,-283.3534709,-294.417167,-305.480863,-316.5445591,-327.6082552,-338.6719512,-349.7356473,-360.7993433,-371.8630394,-382.9267355,-393.9904315,-405.0541276,-416.1178236,-427.1815197,-438.2452158,-449.3089118,-460.3726079,-471.4363039,-482.5,-493.5636961,-504.6273921,-515.6910882,-526.7547842,-537.8184803,-548.8821764,-559.9458724,-571.0095685
9940,189.9625704,31.89681051,6.326454034,-11.9380863,-22.89681051,-26.54971857,-48.46716698,-63.07879925,-77.69043152,-92.30206379,-106.9136961,-121.5253283,-136.1369606,-150.7485929,-161.8236398,-172.8986867,-183.9737336,-195.0487805,-206.1238274,-217.1988743,-228.2739212,-239.3489681,-250.424015,-261.4990619,-272.5741088,-283.6491557,-294.7242026,-305.7992495,-316.8742964,-327.9493433,-339.0243902,-350.0994371,-361.1744841,-372.249531,-383.3245779,-394.3996248,-405.4746717,-416.5497186,-427.6247655,-438.6998124,-449.7748593,-460.8499062,-471.9249531,-483,-494.0750469,-505.1500938,-516.2251407,-527.3001876,-538.3752345,-549.4502814,-560.5253283,-571.6003752
9950,190.1545966,31.9249531,6.328330206,-11.95497186,-22.9249531,-26.58161351,-48.52157598,-63.14821764,-77.77485929,-92.40150094,-107.0281426,-121.6547842,-136.2814259,-150.9080675,-161.9944653,-173.080863,-184.1672608,-195.2536585,-206.3400563,-217.426454,-228.5128518,-239.5992495,-250.6856473,-261.772045,-272.8584428,-283.9448405,-295.0312383,-306.117636,-317.2040338,-328.2904315,-339.3768293,-350.463227,-361.5496248,-372.6360225,-383.7224203,-394.808818,-405.8952158,-416.9816135,-428.0680113,-439.154409,-450.2408068,-461.3272045,-472.4136023,-483.5,-494.5863977,-505.6727955,-516.7591932,-527.845591,-538.9319887,-550.0183865,-561.1047842,-572.191182
9960,190.3466229,31.95309568,6.330206379,-11.97185741,-22.95309568,-26.61350844,-48.57598499,-63.21763602,-77.85928705,-92.50093809,-107.1425891,-121.7842402,-136.4258912,-151.0675422,-162.1652908,-173.2630394,-184.360788,-195.4585366,-206.5562852,-217.6540338,-228.7517824,-239.849531,-250.9472795,-262.0450281,-273.1427767,-284.2405253,-295.3382739,-306.4360225,-317.5337711,-328.6315197,-339.7292683,-350.8270169,-361.9247655,-373.0225141,-384.1202627,-395.2180113,-406.3157598,-417.4135084,-428.511257,-439.6090056,-450.7067542,-461.8045028,-472.9022514,-484,-495.0977486,-506.1954972,-517.2932458,-528.3909944,-539.488743,-550.5864916,-561.6842402,-572.7819887
9970,190.5386492,31.98123827,6.332082552,-11.98874296,-22.98123827,-26.64540338,-48.630394,-63.28705441,-77.94371482,-92.60037523,-107.2570356,-121.9136961,-136.5703565,-151.2270169,-162.3361163,-173.4452158,-184.5543152,-195.6634146,-206.7725141,-217.8816135,-228.9907129,-240.0998124,-251.2089118,-262.3180113,-273.4271107,-284.5362101,-295.6453096,-306.754409,-317.8635084,-328.9726079,-340.0817073,-351.1908068,-362.2999062,-373.4090056,-384.5181051,-395.6272045,-406.7363039,-417.8454034,-428.9545028,-440.0636023,-451.1727017,-462.2818011,-473.3909006,-484.5,-495.6090994,-506.7181989,-517.8272983,-528.9363977,-540.0454972,-551.1545966,-562.2636961,-573.3727955
9980,190.7306754,32.00938086,6.333958724,-12.00562852,-23.00938086,-26.67729831,-48.684803,-63.3564728,-78.02814259,-92.69981238,-107.3714822,-122.043152,-136.7148218,-151.3864916,-162.5069418,-173.6273921,-184.7478424,-195.8682927,-206.988743,-218.1091932,-229.2296435,-240.3500938,-251.4705441,-262.5909944,-273.7114447,-284.8318949,-295.9523452,-307.0727955,-318.1932458,-329.3136961,-340.4341463,-351.5545966,-362.6750469,-373.7954972,-384.9159475,-396.0363977,-407.156848,-418.2772983,-429.3977486,-440.5181989,-451.6386492,-462.7590994,-473.8795497,-485,-496.1204503,-507.2409006,-518.3613508,-529.4818011,-540.6022514,-551.7227017,-562.843152,-573.9636023
9990,190.9227017,32.03752345,6.335834897,-12.02251407,-23.03752345,-26.70919325,-48.73921201,-63.42589118,-78.11257036,-92.79924953,-107.4859287,-122.1726079,-136.8592871,-151.5459662,-162.6777674,-173.8095685,-184.9413696,-196.0731707,-207.2049719,-218.336773,-229.4685741,-240.6003752,-251.7321764,-262.8639775,-273.9957786,-285.1275797,-296.2593809,-307.391182,-318.5229831,-329.6547842,-340.7865854,-351.9183865,-363.0501876,-374.1819887,-385.3137899,-396.445591,-407.5773921,-418.7091932,-429.8409944,-440.9727955,-452.1045966,-463.2363977,-474.3681989,-485.5,-496.6318011,-507.7636023,-518.8954034,-530.0272045,-541.1590056,-552.2908068,-563.4226079,-574.554409
10000,191.114728,32.06566604,6.337711069,-12.03939962,-23.06566604,-26.74108818,-48.79362101,-63.49530957,-78.19699812,-92.89868668,-107.6003752,-122.3020638,-137.0037523,-151.7054409,-162.8485929,-173.9917448,-185.1348968,-196.2780488,-207.4212008,-218.5643527,-229.7075047,-240.8506567,-251.9938086,-263.1369606,-274.2801126,-285.4232645,-296.5664165,-307.7095685,-318.8527205,-329.9958724,-341.1390244,-352.2821764,-363.4253283,-374.5684803,-385.7116323,-396.8547842,-407.9979362,-419.1410882,-430.2842402,-441.4273921,-452.5705441,-463.7136961,-474.856848,-486,-497.143152,-508.2863039,-519.4294559,-530.5726079,-541.7157598,-552.8589118,-564.0020638,-575.1452158
10010,191.3067542,32.09380863,6.339587242,-12.05628518,-23.09380863,-26.77298311,-48.84803002,-63.56472795,-78.28142589,-92.99812383,-107.7148218,-122.4315197,-137.1482176,-151.8649156,-163.0194184,-174.1739212,-185.328424,-196.4829268,-207.6374296,-218.7919325,-229.9464353,-241.1009381,-252.2554409,-263.4099437,-274.5644465,-285.7189493,-296.8734522,-308.027955,-319.1824578,-330.3369606,-341.4914634,-352.6459662,-363.800469,-374.9549719,-386.1094747,-397.2639775,-408.4184803,-419.5729831,-430.7274859,-441.8819887,-453.0364916,-464.1909944,-475.3454972,-486.5,-497.6545028,-508.8090056,-519.9635084,-531.1180113,-542.2725141,-553.4270169,-564.5815197,-575.7360225
10020,191.4987805,32.12195122,6.341463415,-12.07317073,-23.12195122,-26.80487805,-48.90243902,-63.63414634,-78.36585366,-93.09756098,-107.8292683,-122.5609756,-137.2926829,-152.0243902,-163.1902439,-174.3560976,-185.5219512,-196.6878049,-207.8536585,-219.0195122,-230.1853659,-241.3512195,-252.5170732,-263.6829268,-274.8487805,-286.0146341,-297.1804878,-308.3463415,-319.5121951,-330.6780488,-341.8439024,-353.0097561,-364.1756098,-375.3414634,-386.5073171,-397.6731707,-408.8390244,-420.004878,-431.1707317,-442.3365854,-453.502439,-464.6682927,-475.8341463,-487,-498.1658537,-509.3317073,-520.497561,-531.6634146,-542.8292683,-553.995122,-565.1609756,-576.3268293
10030,191.6908068,32.15009381,6.343339587,-12.09005629,-23.15009381,-26.83677298,-48.95684803,-63.70356473,-78.45028143,-93.19699812,-107.9437148,-122.6904315,-137.4371482,-152.1838649,-163.3610694,-174.5382739,-185.7154784,-196.8926829,-208.0698874,-219.2470919,-230.4242964,-241.6015009,-252.7787054,-263.9559099,-275.1331144,-286.3103189,-297.4875235,-308.664728,-319.8419325,-331.019137,-342.1963415,-353.373546,-364.5507505,-375.727955,-386.9051595,-398.082364,-409.2595685,-420.436773,-431.6139775,-442.791182,-453.9683865,-465.145591,-476.3227955,-487.5,-498.6772045,-509.854409,-521.0316135,-532.208818,-543.3860225,-554.563227,-565.7404315,-576.917636
10040,191.882833,32.1782364,6.34521576,-12.10694184,-23.1782364,-26.86866792,-49.01125704,-63.77298311,-78.53470919,-93.29643527,-108.0581614,-122.8198874,-137.5816135,-152.3433396,-163.5318949,-174.7204503,-185.9090056,-197.097561,-208.2861163,-219.4746717,-230.663227,-241.8517824,-253.0403377,-264.2288931,-275.4174484,-286.6060038,-297.7945591,-308.9831144,-320.1716698,-331.3602251,-342.5487805,-353.7373358,-364.9258912,-376.1144465,-387.3030019,-398.4915572,-409.6801126,-420.8686679,-432.0572233,-443.2457786,-454.434334,-465.6228893,-476.8114447,-488,-499.1885553,-510.3771107,-521.565666,-532.7542214,-543.9427767,-555.1313321,-566.3198874,-577.5084428
10050,192.0748593,32.20637899,6.347091932,-12.12382739,-23.20637899,-26.90056285,-49.06566604,-63.8424015,-78.61913696,-93.39587242,-108.1726079,-122.9493433,-137.7260788,-152.5028143,-163.7027205,-174.9026266,-186.1025328,-197.302439,-208.5023452,-219.7022514,-230.9021576,-242.1020638,-253.30197,-264.5018762,-275.7017824,-286.9016886,-298.1015947,-309.3015009,-320.5014071,-331.7013133,-342.9012195,-354.1011257,-365.3010319,-376.5009381,-387.7008443,-398.9007505,-410.1006567,-421.3005629,-432.500469,-443.7003752,-454.9002814,-466.1001876,-477.3000938,-488.5,-499.6999062,-510.8998124,-522.0997186,-533.2996248,-544.499531,-555.6994371,-566.8993433,-578.0992495
10060,192.2668856,32.23452158,6.348968105,-12.14071295,-23.23452158,-26.93245779,-49.12007505,-63.91181989,-78.70356473,-93.49530957,-108.2870544,-123.0787992,-137.8705441,-152.6622889,-163.873546,-175.084803,-186.29606,-197.5073171,-208.7185741,-219.9298311,-231.1410882,-242.3523452,-253.5636023,-264.7748593,-275.9861163,-287.1973734,-298.4086304,-309.6198874,-320.8311445,-332.0424015,-343.2536585,-354.4649156,-365.6761726,-376.8874296,-388.0986867,-399.3099437,-410.5212008,-421.7324578,-432.9437148,-444.1549719,-455.3662289,-466.5774859,-477.788743,-489,-500.211257,-511.4225141,-522.6337711,-533.8450281,-545.0562852,-556.2675422,-567.4787992,-578.6900563
10070,192.4589118,32.26266417,6.350844278,-12.1575985,-23.26266417,-26.96435272,-49.17448405,-63.98123827,-78.7879925,-93.59474672,-108.4015009,-123.2082552,-138.0150094,-152.8217636,-164.0443715,-175.2669794,-186.4895872,-197.7121951,-208.934803,-220.1574109,-231.3800188,-242.6026266,-253.8252345,-265.0478424,-276.2704503,-287.4930582,-298.715666,-309.9382739,-321.1608818,-332.3834897,-343.6060976,-354.8287054,-366.0513133,-377.2739212,-388.4965291,-399.719137,-410.9417448,-422.1643527,-433.3869606,-444.6095685,-455.8321764,-467.0547842,-478.2773921,-489.5,-500.7226079,-511.9452158,-523.1678236,-534.3904315,-545.6130394,-556.8356473,-568.0582552,-579.280863
10080,192.6509381,32.29080675,6.35272045,-12.17448405,-23.29080675,-26.99624765,-49.22889306,-64.05065666,-78.87242026,-93.69418386,-108.5159475,-123.3377111,-138.1594747,-152.9812383,-164.215197,-175.4491557,-186.6831144,-197.9170732,-209.1510319,-220.3849906,-231.6189493,-242.8529081,-254.0868668,-265.3208255,-276.5547842,-287.788743,-299.0227017,-310.2566604,-321.4906191,-332.7245779,-343.9585366,-355.1924953,-366.426454,-377.6604128,-388.8943715,-400.1283302,-411.3622889,-422.5962477,-433.8302064,-445.0641651,-456.2981238,-467.5320826,-478.7660413,-490,-501.2339587,-512.4679174,-523.7018762,-534.9358349,-546.1697936,-557.4037523,-568.6377111,-579.8716698
10090,192.8429644,32.31894934,6.354596623,-12.19136961,-23.31894934,-27.02814259,-49.28330206,-64.12007505,-78.95684803,-93.79362101,-108.630394,-123.467167,-138.30394,-153.1407129,-164.3860225,-175.6313321,-186.8766417,-198.1219512,-209.3672608,-220.6125704,-231.8578799,-243.1031895,-254.3484991,-265.5938086,-276.8391182,-288.0844278,-299.3297373,-310.5750469,-321.8203565,-333.065666,-344.3109756,-355.5562852,-366.8015947,-378.0469043,-389.2922139,-400.5375235,-411.782833,-423.0281426,-434.2734522,-445.5187617,-456.7640713,-468.0093809,-479.2546904,-490.5,-501.7453096,-512.9906191,-524.2359287,-535.4812383,-546.7265478,-557.9718574,-569.217167,-580.4624765
10100,193.0349906,32.34709193,6.356472795,-12.20825516,-23.34709193,-27.06003752,-49.33771107,-64.18949343,-79.0412758,-93.89305816,-108.7448405,-123.5966229,-138.4484053,-153.3001876,-164.556848,-175.8135084,-187.0701689,-198.3268293,-209.5834897,-220.8401501,-232.0968105,-243.3534709,-254.6101313,-265.8667917,-277.1234522,-288.3801126,-299.636773,-310.8934334,-322.1500938,-333.4067542,-344.6634146,-355.920075,-367.1767355,-378.4333959,-389.6900563,-400.9467167,-412.2033771,-423.4600375,-434.7166979,-445.9733583,-457.2300188,-468.4866792,-479.7433396,-491,-502.2566604,-513.5133208,-524.7699812,-536.0266417,-547.2833021,-558.5399625,-569.7966229,-581.0532833
10110,193.2270169,32.37523452,6.358348968,-12.22514071,-23.37523452,-27.09193246,-49.39212008,-64.25891182,-79.12570356,-93.99249531,-108.8592871,-123.7260788,-138.5928705,-153.4596623,-164.7276735,-175.9956848,-187.2636961,-198.5317073,-209.7997186,-221.0677298,-232.3357411,-243.6037523,-254.8717636,-266.1397749,-277.4077861,-288.6757974,-299.9438086,-311.2118199,-322.4798311,-333.7478424,-345.0158537,-356.2838649,-367.5518762,-378.8198874,-390.0878987,-401.3559099,-412.6239212,-423.8919325,-435.1599437,-446.427955,-457.6959662,-468.9639775,-480.2319887,-491.5,-502.7680113,-514.0360225,-525.3040338,-536.572045,-547.8400563,-559.1080675,-570.3760788,-581.6440901
10120,193.4190432,32.40337711,6.360225141,-12.24202627,-23.40337711,-27.12382739,-49.44652908,-64.32833021,-79.21013133,-94.09193246,-108.9737336,-123.8555347,-138.7373358,-153.619137,-164.8984991,-176.1778612,-187.4572233,-198.7365854,-210.0159475,-221.2953096,-232.5746717,-243.8540338,-255.1333959,-266.412758,-277.6921201,-288.9714822,-300.2508443,-311.5302064,-322.8095685,-334.0889306,-345.3682927,-356.6476548,-367.9270169,-379.206379,-390.4857411,-401.7651032,-413.0444653,-424.3238274,-435.6031895,-446.8825516,-458.1619137,-469.4412758,-480.7206379,-492,-503.2793621,-514.5587242,-525.8380863,-537.1174484,-548.3968105,-559.6761726,-570.9555347,-582.2348968
10130,193.6110694,32.4315197,6.362101313,-12.25891182,-23.4315197,-27.15572233,-49.50093809,-64.39774859,-79.2945591,-94.19136961,-109.0881801,-123.9849906,-138.8818011,-153.7786116,-165.0693246,-176.3600375,-187.6507505,-198.9414634,-210.2321764,-221.5228893,-232.8136023,-244.1043152,-255.3950281,-266.6857411,-277.976454,-289.267167,-300.5578799,-311.8485929,-323.1393058,-334.4300188,-345.7207317,-357.0114447,-368.3021576,-379.5928705,-390.8835835,-402.1742964,-413.4650094,-424.7557223,-436.0464353,-447.3371482,-458.6278612,-469.9185741,-481.2092871,-492.5,-503.7907129,-515.0814259,-526.3721388,-537.6628518,-548.9535647,-560.2442777,-571.5349906,-582.8257036
10140,193.8030957,32.45966229,6.363977486,-12.27579737,-23.45966229,-27.18761726,-49.55534709,-64.46716698,-79.37898687,-94.29080675,-109.2026266,-124.1144465,-139.0262664,-153.9380863,-165.2401501,-176.5422139,-187.8442777,-199.1463415,-210.4484053,-221.750469,-233.0525328,-244.3545966,-255.6566604,-266.9587242,-278.260788,-289.5628518,-300.8649156,-312.1669794,-323.4690432,-334.7711069,-346.0731707,-357.3752345,-368.6772983,-379.9793621,-391.2814259,-402.5834897,-413.8855535,-425.1876173,-436.4896811,-447.7917448,-459.0938086,-470.3958724,-481.6979362,-493,-504.3020638,-515.6041276,-526.9061914,-538.2082552,-549.5103189,-560.8123827,-572.1144465,-583.4165103
10150,193.995122,32.48780488,6.365853659,-12.29268293,-23.48780488,-27.2195122,-49.6097561,-64.53658537,-79.46341463,-94.3902439,-109.3170732,-124.2439024,-139.1707317,-154.097561,-165.4109756,-176.7243902,-188.0378049,-199.3512195,-210.6646341,-221.9780488,-233.2914634,-244.604878,-255.9182927,-267.2317073,-278.545122,-289.8585366,-301.1719512,-312.4853659,-323.7987805,-335.1121951,-346.4256098,-357.7390244,-369.052439,-380.3658537,-391.6792683,-402.9926829,-414.3060976,-425.6195122,-436.9329268,-448.2463415,-459.5597561,-470.8731707,-482.1865854,-493.5,-504.8134146,-516.1268293,-527.4402439,-538.7536585,-550.0670732,-561.3804878,-572.6939024,-584.0073171
10160,194.1871482,32.51594747,6.367729831,-12.30956848,-23.51594747,-27.25140713,-49.6641651,-64.60600375,-79.5478424,-94.48968105,-109.4315197,-124.3733583,-139.315197,-154.2570356,-165.5818011,-176.9065666,-188.2313321,-199.5560976,-210.880863,-222.2056285,-233.530394,-244.8551595,-256.179925,-267.5046904,-278.8294559,-290.1542214,-301.4789869,-312.8037523,-324.1285178,-335.4532833,-346.7780488,-358.1028143,-369.4275797,-380.7523452,-392.0771107,-403.4018762,-414.7266417,-426.0514071,-437.3761726,-448.7009381,-460.0257036,-471.350469,-482.6752345,-494,-505.3247655,-516.649531,-527.9742964,-539.2990619,-550.6238274,-561.9485929,-573.2733583,-584.5981238
10170,194.3791745,32.54409006,6.369606004,-12.32645403,-23.54409006,-27.28330206,-49.71857411,-64.67542214,-79.63227017,-94.5891182,-109.5459662,-124.5028143,-139.4596623,-154.4165103,-165.7526266,-177.088743,-188.4248593,-199.7609756,-211.0970919,-222.4332083,-233.7693246,-245.1054409,-256.4415572,-267.7776735,-279.1137899,-290.4499062,-301.7860225,-313.1221388,-324.4582552,-335.7943715,-347.1304878,-358.4666041,-369.8027205,-381.1388368,-392.4749531,-403.8110694,-415.1471857,-426.4833021,-437.8194184,-449.1555347,-460.491651,-471.8277674,-483.1638837,-494.5,-505.8361163,-517.1722326,-528.508349,-539.8444653,-551.1805816,-562.5166979,-573.8528143,-585.1889306
10180,194.5712008,32.57223265,6.371482176,-12.34333959,-23.57223265,-27.315197,-49.77298311,-64.74484053,-79.71669794,-94.68855535,-109.6604128,-124.6322702,-139.6041276,-154.575985,-165.9234522,-177.2709193,-188.6183865,-199.9658537,-211.3133208,-222.660788,-234.0082552,-245.3557223,-256.7031895,-268.0506567,-279.3981238,-290.745591,-302.0930582,-313.4405253,-324.7879925,-336.1354597,-347.4829268,-358.830394,-370.1778612,-381.5253283,-392.8727955,-404.2202627,-415.5677298,-426.915197,-438.2626642,-449.6101313,-460.9575985,-472.3050657,-483.6525328,-495,-506.3474672,-517.6949343,-529.0424015,-540.3898687,-551.7373358,-563.084803,-574.4322702,-585.7797373
10190,194.763227,32.60037523,6.373358349,-12.36022514,-23.60037523,-27.34709193,-49.82739212,-64.81425891,-79.8011257,-94.7879925,-109.7748593,-124.7617261,-139.7485929,-154.7354597,-166.0942777,-177.4530957,-188.8119137,-200.1707317,-211.5295497,-222.8883677,-234.2471857,-245.6060038,-256.9648218,-268.3236398,-279.6824578,-291.0412758,-302.4000938,-313.7589118,-325.1177298,-336.4765478,-347.8353659,-359.1941839,-370.5530019,-381.9118199,-393.2706379,-404.6294559,-415.9882739,-427.3470919,-438.7059099,-450.064728,-461.423546,-472.782364,-484.141182,-495.5,-506.858818,-518.217636,-529.576454,-540.935272,-552.2940901,-563.6529081,-575.0117261,-586.3705441
10200,194.9552533,32.62851782,6.375234522,-12.37711069,-23.62851782,-27.37898687,-49.88180113,-64.8836773,-79.88555347,-94.88742964,-109.8893058,-124.891182,-139.8930582,-154.8949343,-166.2651032,-177.635272,-189.0054409,-200.3756098,-211.7457786,-223.1159475,-234.4861163,-245.8562852,-257.226454,-268.5966229,-279.9667917,-291.3369606,-302.7071295,-314.0772983,-325.4474672,-336.817636,-348.1878049,-359.5579737,-370.9281426,-382.2983114,-393.6684803,-405.0386492,-416.408818,-427.7789869,-439.1491557,-450.5193246,-461.8894934,-473.2596623,-484.6298311,-496,-507.3701689,-518.7403377,-530.1105066,-541.4806754,-552.8508443,-564.2210131,-575.591182,-586.9613508
10210,195.1472795,32.65666041,6.377110694,-12.39399625,-23.65666041,-27.4108818,-49.93621013,-64.95309568,-79.96998124,-94.98686679,-110.0037523,-125.0206379,-140.0375235,-155.054409,-166.4359287,-177.8174484,-189.1989681,-200.5804878,-211.9620075,-223.3435272,-234.7250469,-246.1065666,-257.4880863,-268.869606,-280.2511257,-291.6326454,-303.0141651,-314.3956848,-325.7772045,-337.1587242,-348.5402439,-359.9217636,-371.3032833,-382.684803,-394.0663227,-405.4478424,-416.8293621,-428.2108818,-439.5924015,-450.9739212,-462.3554409,-473.7369606,-485.1184803,-496.5,-507.8815197,-519.2630394,-530.6445591,-542.0260788,-553.4075985,-564.7891182,-576.1706379,-587.5521576
10220,195.3393058,32.684803,6.378986867,-12.4108818,-23.684803,-27.44277674,-49.99061914,-65.02251407,-80.05440901,-95.08630394,-110.1181989,-125.1500938,-140.1819887,-155.2138837,-166.6067542,-177.9996248,-189.3924953,-200.7853659,-212.1782364,-223.5711069,-234.9639775,-246.356848,-257.7497186,-269.1425891,-280.5354597,-291.9283302,-303.3212008,-314.7140713,-326.1069418,-337.4998124,-348.8926829,-360.2855535,-371.678424,-383.0712946,-394.4641651,-405.8570356,-417.2499062,-428.6427767,-440.0356473,-451.4285178,-462.8213884,-474.2142589,-485.6071295,-497,-508.3928705,-519.7857411,-531.1786116,-542.5714822,-553.9643527,-565.3572233,-576.7500938,-588.1429644
10230,195.5313321,32.71294559,6.380863039,-12.42776735,-23.71294559,-27.47467167,-50.04502814,-65.09193246,-80.13883677,-95.18574109,-110.2326454,-125.2795497,-140.326454,-155.3733583,-166.7775797,-178.1818011,-189.5860225,-200.9902439,-212.3944653,-223.7986867,-235.2029081,-246.6071295,-258.0113508,-269.4155722,-280.8197936,-292.224015,-303.6282364,-315.0324578,-326.4366792,-337.8409006,-349.245122,-360.6493433,-372.0535647,-383.4577861,-394.8620075,-406.2662289,-417.6704503,-429.0746717,-440.4788931,-451.8831144,-463.2873358,-474.6915572,-486.0957786,-497.5,-508.9042214,-520.3084428,-531.7126642,-543.1168856,-554.5211069,-565.9253283,-577.3295497,-588.7337711
10240,195.7233583,32.74108818,6.382739212,-12.44465291,-23.74108818,-27.5065666,-50.09943715,-65.16135084,-80.22326454,-95.28517824,-110.3470919,-125.4090056,-140.4709193,-155.532833,-166.9484053,-178.3639775,-189.7795497,-201.195122,-212.6106942,-224.0262664,-235.4418386,-246.8574109,-258.2729831,-269.6885553,-281.1041276,-292.5196998,-303.935272,-315.3508443,-326.7664165,-338.1819887,-349.597561,-361.0131332,-372.4287054,-383.8442777,-395.2598499,-406.6754221,-418.0909944,-429.5065666,-440.9221388,-452.3377111,-463.7532833,-475.1688555,-486.5844278,-498,-509.4155722,-520.8311445,-532.2467167,-543.6622889,-555.0778612,-566.4934334,-577.9090056,-589.3245779
10250,195.9153846,32.76923077,6.384615385,-12.46153846,-23.76923077,-27.53846154,-50.15384615,-65.23076923,-80.30769231,-95.38461538,-110.4615385,-125.5384615,-140.6153846,-155.6923077,-167.1192308,-178.5461538,-189.9730769,-201.4,-212.8269231,-224.2538462,-235.6807692,-247.1076923,-258.5346154,-269.9615385,-281.3884615,-292.8153846,-304.2423077,-315.6692308,-327.0961538,-338.5230769,-349.95,-361.3769231,-372.8038462,-384.2307692,-395.6576923,-407.0846154,-418.5115385,-429.9384615,-441.3653846,-452.7923077,-464.2192308,-475.6461538,-487.0730769,-498.5,-509.9269231,-521.3538462,-532.7807692,-544.2076923,-555.6346154,-567.0615385,-578.4884615,-589.9153846
10260,196.1074109,32.79737336,6.386491557,-12.47842402,-23.79737336,-27.57035647,-50.20825516,-65.30018762,-80.39212008,-95.48405253,-110.575985,-125.6679174,-140.7598499,-155.8517824,-167.2900563,-178.7283302,-190.1666041,-201.604878,-213.043152,-224.4814259,-235.9196998,-247.3579737,-258.7962477,-270.2345216,-281.6727955,-293.1110694,-304.5493433,-315.9876173,-327.4258912,-338.8641651,-350.302439,-361.7407129,-373.1789869,-384.6172608,-396.0555347,-407.4938086,-418.9320826,-430.3703565,-441.8086304,-453.2469043,-464.6851782,-476.1234522,-487.5617261,-499,-510.4382739,-521.8765478,-533.3148218,-544.7530957,-556.1913696,-567.6296435,-579.0679174,-590.5061914
10270,196.2994371,32.82551595,6.38836773,-12.49530957,-23.82551595,-27.60225141,-50.26266417,-65.369606,-80.47654784,-95.58348968,-110.6904315,-125.7973734,-140.9043152,-156.011257,-167.4608818,-178.9105066,-190.3601313,-201.8097561,-213.2593809,-224.7090056,-236.1586304,-247.6082552,-259.0578799,-270.5075047,-281.9571295,-293.4067542,-304.856379,-316.3060038,-327.7556285,-339.2052533,-350.654878,-362.1045028,-373.5541276,-385.0037523,-396.4533771,-407.9030019,-419.3526266,-430.8022514,-442.2518762,-453.7015009,-465.1511257,-476.6007505,-488.0503752,-499.5,-510.9496248,-522.3992495,-533.8488743,-545.2984991,-556.7481238,-568.1977486,-579.6473734,-591.0969981
10280,196.4914634,32.85365854,6.390243902,-12.51219512,-23.85365854,-27.63414634,-50.31707317,-65.43902439,-80.56097561,-95.68292683,-110.804878,-125.9268293,-141.0487805,-156.1707317,-167.6317073,-179.0926829,-190.5536585,-202.0146341,-213.4756098,-224.9365854,-236.397561,-247.8585366,-259.3195122,-270.7804878,-282.2414634,-293.702439,-305.1634146,-316.6243902,-328.0853659,-339.5463415,-351.0073171,-362.4682927,-373.9292683,-385.3902439,-396.8512195,-408.3121951,-419.7731707,-431.2341463,-442.695122,-454.1560976,-465.6170732,-477.0780488,-488.5390244,-500,-511.4609756,-522.9219512,-534.3829268,-545.8439024,-557.304878,-568.7658537,-580.2268293,-591.6878049
10290,196.6834897,32.88180113,6.392120075,-12.52908068,-23.88180113,-27.66604128,-50.37148218,-65.50844278,-80.64540338,-95.78236398,-110.9193246,-126.0562852,-141.1932458,-156.3302064,-167.8025328,-179.2748593,-190.7471857,-202.2195122,-213.6918386,-225.1641651,-236.6364916,-248.108818,-259.5811445,-271.0534709,-282.5257974,-293.9981238,-305.4704503,-316.9427767,-328.4151032,-339.8874296,-351.3597561,-362.8320826,-374.304409,-385.7767355,-397.2490619,-408.7213884,-420.1937148,-431.6660413,-443.1383677,-454.6106942,-466.0830206,-477.5553471,-489.0276735,-500.5,-511.9723265,-523.4446529,-534.9169794,-546.3893058,-557.8616323,-569.3339587,-580.8062852,-592.2786116
10300,196.8755159,32.90994371,6.393996248,-12.54596623,-23.90994371,-27.69793621,-50.42589118,-65.57786116,-80.72983114,-95.88180113,-111.0337711,-126.1857411,-141.3377111,-156.4896811,-167.9733583,-179.4570356,-190.9407129,-202.4243902,-213.9080675,-225.3917448,-236.8754221,-248.3590994,-259.8427767,-271.326454,-282.8101313,-294.2938086,-305.7774859,-317.2611632,-328.7448405,-340.2285178,-351.7121951,-363.1958724,-374.6795497,-386.163227,-397.6469043,-409.1305816,-420.6142589,-432.0979362,-443.5816135,-455.0652908,-466.5489681,-478.0326454,-489.5163227,-501,-512.4836773,-523.9673546,-535.4510319,-546.9347092,-558.4183865,-569.9020638,-581.3857411,-592.8694184
10310,197.0675422,32.9380863,6.39587242,-12.56285178,-23.9380863,-27.72983114,-50.48030019,-65.64727955,-80.81425891,-95.98123827,-111.1482176,-126.315197,-141.4821764,-156.6491557,-168.1441839,-179.639212,-191.1342402,-202.6292683,-214.1242964,-225.6193246,-237.1143527,-248.6093809,-260.104409,-271.5994371,-283.0944653,-294.5894934,-306.0845216,-317.5795497,-329.0745779,-340.569606,-352.0646341,-363.5596623,-375.0546904,-386.5497186,-398.0447467,-409.5397749,-421.034803,-432.5298311,-444.0248593,-455.5198874,-467.0149156,-478.5099437,-490.0049719,-501.5,-512.9950281,-524.4900563,-535.9850844,-547.4801126,-558.9751407,-570.4701689,-581.965197,-593.4602251
10320,197.2595685,32.96622889,6.397748593,-12.57973734,-23.96622889,-27.76172608,-50.53470919,-65.71669794,-80.89868668,-96.08067542,-111.2626642,-126.4446529,-141.6266417,-156.8086304,-168.3150094,-179.8213884,-191.3277674,-202.8341463,-214.3405253,-225.8469043,-237.3532833,-248.8596623,-260.3660413,-271.8724203,-283.3787992,-294.8851782,-306.3915572,-317.8979362,-329.4043152,-340.9106942,-352.4170732,-363.9234522,-375.4298311,-386.9362101,-398.4425891,-409.9489681,-421.4553471,-432.9617261,-444.4681051,-455.9744841,-467.480863,-478.987242,-490.493621,-502,-513.506379,-525.012758,-536.519137,-548.0255159,-559.5318949,-571.0382739,-582.5446529,-594.0510319
10330,197.4515947,32.99437148,6.399624765,-12.59662289,-23.99437148,-27.79362101,-50.5891182,-65.78611632,-80.98311445,-96.18011257,-111.3771107,-126.5741088,-141.7711069,-156.9681051,-168.4858349,-180.0035647,-191.5212946,-203.0390244,-214.5567542,-226.0744841,-237.5922139,-249.1099437,-260.6276735,-272.1454034,-283.6631332,-295.180863,-306.6985929,-318.2163227,-329.7340525,-341.2517824,-352.7695122,-364.287242,-375.8049719,-387.3227017,-398.8404315,-410.3581614,-421.8758912,-433.393621,-444.9113508,-456.4290807,-467.9468105,-479.4645403,-490.9822702,-502.5,-514.0177298,-525.5354597,-537.0531895,-548.5709193,-560.0886492,-571.606379,-583.1241088,-594.6418386
10340,197.643621,33.02251407,6.401500938,-12.61350844,-24.02251407,-27.82551595,-50.6435272,-65.85553471,-81.06754221,-96.27954972,-111.4915572,-126.7035647,-141.9155722,-157.1275797,-168.6566604,-180.1857411,-191.7148218,-203.2439024,-214.7729831,-226.3020638,-237.8311445,-249.3602251,-260.8893058,-272.4183865,-283.9474672,-295.4765478,-307.0056285,-318.5347092,-330.0637899,-341.5928705,-353.1219512,-364.6510319,-376.1801126,-387.7091932,-399.2382739,-410.7673546,-422.2964353,-433.8255159,-445.3545966,-456.8836773,-468.412758,-479.9418386,-491.4709193,-503,-514.5290807,-526.0581614,-537.587242,-549.1163227,-560.6454034,-572.1744841,-583.7035647,-595.2326454
10350,197.8356473,33.05065666,6.403377111,-12.630394,-24.05065666,-27.85741088,-50.69793621,-65.9249531,-81.15196998,-96.37898687,-111.6060038,-126.8330206,-142.0600375,-157.2870544,-168.8274859,-180.3679174,-191.908349,-203.4487805,-214.989212,-226.5296435,-238.070075,-249.6105066,-261.1509381,-272.6913696,-284.2318011,-295.7722326,-307.3126642,-318.8530957,-330.3935272,-341.9339587,-353.4743902,-365.0148218,-376.5552533,-388.0956848,-399.6361163,-411.1765478,-422.7169794,-434.2574109,-445.7978424,-457.3382739,-468.8787054,-480.419137,-491.9595685,-503.5,-515.0404315,-526.580863,-538.1212946,-549.6617261,-561.2021576,-572.7425891,-584.2830206,-595.8234522
10360,198.0276735,33.07879925,6.405253283,-12.64727955,-24.07879925,-27.88930582,-50.75234522,-65.99437148,-81.23639775,-96.47842402,-111.7204503,-126.9624765,-142.2045028,-157.4465291,-168.9983114,-180.5500938,-192.1018762,-203.6536585,-215.2054409,-226.7572233,-238.3090056,-249.860788,-261.4125704,-272.9643527,-284.5161351,-296.0679174,-307.6196998,-319.1714822,-330.7232645,-342.2750469,-353.8268293,-365.3786116,-376.930394,-388.4821764,-400.0339587,-411.5857411,-423.1375235,-434.6893058,-446.2410882,-457.7928705,-469.3446529,-480.8964353,-492.4482176,-504,-515.5517824,-527.1035647,-538.6553471,-550.2071295,-561.7589118,-573.3106942,-584.8624765,-596.4142589
10370,198.2196998,33.10694184,6.407129456,-12.6641651,-24.10694184,-27.92120075,-50.80675422,-66.06378987,-81.32082552,-96.57786116,-111.8348968,-127.0919325,-142.3489681,-157.6060038,-169.169137,-180.7322702,-192.2954034,-203.8585366,-215.4216698,-226.984803,-238.5479362,-250.1110694,-261.6742026,-273.2373358,-284.800469,-296.3636023,-307.9267355,-319.4898687,-331.0530019,-342.6161351,-354.1792683,-365.7424015,-377.3055347,-388.8686679,-400.4318011,-411.9949343,-423.5580675,-435.1212008,-446.684334,-458.2474672,-469.8106004,-481.3737336,-492.9368668,-504.5,-516.0631332,-527.6262664,-539.1893996,-550.7525328,-562.315666,-573.8787992,-585.4419325,-597.0050657
10380,198.4117261,33.13508443,6.409005629,-12.68105066,-24.13508443,-27.95309568,-50.86116323,-66.13320826,-81.40525328,-96.67729831,-111.9493433,-127.2213884,-142.4934334,-157.7654784,-169.3399625,-180.9144465,-192.4889306,-204.0634146,-215.6378987,-227.2123827,-238.7868668,-250.3613508,-261.9358349,-273.5103189,-285.084803,-296.6592871,-308.2337711,-319.8082552,-331.3827392,-342.9572233,-354.5317073,-366.1061914,-377.6806754,-389.2551595,-400.8296435,-412.4041276,-423.9786116,-435.5530957,-447.1275797,-458.7020638,-470.2765478,-481.8510319,-493.4255159,-505,-516.5744841,-528.1489681,-539.7234522,-551.2979362,-562.8724203,-574.4469043,-586.0213884,-597.5958724
10390,198.6037523,33.16322702,6.410881801,-12.69793621,-24.16322702,-27.98499062,-50.91557223,-66.20262664,-81.48968105,-96.77673546,-112.0637899,-127.3508443,-142.6378987,-157.9249531,-169.510788,-181.0966229,-192.6824578,-204.2682927,-215.8541276,-227.4399625,-239.0257974,-250.6116323,-262.1974672,-273.7833021,-285.369137,-296.9549719,-308.5408068,-320.1266417,-331.7124765,-343.2983114,-354.8841463,-366.4699812,-378.0558161,-389.641651,-401.2274859,-412.8133208,-424.3991557,-435.9849906,-447.5708255,-459.1566604,-470.7424953,-482.3283302,-493.9141651,-505.5,-517.0858349,-528.6716698,-540.2575047,-551.8433396,-563.4291745,-575.0150094,-586.6008443,-598.1866792
10400,198.7957786,33.19136961,6.412757974,-12.71482176,-24.19136961,-28.01688555,-50.96998124,-66.27204503,-81.57410882,-96.87617261,-112.1782364,-127.4803002,-142.782364,-158.0844278,-169.6816135,-181.2787992,-192.875985,-204.4731707,-216.0703565,-227.6675422,-239.264728,-250.8619137,-262.4590994,-274.0562852,-285.6534709,-297.2506567,-308.8478424,-320.4450281,-332.0422139,-343.6393996,-355.2365854,-366.8337711,-378.4309568,-390.0281426,-401.6253283,-413.2225141,-424.8196998,-436.4168856,-448.0140713,-459.611257,-471.2084428,-482.8056285,-494.4028143,-506,-517.5971857,-529.1943715,-540.7915572,-552.388743,-563.9859287,-575.5831144,-587.1803002,-598.7774859
10410,198.9878049,33.2195122,6.414634146,-12.73170732,-24.2195122,-28.04878049,-51.02439024,-66.34146341,-81.65853659,-96.97560976,-112.2926829,-127.6097561,-142.9268293,-158.2439024,-169.852439,-181.4609756,-193.0695122,-204.6780488,-216.2865854,-227.895122,-239.5036585,-251.1121951,-262.7207317,-274.3292683,-285.9378049,-297.5463415,-309.154878,-320.7634146,-332.3719512,-343.9804878,-355.5890244,-367.197561,-378.8060976,-390.4146341,-402.0231707,-413.6317073,-425.2402439,-436.8487805,-448.4573171,-460.0658537,-471.6743902,-483.2829268,-494.8914634,-506.5,-518.1085366,-529.7170732,-541.3256098,-552.9341463,-564.5426829,-576.1512195,-587.7597561,-599.3682927
10420,199.1798311,33.24765478,6.416510319,-12.74859287,-24.24765478,-28.08067542,-51.07879925,-66.4108818,-81.74296435,-97.0750469,-112.4071295,-127.739212,-143.0712946,-158.4033771,-170.0232645,-181.643152,-193.2630394,-204.8829268,-216.5028143,-228.1227017,-239.7425891,-251.3624765,-262.982364,-274.6022514,-286.2221388,-297.8420263,-309.4619137,-321.0818011,-332.7016886,-344.321576,-355.9414634,-367.5613508,-379.1812383,-390.8011257,-402.4210131,-414.0409006,-425.660788,-437.2806754,-448.9005629,-460.5204503,-472.1403377,-483.7602251,-495.3801126,-507,-518.6198874,-530.2397749,-541.8596623,-553.4795497,-565.0994371,-576.7193246,-588.339212,-599.9590994
10430,199.3718574,33.27579737,6.418386492,-12.76547842,-24.27579737,-28.11257036,-51.13320826,-66.48030019,-81.82739212,-97.17448405,-112.521576,-127.8686679,-143.2157598,-158.5628518,-170.1940901,-181.8253283,-193.4565666,-205.0878049,-216.7190432,-228.3502814,-239.9815197,-251.612758,-263.2439962,-274.8752345,-286.5064728,-298.1377111,-309.7689493,-321.4001876,-333.0314259,-344.6626642,-356.2939024,-367.9251407,-379.556379,-391.1876173,-402.8188555,-414.4500938,-426.0813321,-437.7125704,-449.3438086,-460.9750469,-472.6062852,-484.2375235,-495.8687617,-507.5,-519.1312383,-530.7624765,-542.3937148,-554.0249531,-565.6561914,-577.2874296,-588.9186679,-600.5499062
10440,199.5638837,33.30393996,6.420262664,-12.78236398,-24.30393996,-28.14446529,-51.18761726,-66.54971857,-81.91181989,-97.2739212,-112.6360225,-127.9981238,-143.3602251,-158.7223265,-170.3649156,-182.0075047,-193.6500938,-205.2926829,-216.935272,-228.5778612,-240.2204503,-251.8630394,-263.5056285,-275.1482176,-286.7908068,-298.4333959,-310.075985,-321.7185741,-333.3611632,-345.0037523,-356.6463415,-368.2889306,-379.9315197,-391.5741088,-403.2166979,-414.8592871,-426.5018762,-438.1444653,-449.7870544,-461.4296435,-473.0722326,-484.7148218,-496.3574109,-508,-519.6425891,-531.2851782,-542.9277674,-554.5703565,-566.2129456,-577.8555347,-589.4981238,-601.1407129
10450,199.7559099,33.33208255,6.422138837,-12.79924953,-24.33208255,-28.17636023,-51.24202627,-66.61913696,-81.99624765,-97.37335835,-112.750469,-128.1275797,-143.5046904,-158.8818011,-170.5357411,-182.1896811,-193.843621,-205.497561,-217.1515009,-228.8054409,-240.4593809,-252.1133208,-263.7672608,-275.4212008,-287.0751407,-298.7290807,-310.3830206,-322.0369606,-333.6909006,-345.3448405,-356.9987805,-368.6527205,-380.3066604,-391.9606004,-403.6145403,-415.2684803,-426.9224203,-438.5763602,-450.2303002,-461.8842402,-473.5381801,-485.1921201,-496.84606,-508.5,-520.15394,-531.8078799,-543.4618199,-555.1157598,-566.7696998,-578.4236398,-590.0775797,-601.7315197
10460,199.9479362,33.36022514,6.424015009,-12.81613508,-24.36022514,-28.20825516,-51.29643527,-66.68855535,-82.08067542,-97.4727955,-112.8649156,-128.2570356,-143.6491557,-159.0412758,-170.7065666,-182.3718574,-194.0371482,-205.702439,-217.3677298,-229.0330206,-240.6983114,-252.3636023,-264.0288931,-275.6941839,-287.3594747,-299.0247655,-310.6900563,-322.3553471,-334.0206379,-345.6859287,-357.3512195,-369.0165103,-380.6818011,-392.3470919,-404.0123827,-415.6776735,-427.3429644,-439.0082552,-450.673546,-462.3388368,-474.0041276,-485.6694184,-497.3347092,-509,-520.6652908,-532.3305816,-543.9958724,-555.6611632,-567.326454,-578.9917448,-590.6570356,-602.3223265
10470,200.1399625,33.38836773,6.425891182,-12.83302064,-24.38836773,-28.24015009,-51.35084428,-66.75797373,-82.16510319,-97.57223265,-112.9793621,-128.3864916,-143.793621,-159.2007505,-170.8773921,-182.5540338,-194.2306754,-205.9073171,-217.5839587,-229.2606004,-240.937242,-252.6138837,-264.2905253,-275.967167,-287.6438086,-299.3204503,-310.9970919,-322.6737336,-334.3503752,-346.0270169,-357.7036585,-369.3803002,-381.0569418,-392.7335835,-404.4102251,-416.0868668,-427.7635084,-439.4401501,-451.1167917,-462.7934334,-474.470075,-486.1467167,-497.8233583,-509.5,-521.1766417,-532.8532833,-544.529925,-556.2065666,-567.8832083,-579.5598499,-591.2364916,-602.9131332
10480,200.3319887,33.41651032,6.427767355,-12.84990619,-24.41651032,-28.27204503,-51.40525328,-66.82739212,-82.24953096,-97.67166979,-113.0938086,-128.5159475,-143.9380863,-159.3602251,-171.0482176,-182.7362101,-194.4242026,-206.1121951,-217.8001876,-229.4881801,-241.1761726,-252.8641651,-264.5521576,-276.2401501,-287.9281426,-299.6161351,-311.3041276,-322.9921201,-334.6801126,-346.3681051,-358.0560976,-369.7440901,-381.4320826,-393.120075,-404.8080675,-416.49606,-428.1840525,-439.872045,-451.5600375,-463.24803,-474.9360225,-486.624015,-498.3120075,-510,-521.6879925,-533.375985,-545.0639775,-556.75197,-568.4399625,-580.127955,-591.8159475,-603.50394
10490,200.524015,33.44465291,6.429643527,-12.86679174,-24.44465291,-28.30393996,-51.45966229,-66.89681051,-82.33395872,-97.77110694,-113.2082552,-128.6454034,-144.0825516,-159.5196998,-171.2190432,-182.9183865,-194.6177298,-206.3170732,-218.0164165,-229.7157598,-241.4151032,-253.1144465,-264.8137899,-276.5131332,-288.2124765,-299.9118199,-311.6111632,-323.3105066,-335.0098499,-346.7091932,-358.4085366,-370.1078799,-381.8072233,-393.5065666,-405.2059099,-416.9052533,-428.6045966,-440.30394,-452.0032833,-463.7026266,-475.40197,-487.1013133,-498.8006567,-510.5,-522.1993433,-533.8986867,-545.59803,-557.2973734,-568.9967167,-580.69606,-592.3954034,-604.0947467
10500,200.7160413,33.4727955,6.4315197,-12.8836773,-24.4727955,-28.3358349,-51.51407129,-66.96622889,-82.41838649,-97.87054409,-113.3227017,-128.7748593,-144.2270169,-159.6791745,-171.3898687,-183.1005629,-194.811257,-206.5219512,-218.2326454,-229.9433396,-241.6540338,-253.364728,-265.0754221,-276.7861163,-288.4968105,-300.2075047,-311.9181989,-323.6288931,-335.3395872,-347.0502814,-358.7609756,-370.4716698,-382.182364,-393.8930582,-405.6037523,-417.3144465,-429.0251407,-440.7358349,-452.4465291,-464.1572233,-475.8679174,-487.5786116,-499.2893058,-511,-522.7106942,-534.4213884,-546.1320826,-557.8427767,-569.5534709,-581.2641651,-592.9748593,-604.6855535
10510,200.9080675,33.50093809,6.433395872,-12.90056285,-24.50093809,-28.36772983,-51.5684803,-67.03564728,-82.50281426,-97.96998124,-113.4371482,-128.9043152,-144.3714822,-159.8386492,-171.5606942,-183.2827392,-195.0047842,-206.7268293,-218.4488743,-230.1709193,-241.8929644,-253.6150094,-265.3370544,-277.0590994,-288.7811445,-300.5031895,-312.2252345,-323.9472795,-335.6693246,-347.3913696,-359.1134146,-370.8354597,-382.5575047,-394.2795497,-406.0015947,-417.7236398,-429.4456848,-441.1677298,-452.8897749,-464.6118199,-476.3338649,-488.0559099,-499.777955,-511.5,-523.222045,-534.9440901,-546.6661351,-558.3881801,-570.1102251,-581.8322702,-593.5543152,-605.2763602
10520,201.1000938,33.52908068,6.435272045,-12.91744841,-24.52908068,-28.39962477,-51.62288931,-67.10506567,-82.58724203,-98.06941839,-113.5515947,-129.0337711,-144.5159475,-159.9981238,-171.7315197,-183.4649156,-195.1983114,-206.9317073,-218.6651032,-230.3984991,-242.1318949,-253.8652908,-265.5986867,-277.3320826,-289.0654784,-300.7988743,-312.5322702,-324.265666,-335.9990619,-347.7324578,-359.4658537,-371.1992495,-382.9326454,-394.6660413,-406.3994371,-418.132833,-429.8662289,-441.5996248,-453.3330206,-465.0664165,-476.7998124,-488.5332083,-500.2666041,-512,-523.7333959,-535.4667917,-547.2001876,-558.9335835,-570.6669794,-582.4003752,-594.1337711,-605.867167
10530,201.2921201,33.55722326,6.437148218,-12.93433396,-24.55722326,-28.4315197,-51.67729831,-67.17448405,-82.67166979,-98.16885553,-113.6660413,-129.163227,-144.6604128,-160.1575985,-171.9023452,-183.6470919,-195.3918386,-207.1365854,-218.8813321,-230.6260788,-242.3708255,-254.1155722,-265.8603189,-277.6050657,-289.3498124,-301.0945591,-312.8393058,-324.5840525,-336.3287992,-348.073546,-359.8182927,-371.5630394,-383.3077861,-395.0525328,-406.7972795,-418.5420263,-430.286773,-442.0315197,-453.7762664,-465.5210131,-477.2657598,-489.0105066,-500.7552533,-512.5,-524.2447467,-535.9894934,-547.7342402,-559.4789869,-571.2237336,-582.9684803,-594.713227,-606.4579737
10540,201.4841463,33.58536585,6.43902439,-12.95121951,-24.58536585,-28.46341463,-51.73170732,-67.24390244,-82.75609756,-98.26829268,-113.7804878,-129.2926829,-144.804878,-160.3170732,-172.0731707,-183.8292683,-195.5853659,-207.3414634,-219.097561,-230.8536585,-242.6097561,-254.3658537,-266.1219512,-277.8780488,-289.6341463,-301.3902439,-313.1463415,-324.902439,-336.6585366,-348.4146341,-360.1707317,-371.9268293,-383.6829268,-395.4390244,-407.195122,-418.9512195,-430.7073171,-442.4634146,-454.2195122,-465.9756098,-477.7317073,-489.4878049,-501.2439024,-513,-524.7560976,-536.5121951,-548.2682927,-560.0243902,-571.7804878,-583.5365854,-595.2926829,-607.0487805
10550,201.6761726,33.61350844,6.440900563,-12.96810507,-24.61350844,-28.49530957,-51.78611632,-67.31332083,-82.84052533,-98.36772983,-113.8949343,-129.4221388,-144.9493433,-160.4765478,-172.2439962,-184.0114447,-195.7788931,-207.5463415,-219.3137899,-231.0812383,-242.8486867,-254.6161351,-266.3835835,-278.1510319,-289.9184803,-301.6859287,-313.4533771,-325.2208255,-336.9882739,-348.7557223,-360.5231707,-372.2906191,-384.0580675,-395.8255159,-407.5929644,-419.3604128,-431.1278612,-442.8953096,-454.662758,-466.4302064,-478.1976548,-489.9651032,-501.7325516,-513.5,-525.2674484,-537.0348968,-548.8023452,-560.5697936,-572.337242,-584.1046904,-595.8721388,-607.6395872
10560,201.8681989,33.64165103,6.442776735,-12.98499062,-24.64165103,-28.5272045,-51.84052533,-67.38273921,-82.9249531,-98.46716698,-114.0093809,-129.5515947,-145.0938086,-160.6360225,-172.4148218,-184.193621,-195.9724203,-207.7512195,-219.5300188,-231.308818,-243.0876173,-254.8664165,-266.6452158,-278.424015,-290.2028143,-301.9816135,-313.7604128,-325.539212,-337.3180113,-349.0968105,-360.8756098,-372.654409,-384.4332083,-396.2120075,-407.9908068,-419.769606,-431.5484053,-443.3272045,-455.1060038,-466.884803,-478.6636023,-490.4424015,-502.2212008,-514,-525.7787992,-537.5575985,-549.3363977,-561.115197,-572.8939962,-584.6727955,-596.4515947,-608.230394
10570,202.0602251,33.66979362,6.444652908,-13.00187617,-24.66979362,-28.55909944,-51.89493433,-67.4521576,-83.00938086,-98.56660413,-114.1238274,-129.6810507,-145.2382739,-160.7954972,-172.5856473,-184.3757974,-196.1659475,-207.9560976,-219.7462477,-231.5363977,-243.3265478,-255.1166979,-266.906848,-278.6969981,-290.4871482,-302.2772983,-314.0674484,-325.8575985,-337.6477486,-349.4378987,-361.2280488,-373.0181989,-384.808349,-396.5984991,-408.3886492,-420.1787992,-431.9689493,-443.7590994,-455.5492495,-467.3393996,-479.1295497,-490.9196998,-502.7098499,-514.5,-526.2901501,-538.0803002,-549.8704503,-561.6606004,-573.4507505,-585.2409006,-597.0310507,-608.8212008
10580,202.2522514,33.69793621,6.446529081,-13.01876173,-24.69793621,-28.59099437,-51.94934334,-67.52157598,-83.09380863,-98.66604128,-114.2382739,-129.8105066,-145.3827392,-160.9549719,-172.7564728,-184.5579737,-196.3594747,-208.1609756,-219.9624765,-231.7639775,-243.5654784,-255.3669794,-267.1684803,-278.9699812,-290.7714822,-302.5729831,-314.3744841,-326.175985,-337.9774859,-349.7789869,-361.5804878,-373.3819887,-385.1834897,-396.9849906,-408.7864916,-420.5879925,-432.3894934,-444.1909944,-455.9924953,-467.7939962,-479.5954972,-491.3969981,-503.1984991,-515,-526.8015009,-538.6030019,-550.4045028,-562.2060038,-574.0075047,-585.8090056,-597.6105066,-609.4120075
10590,202.4442777,33.7260788,6.448405253,-13.03564728,-24.7260788,-28.62288931,-52.00375235,-67.59099437,-83.1782364,-98.76547842,-114.3527205,-129.9399625,-145.5272045,-161.1144465,-172.9272983,-184.7401501,-196.5530019,-208.3658537,-220.1787054,-231.9915572,-243.804409,-255.6172608,-267.4301126,-279.2429644,-291.0558161,-302.8686679,-314.6815197,-326.4943715,-338.3072233,-350.120075,-361.9329268,-373.7457786,-385.5586304,-397.3714822,-409.184334,-420.9971857,-432.8100375,-444.6228893,-456.4357411,-468.2485929,-480.0614447,-491.8742964,-503.6871482,-515.5,-527.3128518,-539.1257036,-550.9385553,-562.7514071,-574.5642589,-586.3771107,-598.1899625,-610.0028143
10600,202.6363039,33.75422139,6.450281426,-13.05253283,-24.75422139,-28.65478424,-52.05816135,-67.66041276,-83.26266417,-98.86491557,-114.467167,-130.0694184,-145.6716698,-161.2739212,-173.0981238,-184.9223265,-196.7465291,-208.5707317,-220.3949343,-232.219137,-244.0433396,-255.8675422,-267.6917448,-279.5159475,-291.3401501,-303.1643527,-314.9885553,-326.812758,-338.6369606,-350.4611632,-362.2853659,-374.1095685,-385.9337711,-397.7579737,-409.5821764,-421.406379,-433.2305816,-445.0547842,-456.8789869,-468.7031895,-480.5273921,-492.3515947,-504.1757974,-516,-527.8242026,-539.6484053,-551.4726079,-563.2968105,-575.1210131,-586.9452158,-598.7694184,-610.593621
10610,202.8283302,33.78236398,6.452157598,-13.06941839,-24.78236398,-28.68667917,-52.11257036,-67.72983114,-83.34709193,-98.96435272,-114.5816135,-130.1988743,-145.8161351,-161.4333959,-173.2689493,-185.1045028,-196.9400563,-208.7756098,-220.6111632,-232.4467167,-244.2822702,-256.1178236,-267.9533771,-279.7889306,-291.6244841,-303.4600375,-315.295591,-327.1311445,-338.9666979,-350.8022514,-362.6378049,-374.4733583,-386.3089118,-398.1444653,-409.9800188,-421.8155722,-433.6511257,-445.4866792,-457.3222326,-469.1577861,-480.9933396,-492.8288931,-504.6644465,-516.5,-528.3355535,-540.1711069,-552.0066604,-563.8422139,-575.6777674,-587.5133208,-599.3488743,-611.1844278
10620,203.0203565,33.81050657,6.454033771,-13.08630394,-24.81050657,-28.71857411,-52.16697936,-67.79924953,-83.4315197,-99.06378987,-114.69606,-130.3283302,-145.9606004,-161.5928705,-173.4397749,-185.2866792,-197.1335835,-208.9804878,-220.8273921,-232.6742964,-244.5212008,-256.3681051,-268.2150094,-280.0619137,-291.908818,-303.7557223,-315.6026266,-327.449531,-339.2964353,-351.1433396,-362.9902439,-374.8371482,-386.6840525,-398.5309568,-410.3778612,-422.2247655,-434.0716698,-445.9185741,-457.7654784,-469.6123827,-481.4592871,-493.3061914,-505.1530957,-517,-528.8469043,-540.6938086,-552.5407129,-564.3876173,-576.2345216,-588.0814259,-599.9283302,-611.7752345
10630,203.2123827,33.83864916,6.455909944,-13.10318949,-24.83864916,-28.75046904,-52.22138837,-67.86866792,-83.51594747,-99.16322702,-114.8105066,-130.4577861,-146.1050657,-161.7523452,-173.6106004,-185.4688555,-197.3271107,-209.1853659,-221.043621,-232.9018762,-244.7601313,-256.6183865,-268.4766417,-280.3348968,-292.193152,-304.0514071,-315.9096623,-327.7679174,-339.6261726,-351.4844278,-363.3426829,-375.2009381,-387.0591932,-398.9174484,-410.7757036,-422.6339587,-434.4922139,-446.350469,-458.2087242,-470.0669794,-481.9252345,-493.7834897,-505.6417448,-517.5,-529.3582552,-541.2165103,-553.0747655,-564.9330206,-576.7912758,-588.649531,-600.5077861,-612.3660413
10640,203.404409,33.86679174,6.457786116,-13.12007505,-24.86679174,-28.78236398,-52.27579737,-67.9380863,-83.60037523,-99.26266417,-114.9249531,-130.587242,-146.249531,-161.9118199,-173.7814259,-185.6510319,-197.5206379,-209.3902439,-221.2598499,-233.1294559,-244.9990619,-256.8686679,-268.7382739,-280.6078799,-292.4774859,-304.3470919,-316.2166979,-328.0863039,-339.9559099,-351.8255159,-363.695122,-375.564728,-387.434334,-399.30394,-411.173546,-423.043152,-434.912758,-446.782364,-458.65197,-470.521576,-482.391182,-494.260788,-506.130394,-518,-529.869606,-541.739212,-553.608818,-565.478424,-577.34803,-589.217636,-601.087242,-612.956848
10650,203.5964353,33.89493433,6.459662289,-13.1369606,-24.89493433,-28.81425891,-52.33020638,-68.00750469,-83.684803,-99.36210131,-115.0393996,-130.7166979,-146.3939962,-162.0712946,-173.9522514,-185.8332083,-197.7141651,-209.595122,-221.4760788,-233.3570356,-245.2379925,-257.1189493,-268.9999062,-280.880863,-292.7618199,-304.6427767,-316.5237336,-328.4046904,-340.2856473,-352.1666041,-364.047561,-375.9285178,-387.8094747,-399.6904315,-411.5713884,-423.4523452,-435.3333021,-447.2142589,-459.0952158,-470.9761726,-482.8571295,-494.7380863,-506.6190432,-518.5,-530.3809568,-542.2619137,-554.1428705,-566.0238274,-577.9047842,-589.7857411,-601.6666979,-613.5476548
10660,203.7884615,33.92307692,6.461538462,-13.15384615,-24.92307692,-28.84615385,-52.38461538,-68.07692308,-83.76923077,-99.46153846,-115.1538462,-130.8461538,-146.5384615,-162.2307692,-174.1230769,-186.0153846,-197.9076923,-209.8,-221.6923077,-233.5846154,-245.4769231,-257.3692308,-269.2615385,-281.1538462,-293.0461538,-304.9384615,-316.8307692,-328.7230769,-340.6153846,-352.5076923,-364.4,-376.2923077,-388.1846154,-400.0769231,-411.9692308,-423.8615385,-435.7538462,-447.6461538,-459.5384615,-471.4307692,-483.3230769,-495.2153846,-507.1076923,-519,-530.8923077,-542.7846154,-554.6769231,-566.5692308,-578.4615385,-590.3538462,-602.2461538,-614.1384615
10670,203.9804878,33.95121951,6.463414634,-13.17073171,-24.95121951,-28.87804878,-52.43902439,-68.14634146,-83.85365854,-99.56097561,-115.2682927,-130.9756098,-146.6829268,-162.3902439,-174.2939024,-186.197561,-198.1012195,-210.004878,-221.9085366,-233.8121951,-245.7158537,-257.6195122,-269.5231707,-281.4268293,-293.3304878,-305.2341463,-317.1378049,-329.0414634,-340.945122,-352.8487805,-364.752439,-376.6560976,-388.5597561,-400.4634146,-412.3670732,-424.2707317,-436.1743902,-448.0780488,-459.9817073,-471.8853659,-483.7890244,-495.6926829,-507.5963415,-519.5,-531.4036585,-543.3073171,-555.2109756,-567.1146341,-579.0182927,-590.9219512,-602.8256098,-614.7292683
10680,204.1725141,33.9793621,6.465290807,-13.18761726,-24.9793621,-28.90994371,-52.4934334,-68.21575985,-83.9380863,-99.66041276,-115.3827392,-131.1050657,-146.8273921,-162.5497186,-174.464728,-186.3797373,-198.2947467,-210.2097561,-222.1247655,-234.0397749,-245.9547842,-257.8697936,-269.784803,-281.6998124,-293.6148218,-305.5298311,-317.4448405,-329.3598499,-341.2748593,-353.1898687,-365.104878,-377.0198874,-388.9348968,-400.8499062,-412.7649156,-424.679925,-436.5949343,-448.5099437,-460.4249531,-472.3399625,-484.2549719,-496.1699812,-508.0849906,-520,-531.9150094,-543.8300188,-555.7450281,-567.6600375,-579.5750469,-591.4900563,-603.4050657,-615.320075
10690,204.3645403,34.00750469,6.467166979,-13.20450281,-25.00750469,-28.94183865,-52.5478424,-68.28517824,-84.02251407,-99.75984991,-115.4971857,-131.2345216,-146.9718574,-162.7091932,-174.6355535,-186.5619137,-198.4882739,-210.4146341,-222.3409944,-234.2673546,-246.1937148,-258.120075,-270.0464353,-281.9727955,-293.8991557,-305.8255159,-317.7518762,-329.6782364,-341.6045966,-353.5309568,-365.4573171,-377.3836773,-389.3100375,-401.2363977,-413.162758,-425.0891182,-437.0154784,-448.9418386,-460.8681989,-472.7945591,-484.7209193,-496.6472795,-508.5736398,-520.5,-532.4263602,-544.3527205,-556.2790807,-568.2054409,-580.1318011,-592.0581614,-603.9845216,-615.9108818
10700,204.5565666,34.03564728,6.469043152,-13.22138837,-25.03564728,-28.97373358,-52.60225141,-68.35459662,-84.10694184,-99.85928705,-115.6116323,-131.3639775,-147.1163227,-162.8686679,-174.806379,-186.7440901,-198.6818011,-210.6195122,-222.5572233,-234.4949343,-246.4326454,-258.3703565,-270.3080675,-282.2457786,-294.1834897,-306.1212008,-318.0589118,-329.9966229,-341.934334,-353.872045,-365.8097561,-377.7474672,-389.6851782,-401.6228893,-413.5606004,-425.4983114,-437.4360225,-449.3737336,-461.3114447,-473.2491557,-485.1868668,-497.1245779,-509.0622889,-521,-532.9377111,-544.8754221,-556.8131332,-568.7508443,-580.6885553,-592.6262664,-604.5639775,-616.5016886
10710,204.7485929,34.06378987,6.470919325,-13.23827392,-25.06378987,-29.00562852,-52.65666041,-68.42401501,-84.19136961,-99.9587242,-115.7260788,-131.4934334,-147.260788,-163.0281426,-174.9772045,-186.9262664,-198.8753283,-210.8243902,-222.7734522,-234.7225141,-246.671576,-258.6206379,-270.5696998,-282.5187617,-294.4678236,-306.4168856,-318.3659475,-330.3150094,-342.2640713,-354.2131332,-366.1621951,-378.111257,-390.0603189,-402.0093809,-413.9584428,-425.9075047,-437.8565666,-449.8056285,-461.7546904,-473.7037523,-485.6528143,-497.6018762,-509.5509381,-521.5,-533.4490619,-545.3981238,-557.3471857,-569.2962477,-581.2453096,-593.1943715,-605.1434334,-617.0924953
10720,204.9406191,34.09193246,6.472795497,-13.25515947,-25.09193246,-29.03752345,-52.71106942,-68.4934334,-84.27579737,-100.0581614,-115.8405253,-131.6228893,-147.4052533,-163.1876173,-175.14803,-187.1084428,-199.0688555,-211.0292683,-222.9896811,-234.9500938,-246.9105066,-258.8709193,-270.8313321,-282.7917448,-294.7521576,-306.7125704,-318.6729831,-330.6333959,-342.5938086,-354.5542214,-366.5146341,-378.4750469,-390.4354597,-402.3958724,-414.3562852,-426.3166979,-438.2771107,-450.2375235,-462.1979362,-474.158349,-486.1187617,-498.0791745,-510.0395872,-522,-533.9604128,-545.9208255,-557.8812383,-569.841651,-581.8020638,-593.7624765,-605.7228893,-617.6833021
10730,205.1326454,34.12007505,6.47467167,-13.27204503,-25.12007505,-29.06941839,-52.76547842,-68.56285178,-84.36022514,-100.1575985,-115.9549719,-131.7523452,-147.5497186,-163.3470919,-175.3188555,-187.2906191,-199.2623827,-211.2341463,-223.2059099,-235.1776735,-247.1494371,-259.1212008,-271.0929644,-283.064728,-295.0364916,-307.0082552,-318.9800188,-330.9517824,-342.923546,-354.8953096,-366.8670732,-378.8388368,-390.8106004,-402.782364,-414.7541276,-426.7258912,-438.6976548,-450.6694184,-462.641182,-474.6129456,-486.5847092,-498.5564728,-510.5282364,-522.5,-534.4717636,-546.4435272,-558.4152908,-570.3870544,-582.358818,-594.3305816,-606.3023452,-618.2741088
10740,205.3246717,34.14821764,6.476547842,-13.28893058,-25.14821764,-29.10131332,-52.81988743,-68.63227017,-84.44465291,-100.2570356,-116.0694184,-131.8818011,-147.6941839,-163.5065666,-175.4896811,-187.4727955,-199.4559099,-211.4390244,-223.4221388,-235.4052533,-247.3883677,-259.3714822,-271.3545966,-283.3377111,-295.3208255,-307.30394,-319.2870544,-331.2701689,-343.2532833,-355.2363977,-367.2195122,-379.2026266,-391.1857411,-403.1688555,-415.15197,-427.1350844,-439.1181989,-451.1013133,-463.0844278,-475.0675422,-487.0506567,-499.0337711,-511.0168856,-523,-534.9831144,-546.9662289,-558.9493433,-570.9324578,-582.9155722,-594.8986867,-606.8818011,-618.8649156
10750,205.5166979,34.17636023,6.478424015,-13.30581614,-25.17636023,-29.13320826,-52.87429644,-68.70168856,-84.52908068,-100.3564728,-116.1838649,-132.011257,-147.8386492,-163.6660413,-175.6605066,-187.6549719,-199.6494371,-211.6439024,-223.6383677,-235.632833,-247.6272983,-259.6217636,-271.6162289,-283.6106942,-295.6051595,-307.5996248,-319.5940901,-331.5885553,-343.5830206,-355.5774859,-367.5719512,-379.5664165,-391.5608818,-403.5553471,-415.5498124,-427.5442777,-439.538743,-451.5332083,-463.5276735,-475.5221388,-487.5166041,-499.5110694,-511.5055347,-523.5,-535.4944653,-547.4889306,-559.4833959,-571.4778612,-583.4723265,-595.4667917,-607.461257,-619.4557223
10760,205.7087242,34.20450281,6.480300188,-13.32270169,-25.20450281,-29.16510319,-52.92870544,-68.77110694,-84.61350844,-100.4559099,-116.2983114,-132.1407129,-147.9831144,-163.8255159,-175.8313321,-187.8371482,-199.8429644,-211.8487805,-223.8545966,-235.8604128,-247.8662289,-259.872045,-271.8778612,-283.8836773,-295.8894934,-307.8953096,-319.9011257,-331.9069418,-343.912758,-355.9185741,-367.9243902,-379.9302064,-391.9360225,-403.9418386,-415.9476548,-427.9534709,-439.9592871,-451.9651032,-463.9709193,-475.9767355,-487.9825516,-499.9883677,-511.9941839,-524,-536.0058161,-548.0116323,-560.0174484,-572.0232645,-584.0290807,-596.0348968,-608.0407129,-620.0465291
10770,205.9007505,34.2326454,6.48217636,-13.33958724,-25.2326454,-29.19699812,-52.98311445,-68.84052533,-84.69793621,-100.5553471,-116.412758,-132.2701689,-148.1275797,-163.9849906,-176.0021576,-188.0193246,-200.0364916,-212.0536585,-224.0708255,-236.0879925,-248.1051595,-260.1223265,-272.1394934,-284.1566604,-296.1738274,-308.1909944,-320.2081614,-332.2253283,-344.2424953,-356.2596623,-368.2768293,-380.2939962,-392.3111632,-404.3283302,-416.3454972,-428.3626642,-440.3798311,-452.3969981,-464.4141651,-476.4313321,-488.4484991,-500.465666,-512.482833,-524.5,-536.517167,-548.534334,-560.5515009,-572.5686679,-584.5858349,-596.6030019,-608.6201689,-620.6373358
10780,206.0927767,34.26078799,6.484052533,-13.3564728,-25.26078799,-29.22889306,-53.03752345,-68.90994371,-84.78236398,-100.6547842,-116.5272045,-132.3996248,-148.272045,-164.1444653,-176.1729831,-188.2015009,-200.2300188,-212.2585366,-224.2870544,-236.3155722,-248.3440901,-260.3726079,-272.4011257,-284.4296435,-296.4581614,-308.4866792,-320.515197,-332.5437148,-344.5722326,-356.6007505,-368.6292683,-380.6577861,-392.6863039,-404.7148218,-416.7433396,-428.7718574,-440.8003752,-452.8288931,-464.8574109,-476.8859287,-488.9144465,-500.9429644,-512.9714822,-525,-537.0285178,-549.0570356,-561.0855535,-573.1140713,-585.1425891,-597.1711069,-609.1996248,-621.2281426
10790,206.284803,34.28893058,6.485928705,-13.37335835,-25.28893058,-29.26078799,-53.09193246,-68.9793621,-84.86679174,-100.7542214,-116.641651,-132.5290807,-148.4165103,-164.30394,-176.3438086,-188.3836773,-200.423546,-212.4634146,-224.5032833,-236.543152,-248.5830206,-260.6228893,-272.662758,-284.7026266,-296.7424953,-308.782364,-320.8222326,-332.8621013,-344.90197,-356.9418386,-368.9817073,-381.021576,-393.0614447,-405.1013133,-417.141182,-429.1810507,-441.2209193,-453.260788,-465.3006567,-477.3405253,-489.380394,-501.4202627,-513.4601313,-525.5,-537.5398687,-549.5797373,-561.619606,-573.6594747,-585.6993433,-597.739212,-609.7790807,-621.8189493
10800,206.4768293,34.31707317,6.487804878,-13.3902439,-25.31707317,-29.29268293,-53.14634146,-69.04878049,-84.95121951,-100.8536585,-116.7560976,-132.6585366,-148.5609756,-164.4634146,-176.5146341,-188.5658537,-200.6170732,-212.6682927,-224.7195122,-236.7707317,-248.8219512,-260.8731707,-272.9243902,-284.9756098,-297.0268293,-309.0780488,-321.1292683,-333.1804878,-345.2317073,-357.2829268,-369.3341463,-381.3853659,-393.4365854,-405.4878049,-417.5390244,-429.5902439,-441.6414634,-453.6926829,-465.7439024,-477.795122,-489.8463415,-501.897561,-513.9487805,-526,-538.0512195,-550.102439,-562.1536585,-574.204878,-586.2560976,-598.3073171,-610.3585366,-622.4097561
10810,206.6688555,34.34521576,6.489681051,-13.40712946,-25.34521576,-29.32457786,-53.20075047,-69.11819887,-85.03564728,-100.9530957,-116.8705441,-132.7879925,-148.7054409,-164.6228893,-176.6854597,-188.74803,-200.8106004,-212.8731707,-224.9357411,-236.9983114,-249.0608818,-261.1234522,-273.1860225,-285.2485929,-297.3111632,-309.3737336,-321.4363039,-333.4988743,-345.5614447,-357.624015,-369.6865854,-381.7491557,-393.8117261,-405.8742964,-417.9368668,-429.9994371,-442.0620075,-454.1245779,-466.1871482,-478.2497186,-490.3122889,-502.3748593,-514.4374296,-526.5,-538.5625704,-550.6251407,-562.6877111,-574.7502814,-586.8128518,-598.8754221,-610.9379925,-623.0005629
10820,206.8608818,34.37335835,6.491557223,-13.42401501,-25.37335835,-29.3564728,-53.25515947,-69.18761726,-85.12007505,-101.0525328,-116.9849906,-132.9174484,-148.8499062,-164.782364,-176.8562852,-188.9302064,-201.0041276,-213.0780488,-225.15197,-237.2258912,-249.2998124,-261.3737336,-273.4476548,-285.521576,-297.5954972,-309.6694184,-321.7433396,-333.8172608,-345.891182,-357.9651032,-370.0390244,-382.1129456,-394.1868668,-406.260788,-418.3347092,-430.4086304,-442.4825516,-454.5564728,-466.630394,-478.7043152,-490.7782364,-502.8521576,-514.9260788,-527,-539.0739212,-551.1478424,-563.2217636,-575.2956848,-587.369606,-599.4435272,-611.5174484,-623.5913696
10830,207.0529081,34.40150094,6.493433396,-13.44090056,-25.40150094,-29.38836773,-53.30956848,-69.25703565,-85.20450281,-101.15197,-117.0994371,-133.0469043,-148.9943715,-164.9418386,-177.0271107,-189.1123827,-201.1976548,-213.2829268,-225.3681989,-237.4534709,-249.538743,-261.624015,-273.7092871,-285.7945591,-297.8798311,-309.9651032,-322.0503752,-334.1356473,-346.2209193,-358.3061914,-370.3914634,-382.4767355,-394.5620075,-406.6472795,-418.7325516,-430.8178236,-442.9030957,-454.9883677,-467.0736398,-479.1589118,-491.2441839,-503.3294559,-515.414728,-527.5,-539.585272,-551.6705441,-563.7558161,-575.8410882,-587.9263602,-600.0116323,-612.0969043,-624.1821764
10840,207.2449343,34.42964353,6.495309568,-13.45778612,-25.42964353,-29.42026266,-53.36397749,-69.32645403,-85.28893058,-101.2514071,-117.2138837,-133.1763602,-149.1388368,-165.1013133,-177.1979362,-189.2945591,-201.391182,-213.4878049,-225.5844278,-237.6810507,-249.7776735,-261.8742964,-273.9709193,-286.0675422,-298.1641651,-310.260788,-322.3574109,-334.4540338,-346.5506567,-358.6472795,-370.7439024,-382.8405253,-394.9371482,-407.0337711,-419.130394,-431.2270169,-443.3236398,-455.4202627,-467.5168856,-479.6135084,-491.7101313,-503.8067542,-515.9033771,-528,-540.0966229,-552.1932458,-564.2898687,-576.3864916,-588.4831144,-600.5797373,-612.6763602,-624.7729831
10850,207.4369606,34.45778612,6.497185741,-13.47467167,-25.45778612,-29.4521576,-53.41838649,-69.39587242,-85.37335835,-101.3508443,-117.3283302,-133.3058161,-149.2833021,-165.260788,-177.3687617,-189.4767355,-201.5847092,-213.6926829,-225.8006567,-237.9086304,-250.0166041,-262.1245779,-274.2325516,-286.3405253,-298.4484991,-310.5564728,-322.6644465,-334.7724203,-346.880394,-358.9883677,-371.0963415,-383.2043152,-395.3122889,-407.4202627,-419.5282364,-431.6362101,-443.7441839,-455.8521576,-467.9601313,-480.0681051,-492.1760788,-504.2840525,-516.3920263,-528.5,-540.6079737,-552.7159475,-564.8239212,-576.9318949,-589.0398687,-601.1478424,-613.2558161,-625.3637899
10860,207.6289869,34.48592871,6.499061914,-13.49155722,-25.48592871,-29.48405253,-53.4727955,-69.46529081,-85.45778612,-101.4502814,-117.4427767,-133.435272,-149.4277674,-165.4202627,-177.5395872,-189.6589118,-201.7782364,-213.897561,-226.0168856,-238.1362101,-250.2555347,-262.3748593,-274.4941839,-286.6135084,-298.732833,-310.8521576,-322.9714822,-335.0908068,-347.2101313,-359.3294559,-371.4487805,-383.5681051,-395.6874296,-407.8067542,-419.9260788,-432.0454034,-444.164728,-456.2840525,-468.4033771,-480.5227017,-492.6420263,-504.7613508,-516.8806754,-529,-541.1193246,-553.2386492,-565.3579737,-577.4772983,-589.5966229,-601.7159475,-613.835272,-625.9545966
10870,207.8210131,34.51407129,6.500938086,-13.50844278,-25.51407129,-29.51594747,-53.5272045,-69.53470919,-85.54221388,-101.5497186,-117.5572233,-133.564728,-149.5722326,-165.5797373,-177.7104128,-189.8410882,-201.9717636,-214.102439,-226.2331144,-238.3637899,-250.4944653,-262.6251407,-274.7558161,-286.8864916,-299.017167,-311.1478424,-323.2785178,-335.4091932,-347.5398687,-359.6705441,-371.8012195,-383.9318949,-396.0625704,-408.1932458,-420.3239212,-432.4545966,-444.585272,-456.7159475,-468.8466229,-480.9772983,-493.1079737,-505.2386492,-517.3693246,-529.5,-541.6306754,-553.7613508,-565.8920263,-578.0227017,-590.1533771,-602.2840525,-614.414728,-626.5454034
10880,208.0130394,34.54221388,6.502814259,-13.52532833,-25.54221388,-29.5478424,-53.58161351,-69.60412758,-85.62664165,-101.6491557,-117.6716698,-133.6941839,-149.7166979,-165.739212,-177.8812383,-190.0232645,-202.1652908,-214.3073171,-226.4493433,-238.5913696,-250.7333959,-262.8754221,-275.0174484,-287.1594747,-299.3015009,-311.4435272,-323.5855535,-335.7275797,-347.869606,-360.0116323,-372.1536585,-384.2956848,-396.4377111,-408.5797373,-420.7217636,-432.8637899,-445.0058161,-457.1478424,-469.2898687,-481.4318949,-493.5739212,-505.7159475,-517.8579737,-530,-542.1420263,-554.2840525,-566.4260788,-578.5681051,-590.7101313,-602.8521576,-614.9941839,-627.1362101
10890,208.2050657,34.57035647,6.504690432,-13.54221388,-25.57035647,-29.57973734,-53.63602251,-69.67354597,-85.71106942,-101.7485929,-117.7861163,-133.8236398,-149.8611632,-165.8986867,-178.0520638,-190.2054409,-202.358818,-214.5121951,-226.6655722,-238.8189493,-250.9723265,-263.1257036,-275.2790807,-287.4324578,-299.5858349,-311.739212,-323.8925891,-336.0459662,-348.1993433,-360.3527205,-372.5060976,-384.6594747,-396.8128518,-408.9662289,-421.119606,-433.2729831,-445.4263602,-457.5797373,-469.7331144,-481.8864916,-494.0398687,-506.1932458,-518.3466229,-530.5,-542.6533771,-554.8067542,-566.9601313,-579.1135084,-591.2668856,-603.4202627,-615.5736398,-627.7270169
10900,208.3970919,34.59849906,6.506566604,-13.55909944,-25.59849906,-29.61163227,-53.69043152,-69.74296435,-85.79549719,-101.84803,-117.9005629,-133.9530957,-150.0056285,-166.0581614,-178.2228893,-190.3876173,-202.5523452,-214.7170732,-226.8818011,-239.0465291,-251.211257,-263.375985,-275.5407129,-287.7054409,-299.8701689,-312.0348968,-324.1996248,-336.3643527,-348.5290807,-360.6938086,-372.8585366,-385.0232645,-397.1879925,-409.3527205,-421.5174484,-433.6821764,-445.8469043,-458.0116323,-470.1763602,-482.3410882,-494.5058161,-506.6705441,-518.835272,-531,-543.164728,-555.3294559,-567.4941839,-579.6589118,-591.8236398,-603.9883677,-616.1530957,-628.3178236
10910,208.5891182,34.62664165,6.508442777,-13.57598499,-25.62664165,-29.6435272,-53.74484053,-69.81238274,-85.87992495,-101.9474672,-118.0150094,-134.0825516,-150.1500938,-166.217636,-178.3937148,-190.5697936,-202.7458724,-214.9219512,-227.09803,-239.2741088,-251.4501876,-263.6262664,-275.8023452,-287.978424,-300.1545028,-312.3305816,-324.5066604,-336.6827392,-348.858818,-361.0348968,-373.2109756,-385.3870544,-397.5631332,-409.739212,-421.9152908,-434.0913696,-446.2674484,-458.4435272,-470.619606,-482.7956848,-494.9717636,-507.1478424,-519.3239212,-531.5,-543.6760788,-555.8521576,-568.0282364,-580.2043152,-592.380394,-604.5564728,-616.7325516,-628.9086304
10920,208.7811445,34.65478424,6.510318949,-13.59287054,-25.65478424,-29.67542214,-53.79924953,-69.88180113,-85.96435272,-102.0469043,-118.1294559,-134.2120075,-150.2945591,-166.3771107,-178.5645403,-190.75197,-202.9393996,-215.1268293,-227.3142589,-239.5016886,-251.6891182,-263.8765478,-276.0639775,-288.2514071,-300.4388368,-312.6262664,-324.8136961,-337.0011257,-349.1885553,-361.375985,-373.5634146,-385.7508443,-397.9382739,-410.1257036,-422.3131332,-434.5005629,-446.6879925,-458.8754221,-471.0628518,-483.2502814,-495.4377111,-507.6251407,-519.8125704,-532,-544.1874296,-556.3748593,-568.5622889,-580.7497186,-592.9371482,-605.1245779,-617.3120075,-629.4994371
10930,208.9731707,34.68292683,6.512195122,-13.6097561,-25.68292683,-29.70731707,-53.85365854,-69.95121951,-86.04878049,-102.1463415,-118.2439024,-134.3414634,-150.4390244,-166.5365854,-178.7353659,-190.9341463,-203.1329268,-215.3317073,-227.5304878,-239.7292683,-251.9280488,-264.1268293,-276.3256098,-288.5243902,-300.7231707,-312.9219512,-325.1207317,-337.3195122,-349.5182927,-361.7170732,-373.9158537,-386.1146341,-398.3134146,-410.5121951,-422.7109756,-434.9097561,-447.1085366,-459.3073171,-471.5060976,-483.704878,-495.9036585,-508.102439,-520.3012195,-532.5,-544.6987805,-556.897561,-569.0963415,-581.295122,-593.4939024,-605.6926829,-617.8914634,-630.0902439
10940,209.165197,34.71106942,6.514071295,-13.62664165,-25.71106942,-29.73921201,-53.90806754,-70.0206379,-86.13320826,-102.2457786,-118.358349,-134.4709193,-150.5834897,-166.69606,-178.9061914,-191.1163227,-203.326454,-215.5365854,-227.7467167,-239.956848,-252.1669794,-264.3771107,-276.587242,-288.7973734,-301.0075047,-313.217636,-325.4277674,-337.6378987,-349.84803,-362.0581614,-374.2682927,-386.478424,-398.6885553,-410.8986867,-423.108818,-435.3189493,-447.5290807,-459.739212,-471.9493433,-484.1594747,-496.369606,-508.5797373,-520.7898687,-533,-545.2101313,-557.4202627,-569.630394,-581.8405253,-594.0506567,-606.260788,-618.4709193,-630.6810507
10950,209.3572233,34.73921201,6.515947467,-13.6435272,-25.73921201,-29.77110694,-53.96247655,-70.09005629,-86.21763602,-102.3452158,-118.4727955,-134.6003752,-150.727955,-166.8555347,-179.0770169,-191.2984991,-203.5199812,-215.7414634,-227.9629456,-240.1844278,-252.4059099,-264.6273921,-276.8488743,-289.0703565,-301.2918386,-313.5133208,-325.734803,-337.9562852,-350.1777674,-362.3992495,-374.6207317,-386.8422139,-399.0636961,-411.2851782,-423.5066604,-435.7281426,-447.9496248,-460.1711069,-472.3925891,-484.6140713,-496.8355535,-509.0570356,-521.2785178,-533.5,-545.7214822,-557.9429644,-570.1644465,-582.3859287,-594.6074109,-606.8288931,-619.0503752,-631.2718574
10960,209.5492495,34.7673546,6.51782364,-13.66041276,-25.7673546,-29.80300188,-54.01688555,-70.15947467,-86.30206379,-102.4446529,-118.587242,-134.7298311,-150.8724203,-167.0150094,-179.2478424,-191.4806754,-203.7135084,-215.9463415,-228.1791745,-240.4120075,-252.6448405,-264.8776735,-277.1105066,-289.3433396,-301.5761726,-313.8090056,-326.0418386,-338.2746717,-350.5075047,-362.7403377,-374.9731707,-387.2060038,-399.4388368,-411.6716698,-423.9045028,-436.1373358,-448.3701689,-460.6030019,-472.8358349,-485.0686679,-497.3015009,-509.534334,-521.767167,-534,-546.232833,-558.465666,-570.6984991,-582.9313321,-595.1641651,-607.3969981,-619.6298311,-631.8626642
10970,209.7412758,34.79549719,6.519699812,-13.67729831,-25.79549719,-29.83489681,-54.07129456,-70.22889306,-86.38649156,-102.5440901,-118.7016886,-134.8592871,-151.0168856,-167.1744841,-179.4186679,-191.6628518,-203.9070356,-216.1512195,-228.3954034,-240.6395872,-252.8837711,-265.127955,-277.3721388,-289.6163227,-301.8605066,-314.1046904,-326.3488743,-338.5930582,-350.837242,-363.0814259,-375.3256098,-387.5697936,-399.8139775,-412.0581614,-424.3023452,-436.5465291,-448.7907129,-461.0348968,-473.2790807,-485.5232645,-497.7674484,-510.0116323,-522.2558161,-534.5,-546.7441839,-558.9883677,-571.2325516,-583.4767355,-595.7209193,-607.9651032,-620.2092871,-632.4534709
10980,209.9333021,34.82363977,6.521575985,-13.69418386,-25.82363977,-29.86679174,-54.12570356,-70.29831144,-86.47091932,-102.6435272,-118.8161351,-134.988743,-151.1613508,-167.3339587,-179.5894934,-191.8450281,-204.1005629,-216.3560976,-228.6116323,-240.867167,-253.1227017,-265.3782364,-277.6337711,-289.8893058,-302.1448405,-314.4003752,-326.6559099,-338.9114447,-351.1669794,-363.4225141,-375.6780488,-387.9335835,-400.1891182,-412.4446529,-424.7001876,-436.9557223,-449.211257,-461.4667917,-473.7223265,-485.9778612,-498.2333959,-510.4889306,-522.7444653,-535,-547.2555347,-559.5110694,-571.7666041,-584.0221388,-596.2776735,-608.5332083,-620.788743,-633.0442777
10990,210.1253283,34.85178236,6.523452158,-13.71106942,-25.85178236,-29.89868668,-54.18011257,-70.36772983,-86.55534709,-102.7429644,-118.9305816,-135.1181989,-151.3058161,-167.4934334,-179.7603189,-192.0272045,-204.2940901,-216.5609756,-228.8278612,-241.0947467,-253.3616323,-265.6285178,-277.8954034,-290.1622889,-302.4291745,-314.69606,-326.9629456,-339.2298311,-351.4967167,-363.7636023,-376.0304878,-388.2973734,-400.5642589,-412.8311445,-425.09803,-437.3649156,-449.6318011,-461.8986867,-474.1655722,-486.4324578,-498.6993433,-510.9662289,-523.2331144,-535.5,-547.7668856,-560.0337711,-572.3006567,-584.5675422,-596.8344278,-609.1013133,-621.3681989,-633.6350844
11000,210.3173546,34.87992495,6.52532833,-13.72795497,-25.87992495,-29.93058161,-54.23452158,-70.43714822,-86.63977486,-102.8424015,-119.0450281,-135.2476548,-151.4502814,-167.6529081,-179.9311445,-192.2093809,-204.4876173,-216.7658537,-229.0440901,-241.3223265,-253.6005629,-265.8787992,-278.1570356,-290.435272,-302.7135084,-314.9917448,-327.2699812,-339.5482176,-351.826454,-364.1046904,-376.3829268,-388.6611632,-400.9393996,-413.217636,-425.4958724,-437.7741088,-450.0523452,-462.3305816,-474.608818,-486.8870544,-499.1652908,-511.4435272,-523.7217636,-536,-548.2782364,-560.5564728,-572.8347092,-585.1129456,-597.391182,-609.6694184,-621.9476548,-634.2258912
11010,210.5093809,34.90806754,6.527204503,-13.74484053,-25.90806754,-29.96247655,-54.28893058,-70.5065666,-86.72420263,-102.9418386,-119.1594747,-135.3771107,-151.5947467,-167.8123827,-180.10197,-192.3915572,-204.6811445,-216.9707317,-229.2603189,-241.5499062,-253.8394934,-266.1290807,-278.4186679,-290.7082552,-302.9978424,-315.2874296,-327.5770169,-339.8666041,-352.1561914,-364.4457786,-376.7353659,-389.0249531,-401.3145403,-413.6041276,-425.8937148,-438.1833021,-450.4728893,-462.7624765,-475.0520638,-487.341651,-499.6312383,-511.9208255,-524.2104128,-536.5,-548.7895872,-561.0791745,-573.3687617,-585.658349,-597.9479362,-610.2375235,-622.5271107,-634.8166979
11020,210.7014071,34.93621013,6.529080675,-13.76172608,-25.93621013,-29.99437148,-54.34333959,-70.57598499,-86.80863039,-103.0412758,-119.2739212,-135.5065666,-151.739212,-167.9718574,-180.2727955,-192.5737336,-204.8746717,-217.1756098,-229.4765478,-241.7774859,-254.078424,-266.3793621,-278.6803002,-290.9812383,-303.2821764,-315.5831144,-327.8840525,-340.1849906,-352.4859287,-364.7868668,-377.0878049,-389.388743,-401.6896811,-413.9906191,-426.2915572,-438.5924953,-450.8934334,-463.1943715,-475.4953096,-487.7962477,-500.0971857,-512.3981238,-524.6990619,-537,-549.3009381,-561.6018762,-573.9028143,-586.2037523,-598.5046904,-610.8056285,-623.1065666,-635.4075047
11030,210.8934334,34.96435272,6.530956848,-13.77861163,-25.96435272,-30.02626642,-54.39774859,-70.64540338,-86.89305816,-103.1407129,-119.3883677,-135.6360225,-151.8836773,-168.1313321,-180.443621,-192.7559099,-205.0681989,-217.3804878,-229.6927767,-242.0050657,-254.3173546,-266.6296435,-278.9419325,-291.2542214,-303.5665103,-315.8787992,-328.1910882,-340.5033771,-352.815666,-365.127955,-377.4402439,-389.7525328,-402.0648218,-414.3771107,-426.6893996,-439.0016886,-451.3139775,-463.6262664,-475.9385553,-488.2508443,-500.5631332,-512.8754221,-525.1877111,-537.5,-549.8122889,-562.1245779,-574.4368668,-586.7491557,-599.0614447,-611.3737336,-623.6860225,-635.9983114
11040,211.0854597,34.99249531,6.532833021,-13.79549719,-25.99249531,-30.05816135,-54.4521576,-70.71482176,-86.97748593,-103.2401501,-119.5028143,-135.7654784,-152.0281426,-168.2908068,-180.6144465,-192.9380863,-205.2617261,-217.5853659,-229.9090056,-242.2326454,-254.5562852,-266.879925,-279.2035647,-291.5272045,-303.8508443,-316.1744841,-328.4981238,-340.8217636,-353.1454034,-365.4690432,-377.7926829,-390.1163227,-402.4399625,-414.7636023,-427.087242,-439.4108818,-451.7345216,-464.0581614,-476.3818011,-488.7054409,-501.0290807,-513.3527205,-525.6763602,-538,-550.3236398,-562.6472795,-574.9709193,-587.2945591,-599.6181989,-611.9418386,-624.2654784,-636.5891182
11050,211.2774859,35.0206379,6.534709193,-13.81238274,-26.0206379,-30.09005629,-54.5065666,-70.78424015,-87.0619137,-103.3395872,-119.6172608,-135.8949343,-152.1726079,-168.4502814,-180.785272,-193.1202627,-205.4552533,-217.7902439,-230.1252345,-242.4602251,-254.7952158,-267.1302064,-279.465197,-291.8001876,-304.1351782,-316.4701689,-328.8051595,-341.1401501,-353.4751407,-365.8101313,-378.145122,-390.4801126,-402.8151032,-415.1500938,-427.4850844,-439.820075,-452.1550657,-464.4900563,-476.8250469,-489.1600375,-501.4950281,-513.8300188,-526.1650094,-538.5,-550.8349906,-563.1699812,-575.5049719,-587.8399625,-600.1749531,-612.5099437,-624.8449343,-637.179925
11060,211.4695122,35.04878049,6.536585366,-13.82926829,-26.04878049,-30.12195122,-54.56097561,-70.85365854,-87.14634146,-103.4390244,-119.7317073,-136.0243902,-152.3170732,-168.6097561,-180.9560976,-193.302439,-205.6487805,-217.995122,-230.3414634,-242.6878049,-255.0341463,-267.3804878,-279.7268293,-292.0731707,-304.4195122,-316.7658537,-329.1121951,-341.4585366,-353.804878,-366.1512195,-378.497561,-390.8439024,-403.1902439,-415.5365854,-427.8829268,-440.2292683,-452.5756098,-464.9219512,-477.2682927,-489.6146341,-501.9609756,-514.3073171,-526.6536585,-539,-551.3463415,-563.6926829,-576.0390244,-588.3853659,-600.7317073,-613.0780488,-625.4243902,-637.7707317
11070,211.6615385,35.07692308,6.538461538,-13.84615385,-26.07692308,-30.15384615,-54.61538462,-70.92307692,-87.23076923,-103.5384615,-119.8461538,-136.1538462,-152.4615385,-168.7692308,-181.1269231,-193.4846154,-205.8423077,-218.2,-230.5576923,-242.9153846,-255.2730769,-267.6307692,-279.9884615,-292.3461538,-304.7038462,-317.0615385,-329.4192308,-341.7769231,-354.1346154,-366.4923077,-378.85,-391.2076923,-403.5653846,-415.9230769,-428.2807692,-440.6384615,-452.9961538,-465.3538462,-477.7115385,-490.0692308,-502.4269231,-514.7846154,-527.1423077,-539.5,-551.8576923,-564.2153846,-576.5730769,-588.9307692,-601.2884615,-613.6461538,-626.0038462,-638.3615385
11080,211.8535647,35.10506567,6.540337711,-13.8630394,-26.10506567,-30.18574109,-54.66979362,-70.99249531,-87.315197,-103.6378987,-119.9606004,-136.2833021,-152.6060038,-168.9287054,-181.2977486,-193.6667917,-206.0358349,-218.404878,-230.7739212,-243.1429644,-255.5120075,-267.8810507,-280.2500938,-292.619137,-304.9881801,-317.3572233,-329.7262664,-342.0953096,-354.4643527,-366.8333959,-379.202439,-391.5714822,-403.9405253,-416.3095685,-428.6786116,-441.0476548,-453.4166979,-465.7857411,-478.1547842,-490.5238274,-502.8928705,-515.2619137,-527.6309568,-540,-552.3690432,-564.7380863,-577.1071295,-589.4761726,-601.8452158,-614.2142589,-626.5833021,-638.9523452
11090,212.045591,35.13320826,6.542213884,-13.87992495,-26.13320826,-30.21763602,-54.72420263,-71.0619137,-87.39962477,-103.7373358,-120.0750469,-136.412758,-152.750469,-169.0881801,-181.4685741,-193.8489681,-206.2293621,-218.6097561,-230.9901501,-243.3705441,-255.7509381,-268.1313321,-280.5117261,-292.8921201,-305.2725141,-317.6529081,-330.0333021,-342.4136961,-354.7940901,-367.1744841,-379.554878,-391.935272,-404.315666,-416.69606,-429.076454,-441.456848,-453.837242,-466.217636,-478.59803,-490.978424,-503.358818,-515.739212,-528.119606,-540.5,-552.880394,-565.260788,-577.641182,-590.021576,-602.40197,-614.782364,-627.162758,-639.543152
11100,212.2376173,35.16135084,6.544090056,-13.89681051,-26.16135084,-30.24953096,-54.77861163,-71.13133208,-87.48405253,-103.836773,-120.1894934,-136.5422139,-152.8949343,-169.2476548,-181.6393996,-194.0311445,-206.4228893,-218.8146341,-231.206379,-243.5981238,-255.9898687,-268.3816135,-280.7733583,-293.1651032,-305.556848,-317.9485929,-330.3403377,-342.7320826,-355.1238274,-367.5155722,-379.9073171,-392.2990619,-404.6908068,-417.0825516,-429.4742964,-441.8660413,-454.2577861,-466.649531,-479.0412758,-491.4330206,-503.8247655,-516.2165103,-528.6082552,-541,-553.3917448,-565.7834897,-578.1752345,-590.5669794,-602.9587242,-615.350469,-627.7422139,-640.1339587
11110,212.4296435,35.18949343,6.545966229,-13.91369606,-26.18949343,-30.28142589,-54.83302064,-71.20075047,-87.5684803,-103.9362101,-120.30394,-136.6716698,-153.0393996,-169.4071295,-181.8102251,-194.2133208,-206.6164165,-219.0195122,-231.4226079,-243.8257036,-256.2287992,-268.6318949,-281.0349906,-293.4380863,-305.841182,-318.2442777,-330.6473734,-343.050469,-355.4535647,-367.8566604,-380.2597561,-392.6628518,-405.0659475,-417.4690432,-429.8721388,-442.2752345,-454.6783302,-467.0814259,-479.4845216,-491.8876173,-504.2907129,-516.6938086,-529.0969043,-541.5,-553.9030957,-566.3061914,-578.7092871,-591.1123827,-603.5154784,-615.9185741,-628.3216698,-640.7247655
11120,212.6216698,35.21763602,6.547842402,-13.93058161,-26.21763602,-30.31332083,-54.88742964,-71.27016886,-87.65290807,-104.0356473,-120.4183865,-136.8011257,-153.1838649,-169.5666041,-181.9810507,-194.3954972,-206.8099437,-219.2243902,-231.6388368,-244.0532833,-256.4677298,-268.8821764,-281.2966229,-293.7110694,-306.1255159,-318.5399625,-330.954409,-343.3688555,-355.7833021,-368.1977486,-380.6121951,-393.0266417,-405.4410882,-417.8555347,-430.2699812,-442.6844278,-455.0988743,-467.5133208,-479.9277674,-492.3422139,-504.7566604,-517.1711069,-529.5855535,-542,-554.4144465,-566.8288931,-579.2433396,-591.6577861,-604.0722326,-616.4866792,-628.9011257,-641.3155722
11130,212.8136961,35.24577861,6.549718574,-13.94746717,-26.24577861,-30.34521576,-54.94183865,-71.33958724,-87.73733583,-104.1350844,-120.532833,-136.9305816,-153.3283302,-169.7260788,-182.1518762,-194.5776735,-207.0034709,-219.4292683,-231.8550657,-244.280863,-256.7066604,-269.1324578,-281.5582552,-293.9840525,-306.4098499,-318.8356473,-331.2614447,-343.687242,-356.1130394,-368.5388368,-380.9646341,-393.3904315,-405.8162289,-418.2420263,-430.6678236,-443.093621,-455.5194184,-467.9452158,-480.3710131,-492.7968105,-505.2226079,-517.6484053,-530.0742026,-542.5,-554.9257974,-567.3515947,-579.7773921,-592.2031895,-604.6289869,-617.0547842,-629.4805816,-641.906379
11140,213.0057223,35.2739212,6.551594747,-13.96435272,-26.2739212,-30.37711069,-54.99624765,-71.40900563,-87.8217636,-104.2345216,-120.6472795,-137.0600375,-153.4727955,-169.8855535,-182.3227017,-194.7598499,-207.1969981,-219.6341463,-232.0712946,-244.5084428,-256.945591,-269.3827392,-281.8198874,-294.2570356,-306.6941839,-319.1313321,-331.5684803,-344.0056285,-356.4427767,-368.879925,-381.3170732,-393.7542214,-406.1913696,-418.6285178,-431.065666,-443.5028143,-455.9399625,-468.3771107,-480.8142589,-493.2514071,-505.6885553,-518.1257036,-530.5628518,-543,-555.4371482,-567.8742964,-580.3114447,-592.7485929,-605.1857411,-617.6228893,-630.0600375,-642.4971857
11150,213.1977486,35.30206379,6.553470919,-13.98123827,-26.30206379,-30.40900563,-55.05065666,-71.47842402,-87.90619137,-104.3339587,-120.7617261,-137.1894934,-153.6172608,-170.0450281,-182.4935272,-194.9420263,-207.3905253,-219.8390244,-232.2875235,-244.7360225,-257.1845216,-269.6330206,-282.0815197,-294.5300188,-306.9785178,-319.4270169,-331.8755159,-344.324015,-356.7725141,-369.2210131,-381.6695122,-394.1180113,-406.5665103,-419.0150094,-431.4635084,-443.9120075,-456.3605066,-468.8090056,-481.2575047,-493.7060038,-506.1545028,-518.6030019,-531.0515009,-543.5,-555.9484991,-568.3969981,-580.8454972,-593.2939962,-605.7424953,-618.1909944,-630.6394934,-643.0879925
11160,213.3897749,35.33020638,6.555347092,-13.99812383,-26.33020638,-30.44090056,-55.10506567,-71.5478424,-87.99061914,-104.4333959,-120.8761726,-137.3189493,-153.7617261,-170.2045028,-182.6643527,-195.1242026,-207.5840525,-220.0439024,-232.5037523,-244.9636023,-257.4234522,-269.8833021,-282.343152,-294.8030019,-307.2628518,-319.7227017,-332.1825516,-344.6424015,-357.1022514,-369.5621013,-382.0219512,-394.4818011,-406.941651,-419.4015009,-431.8613508,-444.3212008,-456.7810507,-469.2409006,-481.7007505,-494.1606004,-506.6204503,-519.0803002,-531.5401501,-544,-556.4598499,-568.9196998,-581.3795497,-593.8393996,-606.2992495,-618.7590994,-631.2189493,-643.6787992
11170,213.5818011,35.35834897,6.557223265,-14.01500938,-26.35834897,-30.4727955,-55.15947467,-71.61726079,-88.0750469,-104.532833,-120.9906191,-137.4484053,-153.9061914,-170.3639775,-182.8351782,-195.306379,-207.7775797,-220.2487805,-232.7199812,-245.191182,-257.6623827,-270.1335835,-282.6047842,-295.075985,-307.5471857,-320.0183865,-332.4895872,-344.960788,-357.4319887,-369.9031895,-382.3743902,-394.845591,-407.3167917,-419.7879925,-432.2591932,-444.730394,-457.2015947,-469.6727955,-482.1439962,-494.615197,-507.0863977,-519.5575985,-532.0287992,-544.5,-556.9712008,-569.4424015,-581.9136023,-594.384803,-606.8560038,-619.3272045,-631.7984053,-644.269606
11180,213.7738274,35.38649156,6.559099437,-14.03189493,-26.38649156,-30.50469043,-55.21388368,-71.68667917,-88.15947467,-104.6322702,-121.1050657,-137.5778612,-154.0506567,-170.5234522,-183.0060038,-195.4885553,-207.9711069,-220.4536585,-232.9362101,-245.4187617,-257.9013133,-270.3838649,-282.8664165,-295.3489681,-307.8315197,-320.3140713,-332.7966229,-345.2791745,-357.7617261,-370.2442777,-382.7268293,-395.2093809,-407.6919325,-420.1744841,-432.6570356,-445.1395872,-457.6221388,-470.1046904,-482.587242,-495.0697936,-507.5523452,-520.0348968,-532.5174484,-545,-557.4825516,-569.9651032,-582.4476548,-594.9302064,-607.412758,-619.8953096,-632.3778612,-644.8604128
11190,213.9658537,35.41463415,6.56097561,-14.04878049,-26.41463415,-30.53658537,-55.26829268,-71.75609756,-88.24390244,-104.7317073,-121.2195122,-137.7073171,-154.195122,-170.6829268,-183.1768293,-195.6707317,-208.1646341,-220.6585366,-233.152439,-245.6463415,-258.1402439,-270.6341463,-283.1280488,-295.6219512,-308.1158537,-320.6097561,-333.1036585,-345.597561,-358.0914634,-370.5853659,-383.0792683,-395.5731707,-408.0670732,-420.5609756,-433.054878,-445.5487805,-458.0426829,-470.5365854,-483.0304878,-495.5243902,-508.0182927,-520.5121951,-533.0060976,-545.5,-557.9939024,-570.4878049,-582.9817073,-595.4756098,-607.9695122,-620.4634146,-632.9573171,-645.4512195
11200,214.1578799,35.44277674,6.562851782,-14.06566604,-26.44277674,-30.5684803,-55.32270169,-71.82551595,-88.32833021,-104.8311445,-121.3339587,-137.836773,-154.3395872,-170.8424015,-183.3476548,-195.8529081,-208.3581614,-220.8634146,-233.3686679,-245.8739212,-258.3791745,-270.8844278,-283.3896811,-295.8949343,-308.4001876,-320.9054409,-333.4106942,-345.9159475,-358.4212008,-370.926454,-383.4317073,-395.9369606,-408.4422139,-420.9474672,-433.4527205,-445.9579737,-458.463227,-470.9684803,-483.4737336,-495.9789869,-508.4842402,-520.9894934,-533.4947467,-546,-558.5052533,-571.0105066,-583.5157598,-596.0210131,-608.5262664,-621.0315197,-633.536773,-646.0420263
11210,214.3499062,35.47091932,6.564727955,-14.08255159,-26.47091932,-30.60037523,-55.37711069,-71.89493433,-88.41275797,-104.9305816,-121.4484053,-137.9662289,-154.4840525,-171.0018762,-183.5184803,-196.0350844,-208.5516886,-221.0682927,-233.5848968,-246.1015009,-258.6181051,-271.1347092,-283.6513133,-296.1679174,-308.6845216,-321.2011257,-333.7177298,-346.234334,-358.7509381,-371.2675422,-383.7841463,-396.3007505,-408.8173546,-421.3339587,-433.8505629,-446.367167,-458.8837711,-471.4003752,-483.9169794,-496.4335835,-508.9501876,-521.4667917,-533.9833959,-546.5,-559.0166041,-571.5332083,-584.0498124,-596.5664165,-609.0830206,-621.5996248,-634.1162289,-646.632833
11220,214.5419325,35.49906191,6.566604128,-14.09943715,-26.49906191,-30.63227017,-55.4315197,-71.96435272,-88.49718574,-105.0300188,-121.5628518,-138.0956848,-154.6285178,-171.1613508,-183.6893058,-196.2172608,-208.7452158,-221.2731707,-233.8011257,-246.3290807,-258.8570356,-271.3849906,-283.9129456,-296.4409006,-308.9688555,-321.4968105,-334.0247655,-346.5527205,-359.0806754,-371.6086304,-384.1365854,-396.6645403,-409.1924953,-421.7204503,-434.2484053,-446.7763602,-459.3043152,-471.8322702,-484.3602251,-496.8881801,-509.4161351,-521.9440901,-534.472045,-547,-559.527955,-572.0559099,-584.5838649,-597.1118199,-609.6397749,-622.1677298,-634.6956848,-647.2236398
11230,214.7339587,35.5272045,6.5684803,-14.1163227,-26.5272045,-30.6641651,-55.48592871,-72.03377111,-88.58161351,-105.1294559,-121.6772983,-138.2251407,-154.7729831,-171.3208255,-183.8601313,-196.3994371,-208.938743,-221.4780488,-234.0173546,-246.5566604,-259.0959662,-271.635272,-284.1745779,-296.7138837,-309.2531895,-321.7924953,-334.3318011,-346.8711069,-359.4104128,-371.9497186,-384.4890244,-397.0283302,-409.567636,-422.1069418,-434.6462477,-447.1855535,-459.7248593,-472.2641651,-484.8034709,-497.3427767,-509.8820826,-522.4213884,-534.9606942,-547.5,-560.0393058,-572.5786116,-585.1179174,-597.6572233,-610.1965291,-622.7358349,-635.2751407,-647.8144465
11240,214.925985,35.55534709,6.570356473,-14.13320826,-26.55534709,-30.69606004,-55.54033771,-72.10318949,-88.66604128,-105.2288931,-121.7917448,-138.3545966,-154.9174484,-171.4803002,-184.0309568,-196.5816135,-209.1322702,-221.6829268,-234.2335835,-246.7842402,-259.3348968,-271.8855535,-284.4362101,-296.9868668,-309.5375235,-322.0881801,-334.6388368,-347.1894934,-359.7401501,-372.2908068,-384.8414634,-397.3921201,-409.9427767,-422.4934334,-435.0440901,-447.5947467,-460.1454034,-472.69606,-485.2467167,-497.7973734,-510.34803,-522.8986867,-535.4493433,-548,-560.5506567,-573.1013133,-585.65197,-598.2026266,-610.7532833,-623.30394,-635.8545966,-648.4052533
11250,215.1180113,35.58348968,6.572232645,-14.15009381,-26.58348968,-30.72795497,-55.59474672,-72.17260788,-88.75046904,-105.3283302,-121.9061914,-138.4840525,-155.0619137,-171.6397749,-184.2017824,-196.7637899,-209.3257974,-221.8878049,-234.4498124,-247.0118199,-259.5738274,-272.1358349,-284.6978424,-297.2598499,-309.8218574,-322.3838649,-334.9458724,-347.5078799,-360.0698874,-372.6318949,-385.1939024,-397.7559099,-410.3179174,-422.879925,-435.4419325,-448.00394,-460.5659475,-473.127955,-485.6899625,-498.25197,-510.8139775,-523.375985,-535.9379925,-548.5,-561.0620075,-573.624015,-586.1860225,-598.74803,-611.3100375,-623.872045,-636.4340525,-648.99606
11260,215.3100375,35.61163227,6.574108818,-14.16697936,-26.61163227,-30.75984991,-55.64915572,-72.24202627,-88.83489681,-105.4277674,-122.0206379,-138.6135084,-155.206379,-171.7992495,-184.3726079,-196.9459662,-209.5193246,-222.0926829,-234.6660413,-247.2393996,-259.812758,-272.3861163,-284.9594747,-297.532833,-310.1061914,-322.6795497,-335.2529081,-347.8262664,-360.3996248,-372.9729831,-385.5463415,-398.1196998,-410.6930582,-423.2664165,-435.8397749,-448.4131332,-460.9864916,-473.5598499,-486.1332083,-498.7065666,-511.279925,-523.8532833,-536.4266417,-549,-561.5733583,-574.1467167,-586.720075,-599.2934334,-611.8667917,-624.4401501,-637.0135084,-649.5868668
11270,215.5020638,35.63977486,6.575984991,-14.18386492,-26.63977486,-30.79174484,-55.70356473,-72.31144465,-88.91932458,-105.5272045,-122.1350844,-138.7429644,-155.3508443,-171.9587242,-184.5434334,-197.1281426,-209.7128518,-222.297561,-234.8822702,-247.4669794,-260.0516886,-272.6363977,-285.2211069,-297.8058161,-310.3905253,-322.9752345,-335.5599437,-348.1446529,-360.7293621,-373.3140713,-385.8987805,-398.4834897,-411.0681989,-423.6529081,-436.2376173,-448.8223265,-461.4070356,-473.9917448,-486.576454,-499.1611632,-511.7458724,-524.3305816,-536.9152908,-549.5,-562.0847092,-574.6694184,-587.2541276,-599.8388368,-612.423546,-625.0082552,-637.5929644,-650.1776735
11280,215.6940901,35.66791745,6.577861163,-14.20075047,-26.66791745,-30.82363977,-55.75797373,-72.38086304,-89.00375235,-105.6266417,-122.249531,-138.8724203,-155.4953096,-172.1181989,-184.7142589,-197.3103189,-209.906379,-222.502439,-235.0984991,-247.6945591,-260.2906191,-272.8866792,-285.4827392,-298.0787992,-310.6748593,-323.2709193,-335.8669794,-348.4630394,-361.0590994,-373.6551595,-386.2512195,-398.8472795,-411.4433396,-424.0393996,-436.6354597,-449.2315197,-461.8275797,-474.4236398,-487.0196998,-499.6157598,-512.2118199,-524.8078799,-537.40394,-550,-562.59606,-575.1921201,-587.7881801,-600.3842402,-612.9803002,-625.5763602,-638.1724203,-650.7684803
11290,215.8861163,35.69606004,6.579737336,-14.21763602,-26.69606004,-30.85553471,-55.81238274,-72.45028143,-89.08818011,-105.7260788,-122.3639775,-139.0018762,-155.6397749,-172.2776735,-184.8850844,-197.4924953,-210.0999062,-222.7073171,-235.314728,-247.9221388,-260.5295497,-273.1369606,-285.7443715,-298.3517824,-310.9591932,-323.5666041,-336.174015,-348.7814259,-361.3888368,-373.9962477,-386.6036585,-399.2110694,-411.8184803,-424.4258912,-437.0333021,-449.6407129,-462.2481238,-474.8555347,-487.4629456,-500.0703565,-512.6777674,-525.2851782,-537.8925891,-550.5,-563.1074109,-575.7148218,-588.3222326,-600.9296435,-613.5370544,-626.1444653,-638.7518762,-651.3592871
11300,216.0781426,35.72420263,6.581613508,-14.23452158,-26.72420263,-30.88742964,-55.86679174,-72.51969981,-89.17260788,-105.8255159,-122.478424,-139.1313321,-155.7842402,-172.4371482,-185.0559099,-197.6746717,-210.2934334,-222.9121951,-235.5309568,-248.1497186,-260.7684803,-273.387242,-286.0060038,-298.6247655,-311.2435272,-323.8622889,-336.4810507,-349.0998124,-361.7185741,-374.3373358,-386.9560976,-399.5748593,-412.193621,-424.8123827,-437.4311445,-450.0499062,-462.6686679,-475.2874296,-487.9061914,-500.5249531,-513.1437148,-525.7624765,-538.3812383,-551,-563.6187617,-576.2375235,-588.8562852,-601.4750469,-614.0938086,-626.7125704,-639.3313321,-651.9500938
11310,216.2701689,35.75234522,6.583489681,-14.25140713,-26.75234522,-30.91932458,-55.92120075,-72.5891182,-89.25703565,-105.9249531,-122.5928705,-139.260788,-155.9287054,-172.5966229,-185.2267355,-197.856848,-210.4869606,-223.1170732,-235.7471857,-248.3772983,-261.0074109,-273.6375235,-286.267636,-298.8977486,-311.5278612,-324.1579737,-336.7880863,-349.4181989,-362.0483114,-374.678424,-387.3085366,-399.9386492,-412.5687617,-425.1988743,-437.8289869,-450.4590994,-463.089212,-475.7193246,-488.3494371,-500.9795497,-513.6096623,-526.2397749,-538.8698874,-551.5,-564.1301126,-576.7602251,-589.3903377,-602.0204503,-614.6505629,-627.2806754,-639.910788,-652.5409006
11320,216.4621951,35.7804878,6.585365854,-14.26829268,-26.7804878,-30.95121951,-55.97560976,-72.65853659,-89.34146341,-106.0243902,-122.7073171,-139.3902439,-156.0731707,-172.7560976,-185.397561,-198.0390244,-210.6804878,-223.3219512,-235.9634146,-248.604878,-261.2463415,-273.8878049,-286.5292683,-299.1707317,-311.8121951,-324.4536585,-337.095122,-349.7365854,-362.3780488,-375.0195122,-387.6609756,-400.302439,-412.9439024,-425.5853659,-438.2268293,-450.8682927,-463.5097561,-476.1512195,-488.7926829,-501.4341463,-514.0756098,-526.7170732,-539.3585366,-552,-564.6414634,-577.2829268,-589.9243902,-602.5658537,-615.2073171,-627.8487805,-640.4902439,-653.1317073
11330,216.6542214,35.80863039,6.587242026,-14.28517824,-26.80863039,-30.98311445,-56.03001876,-72.72795497,-89.42589118,-106.1238274,-122.8217636,-139.5196998,-156.217636,-172.9155722,-185.5683865,-198.2212008,-210.874015,-223.5268293,-236.1796435,-248.8324578,-261.485272,-274.1380863,-286.7909006,-299.4437148,-312.0965291,-324.7493433,-337.4021576,-350.0549719,-362.7077861,-375.3606004,-388.0134146,-400.6662289,-413.3190432,-425.9718574,-438.6246717,-451.2774859,-463.9303002,-476.5831144,-489.2359287,-501.888743,-514.5415572,-527.1943715,-539.8471857,-552.5,-565.1528143,-577.8056285,-590.4584428,-603.111257,-615.7640713,-628.4168856,-641.0696998,-653.7225141
11340,216.8462477,35.83677298,6.589118199,-14.30206379,-26.83677298,-31.01500938,-56.08442777,-72.79737336,-89.51031895,-106.2232645,-122.9362101,-139.6491557,-156.3621013,-173.0750469,-185.739212,-198.4033771,-211.0675422,-223.7317073,-236.3958724,-249.0600375,-261.7242026,-274.3883677,-287.0525328,-299.7166979,-312.380863,-325.0450281,-337.7091932,-350.3733583,-363.0375235,-375.7016886,-388.3658537,-401.0300188,-413.6941839,-426.358349,-439.0225141,-451.6866792,-464.3508443,-477.0150094,-489.6791745,-502.3433396,-515.0075047,-527.6716698,-540.3358349,-553,-565.6641651,-578.3283302,-590.9924953,-603.6566604,-616.3208255,-628.9849906,-641.6491557,-654.3133208
11350,217.0382739,35.86491557,6.590994371,-14.31894934,-26.86491557,-31.04690432,-56.13883677,-72.86679174,-89.59474672,-106.3227017,-123.0506567,-139.7786116,-156.5065666,-173.2345216,-185.9100375,-198.5855535,-211.2610694,-223.9365854,-236.6121013,-249.2876173,-261.9631332,-274.6386492,-287.3141651,-299.9896811,-312.665197,-325.3407129,-338.0162289,-350.6917448,-363.3672608,-376.0427767,-388.7182927,-401.3938086,-414.0693246,-426.7448405,-439.4203565,-452.0958724,-464.7713884,-477.4469043,-490.1224203,-502.7979362,-515.4734522,-528.1489681,-540.8244841,-553.5,-566.1755159,-578.8510319,-591.5265478,-604.2020638,-616.8775797,-629.5530957,-642.2286116,-654.9041276
11360,217.2303002,35.89305816,6.592870544,-14.3358349,-26.89305816,-31.07879925,-56.19324578,-72.93621013,-89.67917448,-106.4221388,-123.1651032,-139.9080675,-156.6510319,-173.3939962,-186.080863,-198.7677298,-211.4545966,-224.1414634,-236.8283302,-249.515197,-262.2020638,-274.8889306,-287.5757974,-300.2626642,-312.949531,-325.6363977,-338.3232645,-351.0101313,-363.6969981,-376.3838649,-389.0707317,-401.7575985,-414.4444653,-427.1313321,-439.8181989,-452.5050657,-465.1919325,-477.8787992,-490.565666,-503.2525328,-515.9393996,-528.6262664,-541.3131332,-554,-566.6868668,-579.3737336,-592.0606004,-604.7474672,-617.434334,-630.1212008,-642.8080675,-655.4949343
11370,217.4223265,35.92120075,6.594746717,-14.35272045,-26.92120075,-31.11069418,-56.24765478,-73.00562852,-89.76360225,-106.521576,-123.2795497,-140.0375235,-156.7954972,-173.5534709,-186.2516886,-198.9499062,-211.6481238,-224.3463415,-237.0445591,-249.7427767,-262.4409944,-275.139212,-287.8374296,-300.5356473,-313.2338649,-325.9320826,-338.6303002,-351.3285178,-364.0267355,-376.7249531,-389.4231707,-402.1213884,-414.819606,-427.5178236,-440.2160413,-452.9142589,-465.6124765,-478.3106942,-491.0089118,-503.7071295,-516.4053471,-529.1035647,-541.8017824,-554.5,-567.1982176,-579.8964353,-592.5946529,-605.2928705,-617.9910882,-630.6893058,-643.3875235,-656.0857411
11380,217.6143527,35.94934334,6.596622889,-14.369606,-26.94934334,-31.14258912,-56.30206379,-73.0750469,-89.84803002,-106.6210131,-123.3939962,-140.1669794,-156.9399625,-173.7129456,-186.4225141,-199.1320826,-211.841651,-224.5512195,-237.260788,-249.9703565,-262.679925,-275.3894934,-288.0990619,-300.8086304,-313.5181989,-326.2277674,-338.9373358,-351.6469043,-364.3564728,-377.0660413,-389.7756098,-402.4851782,-415.1947467,-427.9043152,-440.6138837,-453.3234522,-466.0330206,-478.7425891,-491.4521576,-504.1617261,-516.8712946,-529.580863,-542.2904315,-555,-567.7095685,-580.419137,-593.1287054,-605.8382739,-618.5478424,-631.2574109,-643.9669794,-656.6765478
11390,217.806379,35.97748593,6.598499062,-14.38649156,-26.97748593,-31.17448405,-56.3564728,-73.14446529,-89.93245779,-106.7204503,-123.5084428,-140.2964353,-157.0844278,-173.8724203,-186.5933396,-199.3142589,-212.0351782,-224.7560976,-237.4770169,-250.1979362,-262.9188555,-275.6397749,-288.3606942,-301.0816135,-313.8025328,-326.5234522,-339.2443715,-351.9652908,-364.6862101,-377.4071295,-390.1280488,-402.8489681,-415.5698874,-428.2908068,-441.0117261,-453.7326454,-466.4535647,-479.1744841,-491.8954034,-504.6163227,-517.337242,-530.0581614,-542.7790807,-555.5,-568.2209193,-580.9418386,-593.662758,-606.3836773,-619.1045966,-631.8255159,-644.5464353,-657.2673546
11400,217.9984053,36.00562852,6.600375235,-14.40337711,-27.00562852,-31.20637899,-56.4108818,-73.21388368,-90.01688555,-106.8198874,-123.6228893,-140.4258912,-157.2288931,-174.0318949,-186.7641651,-199.4964353,-212.2287054,-224.9609756,-237.6932458,-250.4255159,-263.1577861,-275.8900563,-288.6223265,-301.3545966,-314.0868668,-326.819137,-339.5514071,-352.2836773,-365.0159475,-377.7482176,-390.4804878,-403.212758,-415.9450281,-428.6772983,-441.4095685,-454.1418386,-466.8741088,-479.606379,-492.3386492,-505.0709193,-517.8031895,-530.5354597,-543.2677298,-556,-568.7322702,-581.4645403,-594.1968105,-606.9290807,-619.6613508,-632.393621,-645.1258912,-657.8581614
11410,218.1904315,36.03377111,6.602251407,-14.42026266,-27.03377111,-31.23827392,-56.46529081,-73.28330206,-90.10131332,-106.9193246,-123.7373358,-140.5553471,-157.3733583,-174.1913696,-186.9349906,-199.6786116,-212.4222326,-225.1658537,-237.9094747,-250.6530957,-263.3967167,-276.1403377,-288.8839587,-301.6275797,-314.3712008,-327.1148218,-339.8584428,-352.6020638,-365.3456848,-378.0893058,-390.8329268,-403.5765478,-416.3201689,-429.0637899,-441.8074109,-454.5510319,-467.2946529,-480.0382739,-492.7818949,-505.5255159,-518.269137,-531.012758,-543.756379,-556.5,-569.243621,-581.987242,-594.730863,-607.4744841,-620.2181051,-632.9617261,-645.7053471,-658.4489681
11420,218.3824578,36.0619137,6.60412758,-14.43714822,-27.0619137,-31.27016886,-56.51969981,-73.35272045,-90.18574109,-107.0187617,-123.8517824,-140.684803,-157.5178236,-174.3508443,-187.1058161,-199.860788,-212.6157598,-225.3707317,-238.1257036,-250.8806754,-263.6356473,-276.3906191,-289.145591,-301.9005629,-314.6555347,-327.4105066,-340.1654784,-352.9204503,-365.6754221,-378.430394,-391.1853659,-403.9403377,-416.6953096,-429.4502814,-442.2052533,-454.9602251,-467.715197,-480.4701689,-493.2251407,-505.9801126,-518.7350844,-531.4900563,-544.2450281,-557,-569.7549719,-582.5099437,-595.2649156,-608.0198874,-620.7748593,-633.5298311,-646.284803,-659.0397749
11430,218.5744841,36.09005629,6.606003752,-14.45403377,-27.09005629,-31.30206379,-56.57410882,-73.42213884,-90.27016886,-107.1181989,-123.9662289,-140.8142589,-157.6622889,-174.5103189,-187.2766417,-200.0429644,-212.8092871,-225.5756098,-238.3419325,-251.1082552,-263.8745779,-276.6409006,-289.4072233,-302.173546,-314.9398687,-327.7061914,-340.4725141,-353.2388368,-366.0051595,-378.7714822,-391.5378049,-404.3041276,-417.0704503,-429.836773,-442.6030957,-455.3694184,-468.1357411,-480.9020638,-493.6683865,-506.4347092,-519.2010319,-531.9673546,-544.7336773,-557.5,-570.2663227,-583.0326454,-595.7989681,-608.5652908,-621.3316135,-634.0979362,-646.8642589,-659.6305816
11440,218.7665103,36.11819887,6.607879925,-14.47091932,-27.11819887,-31.33395872,-56.62851782,-73.49155722,-90.35459662,-107.217636,-124.0806754,-140.9437148,-157.8067542,-174.6697936,-187.4474672,-200.2251407,-213.0028143,-225.7804878,-238.5581614,-251.3358349,-264.1135084,-276.891182,-289.6688555,-302.4465291,-315.2242026,-328.0018762,-340.7795497,-353.5572233,-366.3348968,-379.1125704,-391.8902439,-404.6679174,-417.445591,-430.2232645,-443.0009381,-455.7786116,-468.5562852,-481.3339587,-494.1116323,-506.8893058,-519.6669794,-532.4446529,-545.2223265,-558,-570.7776735,-583.5553471,-596.3330206,-609.1106942,-621.8883677,-634.6660413,-647.4437148,-660.2213884
11450,218.9585366,36.14634146,6.609756098,-14.48780488,-27.14634146,-31.36585366,-56.68292683,-73.56097561,-90.43902439,-107.3170732,-124.195122,-141.0731707,-157.9512195,-174.8292683,-187.6182927,-200.4073171,-213.1963415,-225.9853659,-238.7743902,-251.5634146,-264.352439,-277.1414634,-289.9304878,-302.7195122,-315.5085366,-328.297561,-341.0865854,-353.8756098,-366.6646341,-379.4536585,-392.2426829,-405.0317073,-417.8207317,-430.6097561,-443.3987805,-456.1878049,-468.9768293,-481.7658537,-494.554878,-507.3439024,-520.1329268,-532.9219512,-545.7109756,-558.5,-571.2890244,-584.0780488,-596.8670732,-609.6560976,-622.445122,-635.2341463,-648.0231707,-660.8121951
11460,219.1505629,36.17448405,6.61163227,-14.50469043,-27.17448405,-31.39774859,-56.73733583,-73.630394,-90.52345216,-107.4165103,-124.3095685,-141.2026266,-158.0956848,-174.988743,-187.7891182,-200.5894934,-213.3898687,-226.1902439,-238.9906191,-251.7909944,-264.5913696,-277.3917448,-290.1921201,-302.9924953,-315.7928705,-328.5932458,-341.393621,-354.1939962,-366.9943715,-379.7947467,-392.595122,-405.3954972,-418.1958724,-430.9962477,-443.7966229,-456.5969981,-469.3973734,-482.1977486,-494.9981238,-507.7984991,-520.5988743,-533.3992495,-546.1996248,-559,-571.8003752,-584.6007505,-597.4011257,-610.2015009,-623.0018762,-635.8022514,-648.6026266,-661.4030019
11470,219.3425891,36.20262664,6.613508443,-14.52157598,-27.20262664,-31.42964353,-56.79174484,-73.69981238,-90.60787992,-107.5159475,-124.424015,-141.3320826,-158.2401501,-175.1482176,-187.9599437,-200.7716698,-213.5833959,-226.395122,-239.206848,-252.0185741,-264.8303002,-277.6420263,-290.4537523,-303.2654784,-316.0772045,-328.8889306,-341.7006567,-354.5123827,-367.3241088,-380.1358349,-392.947561,-405.7592871,-418.5710131,-431.3827392,-444.1944653,-457.0061914,-469.8179174,-482.6296435,-495.4413696,-508.2530957,-521.0648218,-533.8765478,-546.6882739,-559.5,-572.3117261,-585.1234522,-597.9351782,-610.7469043,-623.5586304,-636.3703565,-649.1820826,-661.9938086
11480,219.5346154,36.23076923,6.615384615,-14.53846154,-27.23076923,-31.46153846,-56.84615385,-73.76923077,-90.69230769,-107.6153846,-124.5384615,-141.4615385,-158.3846154,-175.3076923,-188.1307692,-200.9538462,-213.7769231,-226.6,-239.4230769,-252.2461538,-265.0692308,-277.8923077,-290.7153846,-303.5384615,-316.3615385,-329.1846154,-342.0076923,-354.8307692,-367.6538462,-380.4769231,-393.3,-406.1230769,-418.9461538,-431.7692308,-444.5923077,-457.4153846,-470.2384615,-483.0615385,-495.8846154,-508.7076923,-521.5307692,-534.3538462,-547.1769231,-560,-572.8230769,-585.6461538,-598.4692308,-611.2923077,-624.1153846,-636.9384615,-649.7615385,-662.5846154
11490,219.7266417,36.25891182,6.617260788,-14.55534709,-27.25891182,-31.4934334,-56.90056285,-73.83864916,-90.77673546,-107.7148218,-124.6529081,-141.5909944,-158.5290807,-175.467167,-188.3015947,-201.1360225,-213.9704503,-226.804878,-239.6393058,-252.4737336,-265.3081614,-278.1425891,-290.9770169,-303.8114447,-316.6458724,-329.4803002,-342.314728,-355.1491557,-367.9835835,-380.8180113,-393.652439,-406.4868668,-419.3212946,-432.1557223,-444.9901501,-457.8245779,-470.6590056,-483.4934334,-496.3278612,-509.1622889,-521.9967167,-534.8311445,-547.6655722,-560.5,-573.3344278,-586.1688555,-599.0032833,-611.8377111,-624.6721388,-637.5065666,-650.3409944,-663.1754221
11500,219.9186679,36.28705441,6.619136961,-14.57223265,-27.28705441,-31.52532833,-56.95497186,-73.90806754,-90.86116323,-107.8142589,-124.7673546,-141.7204503,-158.673546,-175.6266417,-188.4724203,-201.3181989,-214.1639775,-227.0097561,-239.8555347,-252.7013133,-265.5470919,-278.3928705,-291.2386492,-304.0844278,-316.9302064,-329.775985,-342.6217636,-355.4675422,-368.3133208,-381.1590994,-394.004878,-406.8506567,-419.6964353,-432.5422139,-445.3879925,-458.2337711,-471.0795497,-483.9253283,-496.7711069,-509.6168856,-522.4626642,-535.3084428,-548.1542214,-561,-573.8457786,-586.6915572,-599.5373358,-612.3831144,-625.2288931,-638.0746717,-650.9204503,-663.7662289
11510,220.1106942,36.315197,6.621013133,-14.5891182,-27.315197,-31.55722326,-57.00938086,-73.97748593,-90.94559099,-107.9136961,-124.8818011,-141.8499062,-158.8180113,-175.7861163,-188.6432458,-201.5003752,-214.3575047,-227.2146341,-240.0717636,-252.9288931,-265.7860225,-278.643152,-291.5002814,-304.3574109,-317.2145403,-330.0716698,-342.9287992,-355.7859287,-368.6430582,-381.5001876,-394.3573171,-407.2144465,-420.071576,-432.9287054,-445.7858349,-458.6429644,-471.5000938,-484.3572233,-497.2143527,-510.0714822,-522.9286116,-535.7857411,-548.6428705,-561.5,-574.3571295,-587.2142589,-600.0713884,-612.9285178,-625.7856473,-638.6427767,-651.4999062,-664.3570356
11520,220.3027205,36.34333959,6.622889306,-14.60600375,-27.34333959,-31.5891182,-57.06378987,-74.04690432,-91.03001876,-108.0131332,-124.9962477,-141.9793621,-158.9624765,-175.945591,-188.8140713,-201.6825516,-214.5510319,-227.4195122,-240.2879925,-253.1564728,-266.0249531,-278.8934334,-291.7619137,-304.630394,-317.4988743,-330.3673546,-343.2358349,-356.1043152,-368.9727955,-381.8412758,-394.7097561,-407.5782364,-420.4467167,-433.315197,-446.1836773,-459.0521576,-471.9206379,-484.7891182,-497.6575985,-510.5260788,-523.3945591,-536.2630394,-549.1315197,-562,-574.8684803,-587.7369606,-600.6054409,-613.4739212,-626.3424015,-639.2108818,-652.0793621,-664.9478424
11530,220.4947467,36.37148218,6.624765478,-14.62288931,-27.37148218,-31.62101313,-57.11819887,-74.1163227,-91.11444653,-108.1125704,-125.1106942,-142.108818,-159.1069418,-176.1050657,-188.9848968,-201.864728,-214.7445591,-227.6243902,-240.5042214,-253.3840525,-266.2638837,-279.1437148,-292.023546,-304.9033771,-317.7832083,-330.6630394,-343.5428705,-356.4227017,-369.3025328,-382.182364,-395.0621951,-407.9420263,-420.8218574,-433.7016886,-446.5815197,-459.4613508,-472.341182,-485.2210131,-498.1008443,-510.9806754,-523.8605066,-536.7403377,-549.6201689,-562.5,-575.3798311,-588.2596623,-601.1394934,-614.0193246,-626.8991557,-639.7789869,-652.658818,-665.5386492
11540,220.686773,36.39962477,6.626641651,-14.63977486,-27.39962477,-31.65290807,-57.17260788,-74.18574109,-91.1988743,-108.2120075,-125.2251407,-142.2382739,-159.2514071,-176.2645403,-189.1557223,-202.0469043,-214.9380863,-227.8292683,-240.7204503,-253.6116323,-266.5028143,-279.3939962,-292.2851782,-305.1763602,-318.0675422,-330.9587242,-343.8499062,-356.7410882,-369.6322702,-382.5234522,-395.4146341,-408.3058161,-421.1969981,-434.0881801,-446.9793621,-459.8705441,-472.7617261,-485.6529081,-498.5440901,-511.435272,-524.326454,-537.217636,-550.108818,-563,-575.891182,-588.782364,-601.673546,-614.564728,-627.4559099,-640.3470919,-653.2382739,-666.1294559
11550,220.8787992,36.42776735,6.628517824,-14.65666041,-27.42776735,-31.684803,-57.22701689,-74.25515947,-91.28330206,-108.3114447,-125.3395872,-142.3677298,-159.3958724,-176.424015,-189.3265478,-202.2290807,-215.1316135,-228.0341463,-240.9366792,-253.839212,-266.7417448,-279.6442777,-292.5468105,-305.4493433,-318.3518762,-331.254409,-344.1569418,-357.0594747,-369.9620075,-382.8645403,-395.7670732,-408.669606,-421.5721388,-434.4746717,-447.3772045,-460.2797373,-473.1822702,-486.084803,-498.9873358,-511.8898687,-524.7924015,-537.6949343,-550.5974672,-563.5,-576.4025328,-589.3050657,-602.2075985,-615.1101313,-628.0126642,-640.915197,-653.8177298,-666.7202627
11560,221.0708255,36.45590994,6.630393996,-14.67354597,-27.45590994,-31.71669794,-57.28142589,-74.32457786,-91.36772983,-108.4108818,-125.4540338,-142.4971857,-159.5403377,-176.5834897,-189.4973734,-202.411257,-215.3251407,-228.2390244,-241.1529081,-254.0667917,-266.9806754,-279.8945591,-292.8084428,-305.7223265,-318.6362101,-331.5500938,-344.4639775,-357.3778612,-370.2917448,-383.2056285,-396.1195122,-409.0333959,-421.9472795,-434.8611632,-447.7750469,-460.6889306,-473.6028143,-486.5166979,-499.4305816,-512.3444653,-525.258349,-538.1722326,-551.0861163,-564,-576.9138837,-589.8277674,-602.741651,-615.6555347,-628.5694184,-641.4833021,-654.3971857,-667.3110694
11570,221.2628518,36.48405253,6.632270169,-14.69043152,-27.48405253,-31.74859287,-57.3358349,-74.39399625,-91.4521576,-108.5103189,-125.5684803,-142.6266417,-159.684803,-176.7429644,-189.6681989,-202.5934334,-215.5186679,-228.4439024,-241.369137,-254.2943715,-267.219606,-280.1448405,-293.070075,-305.9953096,-318.9205441,-331.8457786,-344.7710131,-357.6962477,-370.6214822,-383.5467167,-396.4719512,-409.3971857,-422.3224203,-435.2476548,-448.1728893,-461.0981238,-474.0233583,-486.9485929,-499.8738274,-512.7990619,-525.7242964,-538.649531,-551.5747655,-564.5,-577.4252345,-590.350469,-603.2757036,-616.2009381,-629.1261726,-642.0514071,-654.9766417,-667.9018762
11580,221.454878,36.51219512,6.634146341,-14.70731707,-27.51219512,-31.7804878,-57.3902439,-74.46341463,-91.53658537,-108.6097561,-125.6829268,-142.7560976,-159.8292683,-176.902439,-189.8390244,-202.7756098,-215.7121951,-228.6487805,-241.5853659,-254.5219512,-267.4585366,-280.395122,-293.3317073,-306.2682927,-319.204878,-332.1414634,-345.0780488,-358.0146341,-370.9512195,-383.8878049,-396.8243902,-409.7609756,-422.697561,-435.6341463,-448.5707317,-461.5073171,-474.4439024,-487.3804878,-500.3170732,-513.2536585,-526.1902439,-539.1268293,-552.0634146,-565,-577.9365854,-590.8731707,-603.8097561,-616.7463415,-629.6829268,-642.6195122,-655.5560976,-668.4926829
11590,221.6469043,36.54033771,6.636022514,-14.72420263,-27.54033771,-31.81238274,-57.44465291,-74.53283302,-91.62101313,-108.7091932,-125.7973734,-142.8855535,-159.9737336,-177.0619137,-190.0098499,-202.9577861,-215.9057223,-228.8536585,-241.8015947,-254.749531,-267.6974672,-280.6454034,-293.5933396,-306.5412758,-319.489212,-332.4371482,-345.3850844,-358.3330206,-371.2809568,-384.2288931,-397.1768293,-410.1247655,-423.0727017,-436.0206379,-448.9685741,-461.9165103,-474.8644465,-487.8123827,-500.7603189,-513.7082552,-526.6561914,-539.6041276,-552.5520638,-565.5,-578.4479362,-591.3958724,-604.3438086,-617.2917448,-630.2396811,-643.1876173,-656.1355535,-669.0834897
11600,221.8389306,36.5684803,6.637898687,-14.74108818,-27.5684803,-31.84427767,-57.49906191,-74.60225141,-91.7054409,-108.8086304,-125.9118199,-143.0150094,-160.1181989,-177.2213884,-190.1806754,-203.1399625,-216.0992495,-229.0585366,-242.0178236,-254.9771107,-267.9363977,-280.8956848,-293.8549719,-306.8142589,-319.773546,-332.732833,-345.6921201,-358.6514071,-371.6106942,-384.5699812,-397.5292683,-410.4885553,-423.4478424,-436.4071295,-449.3664165,-462.3257036,-475.2849906,-488.2442777,-501.2035647,-514.1628518,-527.1221388,-540.0814259,-553.0407129,-566,-578.9592871,-591.9185741,-604.8778612,-617.8371482,-630.7964353,-643.7557223,-656.7150094,-669.6742964
11610,222.0309568,36.59662289,6.639774859,-14.75797373,-27.59662289,-31.87617261,-57.55347092,-74.67166979,-91.78986867,-108.9080675,-126.0262664,-143.1444653,-160.2626642,-177.380863,-190.3515009,-203.3221388,-216.2927767,-229.2634146,-242.2340525,-255.2046904,-268.1753283,-281.1459662,-294.1166041,-307.087242,-320.0578799,-333.0285178,-345.9991557,-358.9697936,-371.9404315,-384.9110694,-397.8817073,-410.8523452,-423.8229831,-436.793621,-449.7642589,-462.7348968,-475.7055347,-488.6761726,-501.6468105,-514.6174484,-527.5880863,-540.5587242,-553.5293621,-566.5,-579.4706379,-592.4412758,-605.4119137,-618.3825516,-631.3531895,-644.3238274,-657.2944653,-670.2651032
11620,222.2229831,36.62476548,6.641651032,-14.77485929,-27.62476548,-31.90806754,-57.60787992,-74.74108818,-91.87429644,-109.0075047,-126.1407129,-143.2739212,-160.4071295,-177.5403377,-190.5223265,-203.5043152,-216.4863039,-229.4682927,-242.4502814,-255.4322702,-268.4142589,-281.3962477,-294.3782364,-307.3602251,-320.3422139,-333.3242026,-346.3061914,-359.2881801,-372.2701689,-385.2521576,-398.2341463,-411.2161351,-424.1981238,-437.1801126,-450.1621013,-463.1440901,-476.1260788,-489.1080675,-502.0900563,-515.072045,-528.0540338,-541.0360225,-554.0180113,-567,-579.9819887,-592.9639775,-605.9459662,-618.927955,-631.9099437,-644.8919325,-657.8739212,-670.8559099
11630,222.4150094,36.65290807,6.643527205,-14.79174484,-27.65290807,-31.93996248,-57.66228893,-74.81050657,-91.9587242,-109.1069418,-126.2551595,-143.4033771,-160.5515947,-177.6998124,-190.693152,-203.6864916,-216.6798311,-229.6731707,-242.6665103,-255.6598499,-268.6531895,-281.6465291,-294.6398687,-307.6332083,-320.6265478,-333.6198874,-346.613227,-359.6065666,-372.5999062,-385.5932458,-398.5865854,-411.579925,-424.5732645,-437.5666041,-450.5599437,-463.5532833,-476.5466229,-489.5399625,-502.5333021,-515.5266417,-528.5199812,-541.5133208,-554.5066604,-567.5,-580.4933396,-593.4866792,-606.4800188,-619.4733583,-632.4666979,-645.4600375,-658.4533771,-671.4467167
11640,222.6070356,36.68105066,6.645403377,-14.80863039,-27.68105066,-31.97185741,-57.71669794,-74.87992495,-92.04315197,-109.206379,-126.369606,-143.532833,-160.69606,-177.8592871,-190.8639775,-203.8686679,-216.8733583,-229.8780488,-242.8827392,-255.8874296,-268.8921201,-281.8968105,-294.9015009,-307.9061914,-320.9108818,-333.9155722,-346.9202627,-359.9249531,-372.9296435,-385.934334,-398.9390244,-411.9437148,-424.9484053,-437.9530957,-450.9577861,-463.9624765,-476.967167,-489.9718574,-502.9765478,-515.9812383,-528.9859287,-541.9906191,-554.9953096,-568,-581.0046904,-594.0093809,-607.0140713,-620.0187617,-633.0234522,-646.0281426,-659.032833,-672.0375235
11650,222.7990619,36.70919325,6.64727955,-14.82551595,-27.70919325,-32.00375235,-57.77110694,-74.94934334,-92.12757974,-109.3058161,-126.4840525,-143.6622889,-160.8405253,-178.0187617,-191.034803,-204.0508443,-217.0668856,-230.0829268,-243.0989681,-256.1150094,-269.1310507,-282.1470919,-295.1631332,-308.1791745,-321.1952158,-334.211257,-347.2272983,-360.2433396,-373.2593809,-386.2754221,-399.2914634,-412.3075047,-425.323546,-438.3395872,-451.3556285,-464.3716698,-477.3877111,-490.4037523,-503.4197936,-516.4358349,-529.4518762,-542.4679174,-555.4839587,-568.5,-581.5160413,-594.5320826,-607.5481238,-620.5641651,-633.5802064,-646.5962477,-659.6122889,-672.6283302
11660,222.9910882,36.73733583,6.649155722,-14.8424015,-27.73733583,-32.03564728,-57.82551595,-75.01876173,-92.2120075,-109.4052533,-126.5984991,-143.7917448,-160.9849906,-178.1782364,-191.2056285,-204.2330206,-217.2604128,-230.2878049,-243.315197,-256.3425891,-269.3699812,-282.3973734,-295.4247655,-308.4521576,-321.4795497,-334.5069418,-347.534334,-360.5617261,-373.5891182,-386.6165103,-399.6439024,-412.6712946,-425.6986867,-438.7260788,-451.7534709,-464.780863,-477.8082552,-490.8356473,-503.8630394,-516.8904315,-529.9178236,-542.9452158,-555.9726079,-569,-582.0273921,-595.0547842,-608.0821764,-621.1095685,-634.1369606,-647.1643527,-660.1917448,-673.219137
11670,223.1831144,36.76547842,6.651031895,-14.85928705,-27.76547842,-32.06754221,-57.87992495,-75.08818011,-92.29643527,-109.5046904,-126.7129456,-143.9212008,-161.1294559,-178.3377111,-191.376454,-204.415197,-217.45394,-230.4926829,-243.5314259,-256.5701689,-269.6089118,-282.6476548,-295.6863977,-308.7251407,-321.7638837,-334.8026266,-347.8413696,-360.8801126,-373.9188555,-386.9575985,-399.9963415,-413.0350844,-426.0738274,-439.1125704,-452.1513133,-465.1900563,-478.2287992,-491.2675422,-504.3062852,-517.3450281,-530.3837711,-543.4225141,-556.461257,-569.5,-582.538743,-595.5774859,-608.6162289,-621.6549719,-634.6937148,-647.7324578,-660.7712008,-673.8099437
11680,223.3751407,36.79362101,6.652908068,-14.87617261,-27.79362101,-32.09943715,-57.93433396,-75.1575985,-92.38086304,-109.6041276,-126.8273921,-144.0506567,-161.2739212,-178.4971857,-191.5472795,-204.5973734,-217.6474672,-230.697561,-243.7476548,-256.7977486,-269.8478424,-282.8979362,-295.94803,-308.9981238,-322.0482176,-335.0983114,-348.1484053,-361.1984991,-374.2485929,-387.2986867,-400.3487805,-413.3988743,-426.4489681,-439.4990619,-452.5491557,-465.5992495,-478.6493433,-491.6994371,-504.749531,-517.7996248,-530.8497186,-543.8998124,-556.9499062,-570,-583.0500938,-596.1001876,-609.1502814,-622.2003752,-635.250469,-648.3005629,-661.3506567,-674.4007505
11690,223.567167,36.8217636,6.65478424,-14.89305816,-27.8217636,-32.13133208,-57.98874296,-75.22701689,-92.46529081,-109.7035647,-126.9418386,-144.1801126,-161.4183865,-178.6566604,-191.7181051,-204.7795497,-217.8409944,-230.902439,-243.9638837,-257.0253283,-270.086773,-283.1482176,-296.2096623,-309.2711069,-322.3325516,-335.3939962,-348.4554409,-361.5168856,-374.5783302,-387.6397749,-400.7012195,-413.7626642,-426.8241088,-439.8855535,-452.9469981,-466.0084428,-479.0698874,-492.1313321,-505.1927767,-518.2542214,-531.315666,-544.3771107,-557.4385553,-570.5,-583.5614447,-596.6228893,-609.684334,-622.7457786,-635.8072233,-648.8686679,-661.9301126,-674.9915572
11700,223.7591932,36.84990619,6.656660413,-14.90994371,-27.84990619,-32.16322702,-58.04315197,-75.29643527,-92.54971857,-109.8030019,-127.0562852,-144.3095685,-161.5628518,-178.8161351,-191.8889306,-204.9617261,-218.0345216,-231.1073171,-244.1801126,-257.2529081,-270.3257036,-283.3984991,-296.4712946,-309.5440901,-322.6168856,-335.6896811,-348.7624765,-361.835272,-374.9080675,-387.980863,-401.0536585,-414.126454,-427.1992495,-440.272045,-453.3448405,-466.417636,-479.4904315,-492.563227,-505.6360225,-518.708818,-531.7816135,-544.854409,-557.9272045,-571,-584.0727955,-597.145591,-610.2183865,-623.291182,-636.3639775,-649.436773,-662.5095685,-675.582364
11710,223.9512195,36.87804878,6.658536585,-14.92682927,-27.87804878,-32.19512195,-58.09756098,-75.36585366,-92.63414634,-109.902439,-127.1707317,-144.4390244,-161.7073171,-178.9756098,-192.0597561,-205.1439024,-218.2280488,-231.3121951,-244.3963415,-257.4804878,-270.5646341,-283.6487805,-296.7329268,-309.8170732,-322.9012195,-335.9853659,-349.0695122,-362.1536585,-375.2378049,-388.3219512,-401.4060976,-414.4902439,-427.5743902,-440.6585366,-453.7426829,-466.8268293,-479.9109756,-492.995122,-506.0792683,-519.1634146,-532.247561,-545.3317073,-558.4158537,-571.5,-584.5841463,-597.6682927,-610.752439,-623.8365854,-636.9207317,-650.004878,-663.0890244,-676.1731707
11720,224.1432458,36.90619137,6.660412758,-14.94371482,-27.90619137,-32.22701689,-58.15196998,-75.43527205,-92.71857411,-110.0018762,-127.2851782,-144.5684803,-161.8517824,-179.1350844,-192.2305816,-205.3260788,-218.421576,-231.5170732,-244.6125704,-257.7080675,-270.8035647,-283.8990619,-296.9945591,-310.0900563,-323.1855535,-336.2810507,-349.3765478,-362.472045,-375.5675422,-388.6630394,-401.7585366,-414.8540338,-427.949531,-441.0450281,-454.1405253,-467.2360225,-480.3315197,-493.4270169,-506.5225141,-519.6180113,-532.7135084,-545.8090056,-558.9045028,-572,-585.0954972,-598.1909944,-611.2864916,-624.3819887,-637.4774859,-650.5729831,-663.6684803,-676.7639775
11730,224.335272,36.93433396,6.662288931,-14.96060038,-27.93433396,-32.25891182,-58.20637899,-75.50469043,-92.80300188,-110.1013133,-127.3996248,-144.6979362,-161.9962477,-179.2945591,-192.4014071,-205.5082552,-218.6151032,-231.7219512,-244.8287992,-257.9356473,-271.0424953,-284.1493433,-297.2561914,-310.3630394,-323.4698874,-336.5767355,-349.6835835,-362.7904315,-375.8972795,-389.0041276,-402.1109756,-415.2178236,-428.3246717,-441.4315197,-454.5383677,-467.6452158,-480.7520638,-493.8589118,-506.9657598,-520.0726079,-533.1794559,-546.2863039,-559.393152,-572.5,-585.606848,-598.7136961,-611.8205441,-624.9273921,-638.0342402,-651.1410882,-664.2479362,-677.3547842
11740,224.5272983,36.96247655,6.664165103,-14.97748593,-27.96247655,-32.29080675,-58.26078799,-75.57410882,-92.88742964,-110.2007505,-127.5140713,-144.8273921,-162.1407129,-179.4540338,-192.5722326,-205.6904315,-218.8086304,-231.9268293,-245.0450281,-258.163227,-271.2814259,-284.3996248,-297.5178236,-310.6360225,-323.7542214,-336.8724203,-349.9906191,-363.108818,-376.2270169,-389.3452158,-402.4634146,-415.5816135,-428.6998124,-441.8180113,-454.9362101,-468.054409,-481.1726079,-494.2908068,-507.4090056,-520.5272045,-533.6454034,-546.7636023,-559.8818011,-573,-586.1181989,-599.2363977,-612.3545966,-625.4727955,-638.5909944,-651.7091932,-664.8273921,-677.945591
11750,224.7193246,36.99061914,6.666041276,-14.99437148,-27.99061914,-32.32270169,-58.315197,-75.6435272,-92.97185741,-110.3001876,-127.6285178,-144.956848,-162.2851782,-179.6135084,-192.7430582,-205.8726079,-219.0021576,-232.1317073,-245.261257,-258.3908068,-271.5203565,-284.6499062,-297.7794559,-310.9090056,-324.0385553,-337.1681051,-350.2976548,-363.4272045,-376.5567542,-389.6863039,-402.8158537,-415.9454034,-429.0749531,-442.2045028,-455.3340525,-468.4636023,-481.593152,-494.7227017,-507.8522514,-520.9818011,-534.1113508,-547.2409006,-560.3704503,-573.5,-586.6295497,-599.7590994,-612.8886492,-626.0181989,-639.1477486,-652.2772983,-665.406848,-678.5363977
11760,224.9113508,37.01876173,6.667917448,-15.01125704,-28.01876173,-32.35459662,-58.369606,-75.71294559,-93.05628518,-110.3996248,-127.7429644,-145.0863039,-162.4296435,-179.7729831,-192.9138837,-206.0547842,-219.1956848,-232.3365854,-245.4774859,-258.6183865,-271.7592871,-284.9001876,-298.0410882,-311.1819887,-324.3228893,-337.4637899,-350.6046904,-363.745591,-376.8864916,-390.0273921,-403.1682927,-416.3091932,-429.4500938,-442.5909944,-455.7318949,-468.8727955,-482.0136961,-495.1545966,-508.2954972,-521.4363977,-534.5772983,-547.7181989,-560.8590994,-574,-587.1409006,-600.2818011,-613.4227017,-626.5636023,-639.7045028,-652.8454034,-665.9863039,-679.1272045
11770,225.1033771,37.04690432,6.669793621,-15.02814259,-28.04690432,-32.38649156,-58.42401501,-75.78236398,-93.14071295,-110.4990619,-127.8574109,-145.2157598,-162.5741088,-179.9324578,-193.0847092,-206.2369606,-219.389212,-232.5414634,-245.6937148,-258.8459662,-271.9982176,-285.150469,-298.3027205,-311.4549719,-324.6072233,-337.7594747,-350.9117261,-364.0639775,-377.2162289,-390.3684803,-403.5207317,-416.6729831,-429.8252345,-442.9774859,-456.1297373,-469.2819887,-482.4342402,-495.5864916,-508.738743,-521.8909944,-535.0432458,-548.1954972,-561.3477486,-574.5,-587.6522514,-600.8045028,-613.9567542,-627.1090056,-640.261257,-653.4135084,-666.5657598,-679.7180113
11780,225.2954034,37.0750469,6.671669794,-15.04502814,-28.0750469,-32.41838649,-58.47842402,-75.85178236,-93.22514071,-110.5984991,-127.9718574,-145.3452158,-162.7185741,-180.0919325,-193.2555347,-206.419137,-219.5827392,-232.7463415,-245.9099437,-259.073546,-272.2371482,-285.4007505,-298.5643527,-311.727955,-324.8915572,-338.0551595,-351.2187617,-364.382364,-377.5459662,-390.7095685,-403.8731707,-417.036773,-430.2003752,-443.3639775,-456.5275797,-469.691182,-482.8547842,-496.0183865,-509.1819887,-522.345591,-535.5091932,-548.6727955,-561.8363977,-575,-588.1636023,-601.3272045,-614.4908068,-627.654409,-640.8180113,-653.9816135,-667.1452158,-680.308818
11790,225.4874296,37.10318949,6.673545966,-15.0619137,-28.10318949,-32.45028143,-58.53283302,-75.92120075,-93.30956848,-110.6979362,-128.0863039,-145.4746717,-162.8630394,-180.2514071,-193.4263602,-206.6013133,-219.7762664,-232.9512195,-246.1261726,-259.3011257,-272.4760788,-285.6510319,-298.825985,-312.0009381,-325.1758912,-338.3508443,-351.5257974,-364.7007505,-377.8757036,-391.0506567,-404.2256098,-417.4005629,-430.5755159,-443.750469,-456.9254221,-470.1003752,-483.2753283,-496.4502814,-509.6252345,-522.8001876,-535.9751407,-549.1500938,-562.3250469,-575.5,-588.6749531,-601.8499062,-615.0248593,-628.1998124,-641.3747655,-654.5497186,-667.7246717,-680.8996248
11800,225.6794559,37.13133208,6.675422139,-15.07879925,-28.13133208,-32.48217636,-58.58724203,-75.99061914,-93.39399625,-110.7973734,-128.2007505,-145.6041276,-163.0075047,-180.4108818,-193.5971857,-206.7834897,-219.9697936,-233.1560976,-246.3424015,-259.5287054,-272.7150094,-285.9013133,-299.0876173,-312.2739212,-325.4602251,-338.6465291,-351.832833,-365.019137,-378.2054409,-391.3917448,-404.5780488,-417.7643527,-430.9506567,-444.1369606,-457.3232645,-470.5095685,-483.6958724,-496.8821764,-510.0684803,-523.2547842,-536.4410882,-549.6273921,-562.8136961,-576,-589.1863039,-602.3726079,-615.5589118,-628.7452158,-641.9315197,-655.1178236,-668.3041276,-681.4904315
11810,225.8714822,37.15947467,6.677298311,-15.0956848,-28.15947467,-32.51407129,-58.64165103,-76.06003752,-93.47842402,-110.8968105,-128.315197,-145.7335835,-163.15197,-180.5703565,-193.7680113,-206.965666,-220.1633208,-233.3609756,-246.5586304,-259.7562852,-272.95394,-286.1515947,-299.3492495,-312.5469043,-325.7445591,-338.9422139,-352.1398687,-365.3375235,-378.5351782,-391.732833,-404.9304878,-418.1281426,-431.3257974,-444.5234522,-457.7211069,-470.9187617,-484.1164165,-497.3140713,-510.5117261,-523.7093809,-536.9070356,-550.1046904,-563.3023452,-576.5,-589.6976548,-602.8953096,-616.0929644,-629.2906191,-642.4882739,-655.6859287,-668.8835835,-682.0812383
11820,226.0635084,37.18761726,6.679174484,-15.11257036,-28.18761726,-32.54596623,-58.69606004,-76.12945591,-93.56285178,-110.9962477,-128.4296435,-145.8630394,-163.2964353,-180.7298311,-193.9388368,-207.1478424,-220.356848,-233.5658537,-246.7748593,-259.9838649,-273.1928705,-286.4018762,-299.6108818,-312.8198874,-326.0288931,-339.2378987,-352.4469043,-365.6559099,-378.8649156,-392.0739212,-405.2829268,-418.4919325,-431.7009381,-444.9099437,-458.1189493,-471.327955,-484.5369606,-497.7459662,-510.9549719,-524.1639775,-537.3729831,-550.5819887,-563.7909944,-577,-590.2090056,-603.4180113,-616.6270169,-629.8360225,-643.0450281,-656.2540338,-669.4630394,-682.672045
11830,226.2555347,37.21575985,6.681050657,-15.12945591,-28.21575985,-32.57786116,-58.75046904,-76.1988743,-93.64727955,-111.0956848,-128.5440901,-145.9924953,-163.4409006,-180.8893058,-194.1096623,-207.3300188,-220.5503752,-233.7707317,-246.9910882,-260.2114447,-273.4318011,-286.6521576,-299.8725141,-313.0928705,-326.313227,-339.5335835,-352.75394,-365.9742964,-379.1946529,-392.4150094,-405.6353659,-418.8557223,-432.0760788,-445.2964353,-458.5167917,-471.7371482,-484.9575047,-498.1778612,-511.3982176,-524.6185741,-537.8389306,-551.0592871,-564.2796435,-577.5,-590.7203565,-603.9407129,-617.1610694,-630.3814259,-643.6017824,-656.8221388,-670.0424953,-683.2628518
11840,226.447561,37.24390244,6.682926829,-15.14634146,-28.24390244,-32.6097561,-58.80487805,-76.26829268,-93.73170732,-111.195122,-128.6585366,-146.1219512,-163.5853659,-181.0487805,-194.2804878,-207.5121951,-220.7439024,-233.9756098,-247.2073171,-260.4390244,-273.6707317,-286.902439,-300.1341463,-313.3658537,-326.597561,-339.8292683,-353.0609756,-366.2926829,-379.5243902,-392.7560976,-405.9878049,-419.2195122,-432.4512195,-445.6829268,-458.9146341,-472.1463415,-485.3780488,-498.6097561,-511.8414634,-525.0731707,-538.304878,-551.5365854,-564.7682927,-578,-591.2317073,-604.4634146,-617.695122,-630.9268293,-644.1585366,-657.3902439,-670.6219512,-683.8536585
11850,226.6395872,37.27204503,6.684803002,-15.16322702,-28.27204503,-32.64165103,-58.85928705,-76.33771107,-93.81613508,-111.2945591,-128.7729831,-146.2514071,-163.7298311,-181.2082552,-194.4513133,-207.6943715,-220.9374296,-234.1804878,-247.423546,-260.6666041,-273.9096623,-287.1527205,-300.3957786,-313.6388368,-326.8818949,-340.1249531,-353.3680113,-366.6110694,-379.8541276,-393.0971857,-406.3402439,-419.5833021,-432.8263602,-446.0694184,-459.3124765,-472.5555347,-485.7985929,-499.041651,-512.2847092,-525.5277674,-538.7708255,-552.0138837,-565.2569418,-578.5,-591.7430582,-604.9861163,-618.2291745,-631.4722326,-644.7152908,-657.958349,-671.2014071,-684.4444653
11860,226.8316135,37.30018762,6.686679174,-15.18011257,-28.30018762,-32.67354597,-58.91369606,-76.40712946,-93.90056285,-111.3939962,-128.8874296,-146.380863,-163.8742964,-181.3677298,-194.6221388,-207.8765478,-221.1309568,-234.3853659,-247.6397749,-260.8941839,-274.1485929,-287.4030019,-300.6574109,-313.9118199,-327.1662289,-340.4206379,-353.6750469,-366.9294559,-380.1838649,-393.4382739,-406.6926829,-419.9470919,-433.2015009,-446.4559099,-459.7103189,-472.964728,-486.219137,-499.473546,-512.727955,-525.982364,-539.236773,-552.491182,-565.745591,-579,-592.254409,-605.508818,-618.763227,-632.017636,-645.272045,-658.526454,-671.780863,-685.035272
11870,227.0236398,37.32833021,6.688555347,-15.19699812,-28.32833021,-32.7054409,-58.96810507,-76.47654784,-93.98499062,-111.4934334,-129.0018762,-146.5103189,-164.0187617,-181.5272045,-194.7929644,-208.0587242,-221.3244841,-234.5902439,-247.8560038,-261.1217636,-274.3875235,-287.6532833,-300.9190432,-314.184803,-327.4505629,-340.7163227,-353.9820826,-367.2478424,-380.5136023,-393.7793621,-407.045122,-420.3108818,-433.5766417,-446.8424015,-460.1081614,-473.3739212,-486.6396811,-499.9054409,-513.1712008,-526.4369606,-539.7027205,-552.9684803,-566.2342402,-579.5,-592.7657598,-606.0315197,-619.2972795,-632.5630394,-645.8287992,-659.0945591,-672.3603189,-685.6260788
11880,227.215666,37.3564728,6.69043152,-15.21388368,-28.3564728,-32.73733583,-59.02251407,-76.54596623,-94.06941839,-111.5928705,-129.1163227,-146.6397749,-164.163227,-181.6866792,-194.9637899,-208.2409006,-221.5180113,-234.795122,-248.0722326,-261.3493433,-274.626454,-287.9035647,-301.1806754,-314.4577861,-327.7348968,-341.0120075,-354.2891182,-367.5662289,-380.8433396,-394.1204503,-407.397561,-420.6746717,-433.9517824,-447.2288931,-460.5060038,-473.7831144,-487.0602251,-500.3373358,-513.6144465,-526.8915572,-540.1686679,-553.4457786,-566.7228893,-580,-593.2771107,-606.5542214,-619.8313321,-633.1084428,-646.3855535,-659.6626642,-672.9397749,-686.2168856
11890,227.4076923,37.38461538,6.692307692,-15.23076923,-28.38461538,-32.76923077,-59.07692308,-76.61538462,-94.15384615,-111.6923077,-129.2307692,-146.7692308,-164.3076923,-181.8461538,-195.1346154,-208.4230769,-221.7115385,-235,-248.2884615,-261.5769231,-274.8653846,-288.1538462,-301.4423077,-314.7307692,-328.0192308,-341.3076923,-354.5961538,-367.8846154,-381.1730769,-394.4615385,-407.75,-421.0384615,-434.3269231,-447.6153846,-460.9038462,-474.1923077,-487.4807692,-500.7692308,-514.0576923,-527.3461538,-540.6346154,-553.9230769,-567.2115385,-580.5,-593.7884615,-607.0769231,-620.3653846,-633.6538462,-646.9423077,-660.2307692,-673.5192308,-686.8076923
11900,227.5997186,37.41275797,6.694183865,-15.24765478,-28.41275797,-32.8011257,-59.13133208,-76.684803,-94.23827392,-111.7917448,-129.3452158,-146.8986867,-164.4521576,-182.0056285,-195.3054409,-208.6052533,-221.9050657,-235.204878,-248.5046904,-261.8045028,-275.1043152,-288.4041276,-301.70394,-315.0037523,-328.3035647,-341.6033771,-354.9031895,-368.2030019,-381.5028143,-394.8026266,-408.102439,-421.4022514,-434.7020638,-448.0018762,-461.3016886,-474.6015009,-487.9013133,-501.2011257,-514.5009381,-527.8007505,-541.1005629,-554.4003752,-567.7001876,-581,-594.2998124,-607.5996248,-620.8994371,-634.1992495,-647.4990619,-660.7988743,-674.0986867,-687.3984991
11910,227.7917448,37.44090056,6.696060038,-15.26454034,-28.44090056,-32.83302064,-59.18574109,-76.75422139,-94.32270169,-111.891182,-129.4596623,-147.0281426,-164.5966229,-182.1651032,-195.4762664,-208.7874296,-222.0985929,-235.4097561,-248.7209193,-262.0320826,-275.3432458,-288.654409,-301.9655722,-315.2767355,-328.5878987,-341.8990619,-355.2102251,-368.5213884,-381.8325516,-395.1437148,-408.454878,-421.7660413,-435.0772045,-448.3883677,-461.699531,-475.0106942,-488.3218574,-501.6330206,-514.9441839,-528.2553471,-541.5665103,-554.8776735,-568.1888368,-581.5,-594.8111632,-608.1223265,-621.4334897,-634.7446529,-648.0558161,-661.3669794,-674.6781426,-687.9893058
11920,227.9837711,37.46904315,6.69793621,-15.28142589,-28.46904315,-32.86491557,-59.24015009,-76.82363977,-94.40712946,-111.9906191,-129.5741088,-147.1575985,-164.7410882,-182.3245779,-195.6470919,-208.969606,-222.2921201,-235.6146341,-248.9371482,-262.2596623,-275.5821764,-288.9046904,-302.2272045,-315.5497186,-328.8722326,-342.1947467,-355.5172608,-368.8397749,-382.1622889,-395.484803,-408.8073171,-422.1298311,-435.4523452,-448.7748593,-462.0973734,-475.4198874,-488.7424015,-502.0649156,-515.3874296,-528.7099437,-542.0324578,-555.3549719,-568.6774859,-582,-595.3225141,-608.6450281,-621.9675422,-635.2900563,-648.6125704,-661.9350844,-675.2575985,-688.5801126
11930,228.1757974,37.49718574,6.699812383,-15.29831144,-28.49718574,-32.89681051,-59.2945591,-76.89305816,-94.49155722,-112.0900563,-129.6885553,-147.2870544,-164.8855535,-182.4840525,-195.8179174,-209.1517824,-222.4856473,-235.8195122,-249.1533771,-262.487242,-275.8211069,-289.1549719,-302.4888368,-315.8227017,-329.1565666,-342.4904315,-355.8242964,-369.1581614,-382.4920263,-395.8258912,-409.1597561,-422.493621,-435.8274859,-449.1613508,-462.4952158,-475.8290807,-489.1629456,-502.4968105,-515.8306754,-529.1645403,-542.4984053,-555.8322702,-569.1661351,-582.5,-595.8338649,-609.1677298,-622.5015947,-635.8354597,-649.1693246,-662.5031895,-675.8370544,-689.1709193
11940,228.3678236,37.52532833,6.701688555,-15.315197,-28.52532833,-32.92870544,-59.34896811,-76.96247655,-94.57598499,-112.1894934,-129.8030019,-147.4165103,-165.0300188,-182.6435272,-195.988743,-209.3339587,-222.6791745,-236.0243902,-249.369606,-262.7148218,-276.0600375,-289.4052533,-302.750469,-316.0956848,-329.4409006,-342.7861163,-356.1313321,-369.4765478,-382.8217636,-396.1669794,-409.5121951,-422.8574109,-436.2026266,-449.5478424,-462.8930582,-476.2382739,-489.5834897,-502.9287054,-516.2739212,-529.619137,-542.9643527,-556.3095685,-569.6547842,-583,-596.3452158,-609.6904315,-623.0356473,-636.380863,-649.7260788,-663.0712946,-676.4165103,-689.7617261
11950,228.5598499,37.55347092,6.703564728,-15.33208255,-28.55347092,-32.96060038,-59.40337711,-77.03189493,-94.66041276,-112.2889306,-129.9174484,-147.5459662,-165.1744841,-182.8030019,-196.1595685,-209.5161351,-222.8727017,-236.2292683,-249.5858349,-262.9424015,-276.2989681,-289.6555347,-303.0121013,-316.3686679,-329.7252345,-343.0818011,-356.4383677,-369.7949343,-383.1515009,-396.5080675,-409.8646341,-423.2212008,-436.5777674,-449.934334,-463.2909006,-476.6474672,-490.0040338,-503.3606004,-516.717167,-530.0737336,-543.4303002,-556.7868668,-570.1434334,-583.5,-596.8565666,-610.2131332,-623.5696998,-636.9262664,-650.282833,-663.6393996,-676.9959662,-690.3525328
11960,228.7518762,37.58161351,6.705440901,-15.34896811,-28.58161351,-32.99249531,-59.45778612,-77.10131332,-94.74484053,-112.3883677,-130.0318949,-147.6754221,-165.3189493,-182.9624765,-196.330394,-209.6983114,-223.0662289,-236.4341463,-249.8020638,-263.1699812,-276.5378987,-289.9058161,-303.2737336,-316.641651,-330.0095685,-343.3774859,-356.7454034,-370.1133208,-383.4812383,-396.8491557,-410.2170732,-423.5849906,-436.9529081,-450.3208255,-463.688743,-477.0566604,-490.4245779,-503.7924953,-517.1604128,-530.5283302,-543.8962477,-557.2641651,-570.6320826,-584,-597.3679174,-610.7358349,-624.1037523,-637.4716698,-650.8395872,-664.2075047,-677.5754221,-690.9433396
11970,228.9439024,37.6097561,6.707317073,-15.36585366,-28.6097561,-33.02439024,-59.51219512,-77.17073171,-94.82926829,-112.4878049,-130.1463415,-147.804878,-165.4634146,-183.1219512,-196.5012195,-209.8804878,-223.2597561,-236.6390244,-250.0182927,-263.397561,-276.7768293,-290.1560976,-303.5353659,-316.9146341,-330.2939024,-343.6731707,-357.052439,-370.4317073,-383.8109756,-397.1902439,-410.5695122,-423.9487805,-437.3280488,-450.7073171,-464.0865854,-477.4658537,-490.845122,-504.2243902,-517.6036585,-530.9829268,-544.3621951,-557.7414634,-571.1207317,-584.5,-597.8792683,-611.2585366,-624.6378049,-638.0170732,-651.3963415,-664.7756098,-678.154878,-691.5341463
11980,229.1359287,37.63789869,6.709193246,-15.38273921,-28.63789869,-33.05628518,-59.56660413,-77.24015009,-94.91369606,-112.587242,-130.260788,-147.934334,-165.6078799,-183.2814259,-196.672045,-210.0626642,-223.4532833,-236.8439024,-250.2345216,-263.6251407,-277.0157598,-290.406379,-303.7969981,-317.1876173,-330.5782364,-343.9688555,-357.3594747,-370.7500938,-384.1407129,-397.5313321,-410.9219512,-424.3125704,-437.7031895,-451.0938086,-464.4844278,-477.8750469,-491.265666,-504.6562852,-518.0469043,-531.4375235,-544.8281426,-558.2187617,-571.6093809,-585,-598.3906191,-611.7812383,-625.1718574,-638.5624765,-651.9530957,-665.3437148,-678.734334,-692.1249531
11990,229.327955,37.66604128,6.711069418,-15.39962477,-28.66604128,-33.08818011,-59.62101313,-77.30956848,-94.99812383,-112.6866792,-130.3752345,-148.0637899,-165.7523452,-183.4409006,-196.8428705,-210.2448405,-223.6468105,-237.0487805,-250.4507505,-263.8527205,-277.2546904,-290.6566604,-304.0586304,-317.4606004,-330.8625704,-344.2645403,-357.6665103,-371.0684803,-384.4704503,-397.8724203,-411.2743902,-424.6763602,-438.0783302,-451.4803002,-464.8822702,-478.2842402,-491.6862101,-505.0881801,-518.4901501,-531.8921201,-545.2940901,-558.69606,-572.09803,-585.5,-598.90197,-612.30394,-625.7059099,-639.1078799,-652.5098499,-665.9118199,-679.3137899,-692.7157598
12000,229.5199812,37.69418386,6.712945591,-15.41651032,-28.69418386,-33.12007505,-59.67542214,-77.37898687,-95.08255159,-112.7861163,-130.4896811,-148.1932458,-165.8968105,-183.6003752,-197.0136961,-210.4270169,-223.8403377,-237.2536585,-250.6669794,-264.0803002,-277.493621,-290.9069418,-304.3202627,-317.7335835,-331.1469043,-344.5602251,-357.973546,-371.3868668,-384.8001876,-398.2135084,-411.6268293,-425.0401501,-438.4534709,-451.8667917,-465.2801126,-478.6934334,-492.1067542,-505.520075,-518.9333959,-532.3467167,-545.7600375,-559.1733583,-572.5866792,-586,-599.4133208,-612.8266417,-626.2399625,-639.6532833,-653.0666041,-666.479925,-679.8932458,-693.3065666
12010,229.7120075,37.72232645,6.714821764,-15.43339587,-28.72232645,-33.15196998,-59.72983114,-77.44840525,-95.16697936,-112.8855535,-130.6041276,-148.3227017,-166.0412758,-183.7598499,-197.1845216,-210.6091932,-224.0338649,-237.4585366,-250.8832083,-264.3078799,-277.7325516,-291.1572233,-304.5818949,-318.0065666,-331.4312383,-344.8559099,-358.2805816,-371.7052533,-385.129925,-398.5545966,-411.9792683,-425.40394,-438.8286116,-452.2532833,-465.677955,-479.1026266,-492.5272983,-505.95197,-519.3766417,-532.8013133,-546.225985,-559.6506567,-573.0753283,-586.5,-599.9246717,-613.3493433,-626.774015,-640.1986867,-653.6233583,-667.04803,-680.4727017,-693.8973734
12020,229.9040338,37.75046904,6.716697936,-15.45028143,-28.75046904,-33.18386492,-59.78424015,-77.51782364,-95.25140713,-112.9849906,-130.7185741,-148.4521576,-166.1857411,-183.9193246,-197.3553471,-210.7913696,-224.2273921,-237.6634146,-251.0994371,-264.5354597,-277.9714822,-291.4075047,-304.8435272,-318.2795497,-331.7155722,-345.1515947,-358.5876173,-372.0236398,-385.4596623,-398.8956848,-412.3317073,-425.7677298,-439.2037523,-452.6397749,-466.0757974,-479.5118199,-492.9478424,-506.3838649,-519.8198874,-533.2559099,-546.6919325,-560.127955,-573.5639775,-587,-600.4360225,-613.872045,-627.3080675,-640.7440901,-654.1801126,-667.6161351,-681.0521576,-694.4881801
12030,230.09606,37.77861163,6.718574109,-15.46716698,-28.77861163,-33.21575985,-59.83864916,-77.58724203,-95.3358349,-113.0844278,-130.8330206,-148.5816135,-166.3302064,-184.0787992,-197.5261726,-210.973546,-224.4209193,-237.8682927,-251.315666,-264.7630394,-278.2104128,-291.6577861,-305.1051595,-318.5525328,-331.9999062,-345.4472795,-358.8946529,-372.3420263,-385.7893996,-399.236773,-412.6841463,-426.1315197,-439.5788931,-453.0262664,-466.4736398,-479.9210131,-493.3683865,-506.8157598,-520.2631332,-533.7105066,-547.1578799,-560.6052533,-574.0526266,-587.5,-600.9473734,-614.3947467,-627.8421201,-641.2894934,-654.7368668,-668.1842402,-681.6316135,-695.0789869
12040,230.2880863,37.80675422,6.720450281,-15.48405253,-28.80675422,-33.24765478,-59.89305816,-77.65666041,-95.42026266,-113.1838649,-130.9474672,-148.7110694,-166.4746717,-184.2382739,-197.6969981,-211.1557223,-224.6144465,-238.0731707,-251.5318949,-264.9906191,-278.4493433,-291.9080675,-305.3667917,-318.8255159,-332.2842402,-345.7429644,-359.2016886,-372.6604128,-386.119137,-399.5778612,-413.0365854,-426.4953096,-439.9540338,-453.412758,-466.8714822,-480.3302064,-493.7889306,-507.2476548,-520.706379,-534.1651032,-547.6238274,-561.0825516,-574.5412758,-588,-601.4587242,-614.9174484,-628.3761726,-641.8348968,-655.293621,-668.7523452,-682.2110694,-695.6697936
12050,230.4801126,37.83489681,6.722326454,-15.50093809,-28.83489681,-33.27954972,-59.94746717,-77.7260788,-95.50469043,-113.2833021,-131.0619137,-148.8405253,-166.619137,-184.3977486,-197.8678236,-211.3378987,-224.8079737,-238.2780488,-251.7481238,-265.2181989,-278.6882739,-292.158349,-305.628424,-319.0984991,-332.5685741,-346.0386492,-359.5087242,-372.9787992,-386.4488743,-399.9189493,-413.3890244,-426.8590994,-440.3291745,-453.7992495,-467.2693246,-480.7393996,-494.2094747,-507.6795497,-521.1496248,-534.6196998,-548.0897749,-561.5598499,-575.029925,-588.5,-601.970075,-615.4401501,-628.9102251,-642.3803002,-655.8503752,-669.3204503,-682.7905253,-696.2606004
12060,230.6721388,37.8630394,6.724202627,-15.51782364,-28.8630394,-33.31144465,-60.00187617,-77.79549719,-95.5891182,-113.3827392,-131.1763602,-148.9699812,-166.7636023,-184.5572233,-198.0386492,-211.520075,-225.0015009,-238.4829268,-251.9643527,-265.4457786,-278.9272045,-292.4086304,-305.8900563,-319.3714822,-332.8529081,-346.334334,-359.8157598,-373.2971857,-386.7786116,-400.2600375,-413.7414634,-427.2228893,-440.7043152,-454.1857411,-467.667167,-481.1485929,-494.6300188,-508.1114447,-521.5928705,-535.0742964,-548.5557223,-562.0371482,-575.5185741,-589,-602.4814259,-615.9628518,-629.4442777,-642.9257036,-656.4071295,-669.8885553,-683.3699812,-696.8514071
12070,230.8641651,37.89118199,6.726078799,-15.53470919,-28.89118199,-33.34333959,-60.05628518,-77.86491557,-95.67354597,-113.4821764,-131.2908068,-149.0994371,-166.9080675,-184.7166979,-198.2094747,-211.7022514,-225.1950281,-238.6878049,-252.1805816,-265.6733583,-279.1661351,-292.6589118,-306.1516886,-319.6444653,-333.137242,-346.6300188,-360.1227955,-373.6155722,-387.108349,-400.6011257,-414.0939024,-427.5866792,-441.0794559,-454.5722326,-468.0650094,-481.5577861,-495.0505629,-508.5433396,-522.0361163,-535.5288931,-549.0216698,-562.5144465,-576.0072233,-589.5,-602.9927767,-616.4855535,-629.9783302,-643.4711069,-656.9638837,-670.4566604,-683.9494371,-697.4422139
12080,231.0561914,37.91932458,6.727954972,-15.55159475,-28.91932458,-33.37523452,-60.11069418,-77.93433396,-95.75797373,-113.5816135,-131.4052533,-149.2288931,-167.0525328,-184.8761726,-198.3803002,-211.8844278,-225.3885553,-238.8926829,-252.3968105,-265.9009381,-279.4050657,-292.9091932,-306.4133208,-319.9174484,-333.421576,-346.9257036,-360.4298311,-373.9339587,-387.4380863,-400.9422139,-414.4463415,-427.950469,-441.4545966,-454.9587242,-468.4628518,-481.9669794,-495.4711069,-508.9752345,-522.4793621,-535.9834897,-549.4876173,-562.9917448,-576.4958724,-590,-603.5041276,-617.0082552,-630.5123827,-644.0165103,-657.5206379,-671.0247655,-684.5288931,-698.0330206
12090,231.2482176,37.94746717,6.729831144,-15.5684803,-28.94746717,-33.40712946,-60.16510319,-78.00375235,-95.8424015,-113.6810507,-131.5196998,-149.358349,-167.1969981,-185.0356473,-198.5511257,-212.0666041,-225.5820826,-239.097561,-252.6130394,-266.1285178,-279.6439962,-293.1594747,-306.6749531,-320.1904315,-333.7059099,-347.2213884,-360.7368668,-374.2523452,-387.7678236,-401.2833021,-414.7987805,-428.3142589,-441.8297373,-455.3452158,-468.8606942,-482.3761726,-495.891651,-509.4071295,-522.9226079,-536.4380863,-549.9535647,-563.4690432,-576.9845216,-590.5,-604.0154784,-617.5309568,-631.0464353,-644.5619137,-658.0773921,-671.5928705,-685.108349,-698.6238274
12100,231.4402439,37.97560976,6.731707317,-15.58536585,-28.97560976,-33.43902439,-60.2195122,-78.07317073,-95.92682927,-113.7804878,-131.6341463,-149.4878049,-167.3414634,-185.195122,-198.7219512,-212.2487805,-225.7756098,-239.302439,-252.8292683,-266.3560976,-279.8829268,-293.4097561,-306.9365854,-320.4634146,-333.9902439,-347.5170732,-361.0439024,-374.5707317,-388.097561,-401.6243902,-415.1512195,-428.6780488,-442.204878,-455.7317073,-469.2585366,-482.7853659,-496.3121951,-509.8390244,-523.3658537,-536.8926829,-550.4195122,-563.9463415,-577.4731707,-591,-604.5268293,-618.0536585,-631.5804878,-645.1073171,-658.6341463,-672.1609756,-685.6878049,-699.2146341
12110,231.6322702,38.00375235,6.73358349,-15.60225141,-29.00375235,-33.47091932,-60.2739212,-78.14258912,-96.01125704,-113.879925,-131.7485929,-149.6172608,-167.4859287,-185.3545966,-198.8927767,-212.4309568,-225.969137,-239.5073171,-253.0454972,-266.5836773,-280.1218574,-293.6600375,-307.1982176,-320.7363977,-334.2745779,-347.812758,-361.3509381,-374.8891182,-388.4272983,-401.9654784,-415.5036585,-429.0418386,-442.5800188,-456.1181989,-469.656379,-483.1945591,-496.7327392,-510.2709193,-523.8090994,-537.3472795,-550.8854597,-564.4236398,-577.9618199,-591.5,-605.0381801,-618.5763602,-632.1145403,-645.6527205,-659.1909006,-672.7290807,-686.2672608,-699.8054409
12120,231.8242964,38.03189493,6.735459662,-15.61913696,-29.03189493,-33.50281426,-60.32833021,-78.2120075,-96.0956848,-113.9793621,-131.8630394,-149.7467167,-167.630394,-185.5140713,-199.0636023,-212.6131332,-226.1626642,-239.7121951,-253.2617261,-266.811257,-280.360788,-293.9103189,-307.4598499,-321.0093809,-334.5589118,-348.1084428,-361.6579737,-375.2075047,-388.7570356,-402.3065666,-415.8560976,-429.4056285,-442.9551595,-456.5046904,-470.0542214,-483.6037523,-497.1532833,-510.7028143,-524.2523452,-537.8018762,-551.3514071,-564.9009381,-578.450469,-592,-605.549531,-619.0990619,-632.6485929,-646.1981238,-659.7476548,-673.2971857,-686.8467167,-700.3962477
12130,232.0163227,38.06003752,6.737335835,-15.63602251,-29.06003752,-33.53470919,-60.38273921,-78.28142589,-96.18011257,-114.0787992,-131.9774859,-149.8761726,-167.7748593,-185.673546,-199.2344278,-212.7953096,-226.3561914,-239.9170732,-253.477955,-267.0388368,-280.5997186,-294.1606004,-307.7214822,-321.282364,-334.8432458,-348.4041276,-361.9650094,-375.5258912,-389.086773,-402.6476548,-416.2085366,-429.7694184,-443.3303002,-456.891182,-470.4520638,-484.0129456,-497.5738274,-511.1347092,-524.695591,-538.2564728,-551.8173546,-565.3782364,-578.9391182,-592.5,-606.0608818,-619.6217636,-633.1826454,-646.7435272,-660.304409,-673.8652908,-687.4261726,-700.9870544
12140,232.208349,38.08818011,6.739212008,-15.65290807,-29.08818011,-33.56660413,-60.43714822,-78.35084428,-96.26454034,-114.1782364,-132.0919325,-150.0056285,-167.9193246,-185.8330206,-199.4052533,-212.9774859,-226.5497186,-240.1219512,-253.6941839,-267.2664165,-280.8386492,-294.4108818,-307.9831144,-321.5553471,-335.1275797,-348.6998124,-362.272045,-375.8442777,-389.4165103,-402.988743,-416.5609756,-430.1332083,-443.7054409,-457.2776735,-470.8499062,-484.4221388,-497.9943715,-511.5666041,-525.1388368,-538.7110694,-552.2833021,-565.8555347,-579.4277674,-593,-606.5722326,-620.1444653,-633.7166979,-647.2889306,-660.8611632,-674.4333959,-688.0056285,-701.5778612
12150,232.4003752,38.1163227,6.74108818,-15.66979362,-29.1163227,-33.59849906,-60.49155722,-78.42026266,-96.34896811,-114.2776735,-132.206379,-150.1350844,-168.0637899,-185.9924953,-199.5760788,-213.1596623,-226.7432458,-240.3268293,-253.9104128,-267.4939962,-281.0775797,-294.6611632,-308.2447467,-321.8283302,-335.4119137,-348.9954972,-362.5790807,-376.1626642,-389.7462477,-403.3298311,-416.9134146,-430.4969981,-444.0805816,-457.6641651,-471.2477486,-484.8313321,-498.4149156,-511.9984991,-525.5820826,-539.165666,-552.7492495,-566.332833,-579.9164165,-593.5,-607.0835835,-620.667167,-634.2507505,-647.834334,-661.4179174,-675.0015009,-688.5850844,-702.1686679
12160,232.5924015,38.14446529,6.742964353,-15.68667917,-29.14446529,-33.630394,-60.54596623,-78.48968105,-96.43339587,-114.3771107,-132.3208255,-150.2645403,-168.2082552,-186.15197,-199.7469043,-213.3418386,-226.936773,-240.5317073,-254.1266417,-267.721576,-281.3165103,-294.9114447,-308.506379,-322.1013133,-335.6962477,-349.291182,-362.8861163,-376.4810507,-390.075985,-403.6709193,-417.2658537,-430.860788,-444.4557223,-458.0506567,-471.645591,-485.2405253,-498.8354597,-512.430394,-526.0253283,-539.6202627,-553.215197,-566.8101313,-580.4050657,-594,-607.5949343,-621.1898687,-634.784803,-648.3797373,-661.9746717,-675.569606,-689.1645403,-702.7594747
12170,232.7844278,38.17260788,6.744840525,-15.70356473,-29.17260788,-33.66228893,-60.60037523,-78.55909944,-96.51782364,-114.4765478,-132.435272,-150.3939962,-168.3527205,-186.3114447,-199.9177298,-213.524015,-227.1303002,-240.7365854,-254.3428705,-267.9491557,-281.5554409,-295.1617261,-308.7680113,-322.3742964,-335.9805816,-349.5868668,-363.193152,-376.7994371,-390.4057223,-404.0120075,-417.6182927,-431.2245779,-444.830863,-458.4371482,-472.0434334,-485.6497186,-499.2560038,-512.8622889,-526.4685741,-540.0748593,-553.6811445,-567.2874296,-580.8937148,-594.5,-608.1062852,-621.7125704,-635.3188555,-648.9251407,-662.5314259,-676.1377111,-689.7439962,-703.3502814
12180,232.976454,38.20075047,6.746716698,-15.72045028,-29.20075047,-33.69418386,-60.65478424,-78.62851782,-96.60225141,-114.575985,-132.5497186,-150.5234522,-168.4971857,-186.4709193,-200.0885553,-213.7061914,-227.3238274,-240.9414634,-254.5590994,-268.1767355,-281.7943715,-295.4120075,-309.0296435,-322.6472795,-336.2649156,-349.8825516,-363.5001876,-377.1178236,-390.7354597,-404.3530957,-417.9707317,-431.5883677,-445.2060038,-458.8236398,-472.4412758,-486.0589118,-499.6765478,-513.2941839,-526.9118199,-540.5294559,-554.1470919,-567.764728,-581.382364,-595,-608.617636,-622.235272,-635.8529081,-649.4705441,-663.0881801,-676.7058161,-690.3234522,-703.9410882
12190,233.1684803,38.22889306,6.748592871,-15.73733583,-29.22889306,-33.7260788,-60.70919325,-78.69793621,-96.68667917,-114.6754221,-132.6641651,-150.6529081,-168.641651,-186.630394,-200.2593809,-213.8883677,-227.5173546,-241.1463415,-254.7753283,-268.4043152,-282.0333021,-295.6622889,-309.2912758,-322.9202627,-336.5492495,-350.1782364,-363.8072233,-377.4362101,-391.065197,-404.6941839,-418.3231707,-431.9521576,-445.5811445,-459.2101313,-472.8391182,-486.4681051,-500.0970919,-513.7260788,-527.3550657,-540.9840525,-554.6130394,-568.2420263,-581.8710131,-595.5,-609.1289869,-622.7579737,-636.3869606,-650.0159475,-663.6449343,-677.2739212,-690.9029081,-704.5318949
12200,233.3605066,38.25703565,6.750469043,-15.75422139,-29.25703565,-33.75797373,-60.76360225,-78.7673546,-96.77110694,-114.7748593,-132.7786116,-150.782364,-168.7861163,-186.7898687,-200.4302064,-214.0705441,-227.7108818,-241.3512195,-254.9915572,-268.6318949,-282.2722326,-295.9125704,-309.5529081,-323.1932458,-336.8335835,-350.4739212,-364.1142589,-377.7545966,-391.3949343,-405.035272,-418.6756098,-432.3159475,-445.9562852,-459.5966229,-473.2369606,-486.8772983,-500.517636,-514.1579737,-527.7983114,-541.4386492,-555.0789869,-568.7193246,-582.3596623,-596,-609.6403377,-623.2806754,-636.9210131,-650.5613508,-664.2016886,-677.8420263,-691.482364,-705.1227017
12210,233.5525328,38.28517824,6.752345216,-15.77110694,-29.28517824,-33.78986867,-60.81801126,-78.83677298,-96.85553471,-114.8742964,-132.8930582,-150.9118199,-168.9305816,-186.9493433,-200.6010319,-214.2527205,-227.904409,-241.5560976,-255.2077861,-268.8594747,-282.5111632,-296.1628518,-309.8145403,-323.4662289,-337.1179174,-350.769606,-364.4212946,-378.0729831,-391.7246717,-405.3763602,-419.0280488,-432.6797373,-446.3314259,-459.9831144,-473.634803,-487.2864916,-500.9381801,-514.5898687,-528.2415572,-541.8932458,-555.5449343,-569.1966229,-582.8483114,-596.5,-610.1516886,-623.8033771,-637.4550657,-651.1067542,-664.7584428,-678.4101313,-692.0618199,-705.7135084
12220,233.7445591,38.31332083,6.754221388,-15.7879925,-29.31332083,-33.8217636,-60.87242026,-78.90619137,-96.93996248,-114.9737336,-133.0075047,-151.0412758,-169.0750469,-187.108818,-200.7718574,-214.4348968,-228.0979362,-241.7609756,-255.424015,-269.0870544,-282.7500938,-296.4131332,-310.0761726,-323.739212,-337.4022514,-351.0652908,-364.7283302,-378.3913696,-392.054409,-405.7174484,-419.3804878,-433.0435272,-446.7065666,-460.369606,-474.0326454,-487.6956848,-501.3587242,-515.0217636,-528.684803,-542.3478424,-556.0108818,-569.6739212,-583.3369606,-597,-610.6630394,-624.3260788,-637.9891182,-651.6521576,-665.315197,-678.9782364,-692.6412758,-706.3043152
12230,233.9365854,38.34146341,6.756097561,-15.80487805,-29.34146341,-33.85365854,-60.92682927,-78.97560976,-97.02439024,-115.0731707,-133.1219512,-151.1707317,-169.2195122,-187.2682927,-200.9426829,-214.6170732,-228.2914634,-241.9658537,-255.6402439,-269.3146341,-282.9890244,-296.6634146,-310.3378049,-324.0121951,-337.6865854,-351.3609756,-365.0353659,-378.7097561,-392.3841463,-406.0585366,-419.7329268,-433.4073171,-447.0817073,-460.7560976,-474.4304878,-488.104878,-501.7792683,-515.4536585,-529.1280488,-542.802439,-556.4768293,-570.1512195,-583.8256098,-597.5,-611.1743902,-624.8487805,-638.5231707,-652.197561,-665.8719512,-679.5463415,-693.2207317,-706.895122
12240,234.1286116,38.369606,6.757973734,-15.8217636,-29.369606,-33.88555347,-60.98123827,-79.04502814,-97.10881801,-115.1726079,-133.2363977,-151.3001876,-169.3639775,-187.4277674,-201.1135084,-214.7992495,-228.4849906,-242.1707317,-255.8564728,-269.5422139,-283.227955,-296.9136961,-310.5994371,-324.2851782,-337.9709193,-351.6566604,-365.3424015,-379.0281426,-392.7138837,-406.3996248,-420.0853659,-433.7711069,-447.456848,-461.1425891,-474.8283302,-488.5140713,-502.1998124,-515.8855535,-529.5712946,-543.2570356,-556.9427767,-570.6285178,-584.3142589,-598,-611.6857411,-625.3714822,-639.0572233,-652.7429644,-666.4287054,-680.1144465,-693.8001876,-707.4859287
12250,234.3206379,38.39774859,6.759849906,-15.83864916,-29.39774859,-33.91744841,-61.03564728,-79.11444653,-97.19324578,-115.272045,-133.3508443,-151.4296435,-169.5084428,-187.587242,-201.284334,-214.9814259,-228.6785178,-242.3756098,-256.0727017,-269.7697936,-283.4668856,-297.1639775,-310.8610694,-324.5581614,-338.2552533,-351.9523452,-365.6494371,-379.3465291,-393.043621,-406.7407129,-420.4378049,-434.1348968,-447.8319887,-461.5290807,-475.2261726,-488.9232645,-502.6203565,-516.3174484,-530.0145403,-543.7116323,-557.4087242,-571.1058161,-584.8029081,-598.5,-612.1970919,-625.8941839,-639.5912758,-653.2883677,-666.9854597,-680.6825516,-694.3796435,-708.0767355
12260,234.5126642,38.42589118,6.761726079,-15.85553471,-29.42589118,-33.94934334,-61.09005629,-79.18386492,-97.27767355,-115.3714822,-133.4652908,-151.5590994,-169.6529081,-187.7467167,-201.4551595,-215.1636023,-228.872045,-242.5804878,-256.2889306,-269.9973734,-283.7058161,-297.4142589,-311.1227017,-324.8311445,-338.5395872,-352.24803,-365.9564728,-379.6649156,-393.3733583,-407.0818011,-420.7902439,-434.4986867,-448.2071295,-461.9155722,-475.624015,-489.3324578,-503.0409006,-516.7493433,-530.4577861,-544.1662289,-557.8746717,-571.5831144,-585.2915572,-599,-612.7084428,-626.4168856,-640.1253283,-653.8337711,-667.5422139,-681.2506567,-694.9590994,-708.6675422
12270,234.7046904,38.45403377,6.763602251,-15.87242026,-29.45403377,-33.98123827,-61.14446529,-79.2532833,-97.36210131,-115.4709193,-133.5797373,-151.6885553,-169.7973734,-187.9061914,-201.625985,-215.3457786,-229.0655722,-242.7853659,-256.5051595,-270.2249531,-283.9447467,-297.6645403,-311.384334,-325.1041276,-338.8239212,-352.5437148,-366.2635084,-379.9833021,-393.7030957,-407.4228893,-421.1426829,-434.8624765,-448.5822702,-462.3020638,-476.0218574,-489.741651,-503.4614447,-517.1812383,-530.9010319,-544.6208255,-558.3406191,-572.0604128,-585.7802064,-599.5,-613.2197936,-626.9395872,-640.6593809,-654.3791745,-668.0989681,-681.8187617,-695.5385553,-709.258349
12280,234.8967167,38.48217636,6.765478424,-15.88930582,-29.48217636,-34.01313321,-61.1988743,-79.32270169,-97.44652908,-115.5703565,-133.6941839,-151.8180113,-169.9418386,-188.065666,-201.7968105,-215.527955,-229.2590994,-242.9902439,-256.7213884,-270.4525328,-284.1836773,-297.9148218,-311.6459662,-325.3771107,-339.1082552,-352.8393996,-366.5705441,-380.3016886,-394.032833,-407.7639775,-421.495122,-435.2262664,-448.9574109,-462.6885553,-476.4196998,-490.1508443,-503.8819887,-517.6131332,-531.3442777,-545.0754221,-558.8065666,-572.5377111,-586.2688555,-600,-613.7311445,-627.4622889,-641.1934334,-654.9245779,-668.6557223,-682.3868668,-696.1180113,-709.8491557
12290,235.088743,38.51031895,6.767354597,-15.90619137,-29.51031895,-34.04502814,-61.2532833,-79.39212008,-97.53095685,-115.6697936,-133.8086304,-151.9474672,-170.0863039,-188.2251407,-201.967636,-215.7101313,-229.4526266,-243.195122,-256.9376173,-270.6801126,-284.4226079,-298.1651032,-311.9075985,-325.6500938,-339.3925891,-353.1350844,-366.8775797,-380.620075,-394.3625704,-408.1050657,-421.847561,-435.5900563,-449.3325516,-463.0750469,-476.8175422,-490.5600375,-504.3025328,-518.0450281,-531.7875235,-545.5300188,-559.2725141,-573.0150094,-586.7575047,-600.5,-614.2424953,-627.9849906,-641.7274859,-655.4699812,-669.2124765,-682.9549719,-696.6974672,-710.4399625
12300,235.2807692,38.53846154,6.769230769,-15.92307692,-29.53846154,-34.07692308,-61.30769231,-79.46153846,-97.61538462,-115.7692308,-133.9230769,-152.0769231,-170.2307692,-188.3846154,-202.1384615,-215.8923077,-229.6461538,-243.4,-257.1538462,-270.9076923,-284.6615385,-298.4153846,-312.1692308,-325.9230769,-339.6769231,-353.4307692,-367.1846154,-380.9384615,-394.6923077,-408.4461538,-422.2,-435.9538462,-449.7076923,-463.4615385,-477.2153846,-490.9692308,-504.7230769,-518.4769231,-532.2307692,-545.9846154,-559.7384615,-573.4923077,-587.2461538,-601,-614.7538462,-628.5076923,-642.2615385,-656.0153846,-669.7692308,-683.5230769,-697.2769231,-711.0307692
12310,235.4727955,38.56660413,6.771106942,-15.93996248,-29.56660413,-34.10881801,-61.36210131,-79.53095685,-97.69981238,-115.8686679,-134.0375235,-152.206379,-170.3752345,-188.5440901,-202.3092871,-216.0744841,-229.8396811,-243.604878,-257.370075,-271.135272,-284.900469,-298.665666,-312.430863,-326.19606,-339.961257,-353.726454,-367.491651,-381.256848,-395.022045,-408.787242,-422.552439,-436.317636,-450.082833,-463.84803,-477.613227,-491.378424,-505.143621,-518.908818,-532.674015,-546.439212,-560.204409,-573.969606,-587.734803,-601.5,-615.265197,-629.030394,-642.795591,-656.560788,-670.325985,-684.091182,-697.856379,-711.621576
12320,235.6648218,38.59474672,6.772983114,-15.95684803,-29.59474672,-34.14071295,-61.41651032,-79.60037523,-97.78424015,-115.9681051,-134.15197,-152.3358349,-170.5196998,-188.7035647,-202.4801126,-216.2566604,-230.0332083,-243.8097561,-257.5863039,-271.3628518,-285.1393996,-298.9159475,-312.6924953,-326.4690432,-340.245591,-354.0221388,-367.7986867,-381.5752345,-395.3517824,-409.1283302,-422.904878,-436.6814259,-450.4579737,-464.2345216,-478.0110694,-491.7876173,-505.5641651,-519.3407129,-533.1172608,-546.8938086,-560.6703565,-574.4469043,-588.2234522,-602,-615.7765478,-629.5530957,-643.3296435,-657.1061914,-670.8827392,-684.6592871,-698.4358349,-712.2123827
12330,235.856848,38.62288931,6.774859287,-15.97373358,-29.62288931,-34.17260788,-61.47091932,-79.66979362,-97.86866792,-116.0675422,-134.2664165,-152.4652908,-170.6641651,-188.8630394,-202.6509381,-216.4388368,-230.2267355,-244.0146341,-257.8025328,-271.5904315,-285.3783302,-299.1662289,-312.9541276,-326.7420263,-340.529925,-354.3178236,-368.1057223,-381.893621,-395.6815197,-409.4694184,-423.2573171,-437.0452158,-450.8331144,-464.6210131,-478.4089118,-492.1968105,-505.9847092,-519.7726079,-533.5605066,-547.3484053,-561.1363039,-574.9242026,-588.7121013,-602.5,-616.2878987,-630.0757974,-643.8636961,-657.6515947,-671.4394934,-685.2273921,-699.0152908,-712.8031895
12340,236.0488743,38.65103189,6.77673546,-15.99061914,-29.65103189,-34.20450281,-61.52532833,-79.73921201,-97.95309568,-116.1669794,-134.380863,-152.5947467,-170.8086304,-189.0225141,-202.8217636,-216.6210131,-230.4202627,-244.2195122,-258.0187617,-271.8180113,-285.6172608,-299.4165103,-313.2157598,-327.0150094,-340.8142589,-354.6135084,-368.412758,-382.2120075,-396.011257,-409.8105066,-423.6097561,-437.4090056,-451.2082552,-465.0075047,-478.8067542,-492.6060038,-506.4052533,-520.2045028,-534.0037523,-547.8030019,-561.6022514,-575.4015009,-589.2007505,-603,-616.7992495,-630.5984991,-644.3977486,-658.1969981,-671.9962477,-685.7954972,-699.5947467,-713.3939962
12350,236.2409006,38.67917448,6.778611632,-16.00750469,-29.67917448,-34.23639775,-61.57973734,-79.80863039,-98.03752345,-116.2664165,-134.4953096,-152.7242026,-170.9530957,-189.1819887,-202.9925891,-216.8031895,-230.6137899,-244.4243902,-258.2349906,-272.045591,-285.8561914,-299.6667917,-313.4773921,-327.2879925,-341.0985929,-354.9091932,-368.7197936,-382.530394,-396.3409944,-410.1515947,-423.9621951,-437.7727955,-451.5833959,-465.3939962,-479.2045966,-493.015197,-506.8257974,-520.6363977,-534.4469981,-548.2575985,-562.0681989,-575.8787992,-589.6893996,-603.5,-617.3106004,-631.1212008,-644.9318011,-658.7424015,-672.5530019,-686.3636023,-700.1742026,-713.984803
12360,236.4329268,38.70731707,6.780487805,-16.02439024,-29.70731707,-34.26829268,-61.63414634,-79.87804878,-98.12195122,-116.3658537,-134.6097561,-152.8536585,-171.097561,-189.3414634,-203.1634146,-216.9853659,-230.8073171,-244.6292683,-258.4512195,-272.2731707,-286.095122,-299.9170732,-313.7390244,-327.5609756,-341.3829268,-355.204878,-369.0268293,-382.8487805,-396.6707317,-410.4926829,-424.3146341,-438.1365854,-451.9585366,-465.7804878,-479.602439,-493.4243902,-507.2463415,-521.0682927,-534.8902439,-548.7121951,-562.5341463,-576.3560976,-590.1780488,-604,-617.8219512,-631.6439024,-645.4658537,-659.2878049,-673.1097561,-686.9317073,-700.7536585,-714.5756098
12370,236.6249531,38.73545966,6.782363977,-16.0412758,-29.73545966,-34.30018762,-61.68855535,-79.94746717,-98.20637899,-116.4652908,-134.7242026,-152.9831144,-171.2420263,-189.5009381,-203.3342402,-217.1675422,-231.0008443,-244.8341463,-258.6674484,-272.5007505,-286.3340525,-300.1673546,-314.0006567,-327.8339587,-341.6672608,-355.5005629,-369.3338649,-383.167167,-397.000469,-410.8337711,-424.6670732,-438.5003752,-452.3336773,-466.1669794,-480.0002814,-493.8335835,-507.6668856,-521.5001876,-535.3334897,-549.1667917,-563.0000938,-576.8333959,-590.6666979,-604.5,-618.3333021,-632.1666041,-645.9999062,-659.8332083,-673.6665103,-687.4998124,-701.3331144,-715.1664165
12380,236.8169794,38.76360225,6.78424015,-16.05816135,-29.76360225,-34.33208255,-61.74296435,-80.01688555,-98.29080675,-116.564728,-134.8386492,-153.1125704,-171.3864916,-189.6604128,-203.5050657,-217.3497186,-231.1943715,-245.0390244,-258.8836773,-272.7283302,-286.5729831,-300.417636,-314.2622889,-328.1069418,-341.9515947,-355.7962477,-369.6409006,-383.4855535,-397.3302064,-411.1748593,-425.0195122,-438.8641651,-452.708818,-466.5534709,-480.3981238,-494.2427767,-508.0874296,-521.9320826,-535.7767355,-549.6213884,-563.4660413,-577.3106942,-591.1553471,-605,-618.8446529,-632.6893058,-646.5339587,-660.3786116,-674.2232645,-688.0679174,-701.9125704,-715.7572233
12390,237.0090056,38.79174484,6.786116323,-16.0750469,-29.79174484,-34.36397749,-61.79737336,-80.08630394,-98.37523452,-116.6641651,-134.9530957,-153.2420263,-171.5309568,-189.8198874,-203.6758912,-217.5318949,-231.3878987,-245.2439024,-259.0999062,-272.9559099,-286.8119137,-300.6679174,-314.5239212,-328.379925,-342.2359287,-356.0919325,-369.9479362,-383.80394,-397.6599437,-411.5159475,-425.3719512,-439.227955,-453.0839587,-466.9399625,-480.7959662,-494.65197,-508.5079737,-522.3639775,-536.2199812,-550.075985,-563.9319887,-577.7879925,-591.6439962,-605.5,-619.3560038,-633.2120075,-647.0680113,-660.924015,-674.7800188,-688.6360225,-702.4920263,-716.34803
12400,237.2010319,38.81988743,6.787992495,-16.09193246,-29.81988743,-34.39587242,-61.85178236,-80.15572233,-98.45966229,-116.7636023,-135.0675422,-153.3714822,-171.6754221,-189.9793621,-203.8467167,-217.7140713,-231.5814259,-245.4487805,-259.3161351,-273.1834897,-287.0508443,-300.9181989,-314.7855535,-328.6529081,-342.5202627,-356.3876173,-370.2549719,-384.1223265,-397.9896811,-411.8570356,-425.7243902,-439.5917448,-453.4590994,-467.326454,-481.1938086,-495.0611632,-508.9285178,-522.7958724,-536.663227,-550.5305816,-564.3979362,-578.2652908,-592.1326454,-606,-619.8673546,-633.7347092,-647.6020638,-661.4694184,-675.336773,-689.2041276,-703.0714822,-716.9388368
12410,237.3930582,38.84803002,6.789868668,-16.10881801,-29.84803002,-34.42776735,-61.90619137,-80.22514071,-98.54409006,-116.8630394,-135.1819887,-153.5009381,-171.8198874,-190.1388368,-204.0175422,-217.8962477,-231.7749531,-245.6536585,-259.532364,-273.4110694,-287.2897749,-301.1684803,-315.0471857,-328.9258912,-342.8045966,-356.6833021,-370.5620075,-384.4407129,-398.3194184,-412.1981238,-426.0768293,-439.9555347,-453.8342402,-467.7129456,-481.591651,-495.4703565,-509.3490619,-523.2277674,-537.1064728,-550.9851782,-564.8638837,-578.7425891,-592.6212946,-606.5,-620.3787054,-634.2574109,-648.1361163,-662.0148218,-675.8935272,-689.7722326,-703.6509381,-717.5296435
12420,237.5850844,38.87617261,6.791744841,-16.12570356,-29.87617261,-34.45966229,-61.96060038,-80.2945591,-98.62851782,-116.9624765,-135.2964353,-153.630394,-171.9643527,-190.2983114,-204.1883677,-218.078424,-231.9684803,-245.8585366,-259.7485929,-273.6386492,-287.5287054,-301.4187617,-315.308818,-329.1988743,-343.0889306,-356.9789869,-370.8690432,-384.7590994,-398.6491557,-412.539212,-426.4292683,-440.3193246,-454.2093809,-468.0994371,-481.9894934,-495.8795497,-509.769606,-523.6596623,-537.5497186,-551.4397749,-565.3298311,-579.2198874,-593.1099437,-607,-620.8900563,-634.7801126,-648.6701689,-662.5602251,-676.4502814,-690.3403377,-704.230394,-718.1204503
12430,237.7771107,38.9043152,6.793621013,-16.14258912,-29.9043152,-34.49155722,-62.01500938,-80.36397749,-98.71294559,-117.0619137,-135.4108818,-153.7598499,-172.108818,-190.4577861,-204.3591932,-218.2606004,-232.1620075,-246.0634146,-259.9648218,-273.8662289,-287.767636,-301.6690432,-315.5704503,-329.4718574,-343.3732645,-357.2746717,-371.1760788,-385.0774859,-398.9788931,-412.8803002,-426.7817073,-440.6831144,-454.5845216,-468.4859287,-482.3873358,-496.288743,-510.1901501,-524.0915572,-537.9929644,-551.8943715,-565.7957786,-579.6971857,-593.5985929,-607.5,-621.4014071,-635.3028143,-649.2042214,-663.1056285,-677.0070356,-690.9084428,-704.8098499,-718.711257
12440,237.969137,38.93245779,6.795497186,-16.15947467,-29.93245779,-34.52345216,-62.06941839,-80.43339587,-98.79737336,-117.1613508,-135.5253283,-153.8893058,-172.2532833,-190.6172608,-204.5300188,-218.4427767,-232.3555347,-246.2682927,-260.1810507,-274.0938086,-288.0065666,-301.9193246,-315.8320826,-329.7448405,-343.6575985,-357.5703565,-371.4831144,-385.3958724,-399.3086304,-413.2213884,-427.1341463,-441.0469043,-454.9596623,-468.8724203,-482.7851782,-496.6979362,-510.6106942,-524.5234522,-538.4362101,-552.3489681,-566.2617261,-580.1744841,-594.087242,-608,-621.912758,-635.8255159,-649.7382739,-663.6510319,-677.5637899,-691.4765478,-705.3893058,-719.3020638
12450,238.1611632,38.96060038,6.797373358,-16.17636023,-29.96060038,-34.55534709,-62.12382739,-80.50281426,-98.88180113,-117.260788,-135.6397749,-154.0187617,-172.3977486,-190.7767355,-204.7008443,-218.6249531,-232.5490619,-246.4731707,-260.3972795,-274.3213884,-288.2454972,-302.169606,-316.0937148,-330.0178236,-343.9419325,-357.8660413,-371.7901501,-385.7142589,-399.6383677,-413.5624765,-427.4865854,-441.4106942,-455.334803,-469.2589118,-483.1830206,-497.1071295,-511.0312383,-524.9553471,-538.8794559,-552.8035647,-566.7276735,-580.6517824,-594.5758912,-608.5,-622.4241088,-636.3482176,-650.2723265,-664.1964353,-678.1205441,-692.0446529,-705.9687617,-719.8928705
12460,238.3531895,38.98874296,6.799249531,-16.19324578,-29.98874296,-34.58724203,-62.1782364,-80.57223265,-98.96622889,-117.3602251,-135.7542214,-154.1482176,-172.5422139,-190.9362101,-204.8716698,-218.8071295,-232.7425891,-246.6780488,-260.6135084,-274.5489681,-288.4844278,-302.4198874,-316.3553471,-330.2908068,-344.2262664,-358.1617261,-372.0971857,-386.0326454,-399.9681051,-413.9035647,-427.8390244,-441.7744841,-455.7099437,-469.6454034,-483.580863,-497.5163227,-511.4517824,-525.387242,-539.3227017,-553.2581614,-567.193621,-581.1290807,-595.0645403,-609,-622.9354597,-636.8709193,-650.806379,-664.7418386,-678.6772983,-692.612758,-706.5482176,-720.4836773
12470,238.5452158,39.01688555,6.801125704,-16.21013133,-30.01688555,-34.61913696,-62.2326454,-80.64165103,-99.05065666,-117.4596623,-135.8686679,-154.2776735,-172.6866792,-191.0956848,-205.0424953,-218.9893058,-232.9361163,-246.8829268,-260.8297373,-274.7765478,-288.7233583,-302.6701689,-316.6169794,-330.5637899,-344.5106004,-358.4574109,-372.4042214,-386.3510319,-400.2978424,-414.2446529,-428.1914634,-442.1382739,-456.0850844,-470.0318949,-483.9787054,-497.9255159,-511.8723265,-525.819137,-539.7659475,-553.712758,-567.6595685,-581.606379,-595.5531895,-609.5,-623.4468105,-637.393621,-651.3404315,-665.287242,-679.2340525,-693.180863,-707.1276735,-721.0744841
12480,238.737242,39.04502814,6.803001876,-16.22701689,-30.04502814,-34.65103189,-62.28705441,-80.71106942,-99.13508443,-117.5590994,-135.9831144,-154.4071295,-172.8311445,-191.2551595,-205.2133208,-219.1714822,-233.1296435,-247.0878049,-261.0459662,-275.0041276,-288.9622889,-302.9204503,-316.8786116,-330.836773,-344.7949343,-358.7530957,-372.711257,-386.6694184,-400.6275797,-414.5857411,-428.5439024,-442.5020638,-456.4602251,-470.4183865,-484.3765478,-498.3347092,-512.2928705,-526.2510319,-540.2091932,-554.1673546,-568.1255159,-582.0836773,-596.0418386,-610,-623.9581614,-637.9163227,-651.8744841,-665.8326454,-679.7908068,-693.7489681,-707.7071295,-721.6652908
12490,238.9292683,39.07317073,6.804878049,-16.24390244,-30.07317073,-34.68292683,-62.34146341,-80.7804878,-99.2195122,-117.6585366,-136.097561,-154.5365854,-172.9756098,-191.4146341,-205.3841463,-219.3536585,-233.3231707,-247.2926829,-261.2621951,-275.2317073,-289.2012195,-303.1707317,-317.1402439,-331.1097561,-345.0792683,-359.0487805,-373.0182927,-386.9878049,-400.9573171,-414.9268293,-428.8963415,-442.8658537,-456.8353659,-470.804878,-484.7743902,-498.7439024,-512.7134146,-526.6829268,-540.652439,-554.6219512,-568.5914634,-582.5609756,-596.5304878,-610.5,-624.4695122,-638.4390244,-652.4085366,-666.3780488,-680.347561,-694.3170732,-708.2865854,-722.2560976
12500,239.1212946,39.10131332,6.806754221,-16.26078799,-30.10131332,-34.71482176,-62.39587242,-80.84990619,-99.30393996,-117.7579737,-136.2120075,-154.6660413,-173.120075,-191.5741088,-205.5549719,-219.5358349,-233.5166979,-247.497561,-261.478424,-275.4592871,-289.4401501,-303.4210131,-317.4018762,-331.3827392,-345.3636023,-359.3444653,-373.3253283,-387.3061914,-401.2870544,-415.2679174,-429.2487805,-443.2296435,-457.2105066,-471.1913696,-485.1722326,-499.1530957,-513.1339587,-527.1148218,-541.0956848,-555.0765478,-569.0574109,-583.0382739,-597.019137,-611,-624.980863,-638.9617261,-652.9425891,-666.9234522,-680.9043152,-694.8851782,-708.8660413,-722.8469043
12510,239.3133208,39.12945591,6.808630394,-16.27767355,-30.12945591,-34.7467167,-62.45028143,-80.91932458,-99.38836773,-117.8574109,-136.326454,-154.7954972,-173.2645403,-191.7335835,-205.7257974,-219.7180113,-233.7102251,-247.702439,-261.6946529,-275.6868668,-289.6790807,-303.6712946,-317.6635084,-331.6557223,-345.6479362,-359.6401501,-373.632364,-387.6245779,-401.6167917,-415.6090056,-429.6012195,-443.5934334,-457.5856473,-471.5778612,-485.570075,-499.5622889,-513.5545028,-527.5467167,-541.5389306,-555.5311445,-569.5233583,-583.5155722,-597.5077861,-611.5,-625.4922139,-639.4844278,-653.4766417,-667.4688555,-681.4610694,-695.4532833,-709.4454972,-723.4377111
12520,239.5053471,39.1575985,6.810506567,-16.2945591,-30.1575985,-34.77861163,-62.50469043,-80.98874296,-99.4727955,-117.956848,-136.4409006,-154.9249531,-173.4090056,-191.8930582,-205.8966229,-219.9001876,-233.9037523,-247.9073171,-261.9108818,-275.9144465,-289.9180113,-303.921576,-317.9251407,-331.9287054,-345.9322702,-359.9358349,-373.9393996,-387.9429644,-401.9465291,-415.9500938,-429.9536585,-443.9572233,-457.960788,-471.9643527,-485.9679174,-499.9714822,-513.9750469,-527.9786116,-541.9821764,-555.9857411,-569.9893058,-583.9928705,-597.9964353,-612,-626.0035647,-640.0071295,-654.0106942,-668.0142589,-682.0178236,-696.0213884,-710.0249531,-724.0285178
12530,239.6973734,39.18574109,6.812382739,-16.31144465,-30.18574109,-34.81050657,-62.55909944,-81.05816135,-99.55722326,-118.0562852,-136.5553471,-155.054409,-173.5534709,-192.0525328,-206.0674484,-220.082364,-234.0972795,-248.1121951,-262.1271107,-276.1420263,-290.1569418,-304.1718574,-318.186773,-332.2016886,-346.2166041,-360.2315197,-374.2464353,-388.2613508,-402.2762664,-416.291182,-430.3060976,-444.3210131,-458.3359287,-472.3508443,-486.3657598,-500.3806754,-514.395591,-528.4105066,-542.4254221,-556.4403377,-570.4552533,-584.4701689,-598.4850844,-612.5,-626.5149156,-640.5298311,-654.5447467,-668.5596623,-682.5745779,-696.5894934,-710.604409,-724.6193246
12540,239.8893996,39.21388368,6.814258912,-16.32833021,-30.21388368,-34.8424015,-62.61350844,-81.12757974,-99.64165103,-118.1557223,-136.6697936,-155.1838649,-173.6979362,-192.2120075,-206.2382739,-220.2645403,-234.2908068,-248.3170732,-262.3433396,-276.369606,-290.3958724,-304.4221388,-318.4484053,-332.4746717,-346.5009381,-360.5272045,-374.5534709,-388.5797373,-402.6060038,-416.6322702,-430.6585366,-444.684803,-458.7110694,-472.7373358,-486.7636023,-500.7898687,-514.8161351,-528.8424015,-542.8686679,-556.8949343,-570.9212008,-584.9474672,-598.9737336,-613,-627.0262664,-641.0525328,-655.0787992,-669.1050657,-683.1313321,-697.1575985,-711.1838649,-725.2101313
12550,240.0814259,39.24202627,6.816135084,-16.34521576,-30.24202627,-34.87429644,-62.66791745,-81.19699812,-99.7260788,-118.2551595,-136.7842402,-155.3133208,-173.8424015,-192.3714822,-206.4090994,-220.4467167,-234.484334,-248.5219512,-262.5595685,-276.5971857,-290.634803,-304.6724203,-318.7100375,-332.7476548,-346.785272,-360.8228893,-374.8605066,-388.8981238,-402.9357411,-416.9733583,-431.0109756,-445.0485929,-459.0862101,-473.1238274,-487.1614447,-501.1990619,-515.2366792,-529.2742964,-543.3119137,-557.349531,-571.3871482,-585.4247655,-599.4623827,-613.5,-627.5376173,-641.5752345,-655.6128518,-669.650469,-683.6880863,-697.7257036,-711.7633208,-725.8009381
12560,240.2734522,39.27016886,6.818011257,-16.36210131,-30.27016886,-34.90619137,-62.72232645,-81.26641651,-99.81050657,-118.3545966,-136.8986867,-155.4427767,-173.9868668,-192.5309568,-206.579925,-220.6288931,-234.6778612,-248.7268293,-262.7757974,-276.8247655,-290.8737336,-304.9227017,-318.9716698,-333.0206379,-347.069606,-361.1185741,-375.1675422,-389.2165103,-403.2654784,-417.3144465,-431.3634146,-445.4123827,-459.4613508,-473.5103189,-487.5592871,-501.6082552,-515.6572233,-529.7061914,-543.7551595,-557.8041276,-571.8530957,-585.9020638,-599.9510319,-614,-628.0489681,-642.0979362,-656.1469043,-670.1958724,-684.2448405,-698.2938086,-712.3427767,-726.3917448
12570,240.4654784,39.29831144,6.81988743,-16.37898687,-30.29831144,-34.9380863,-62.77673546,-81.3358349,-99.89493433,-118.4540338,-137.0131332,-155.5722326,-174.1313321,-192.6904315,-206.7507505,-220.8110694,-234.8713884,-248.9317073,-262.9920263,-277.0523452,-291.1126642,-305.1729831,-319.2333021,-333.293621,-347.35394,-361.4142589,-375.4745779,-389.5348968,-403.5952158,-417.6555347,-431.7158537,-445.7761726,-459.8364916,-473.8968105,-487.9571295,-502.0174484,-516.0777674,-530.1380863,-544.1984053,-558.2587242,-572.3190432,-586.3793621,-600.4396811,-614.5,-628.5603189,-642.6206379,-656.6809568,-670.7412758,-684.8015947,-698.8619137,-712.9222326,-726.9825516
12580,240.6575047,39.32645403,6.821763602,-16.39587242,-30.32645403,-34.96998124,-62.83114447,-81.40525328,-99.9793621,-118.5534709,-137.1275797,-155.7016886,-174.2757974,-192.8499062,-206.921576,-220.9932458,-235.0649156,-249.1365854,-263.2082552,-277.279925,-291.3515947,-305.4232645,-319.4949343,-333.5666041,-347.6382739,-361.7099437,-375.7816135,-389.8532833,-403.9249531,-417.9966229,-432.0682927,-446.1399625,-460.2116323,-474.2833021,-488.3549719,-502.4266417,-516.4983114,-530.5699812,-544.641651,-558.7133208,-572.7849906,-586.8566604,-600.9283302,-615,-629.0716698,-643.1433396,-657.2150094,-671.2866792,-685.358349,-699.4300188,-713.5016886,-727.5733583
12590,240.849531,39.35459662,6.823639775,-16.41275797,-30.35459662,-35.00187617,-62.88555347,-81.47467167,-100.0637899,-118.6529081,-137.2420263,-155.8311445,-174.4202627,-193.0093809,-207.0924015,-221.1754221,-235.2584428,-249.3414634,-263.4244841,-277.5075047,-291.5905253,-305.673546,-319.7565666,-333.8395872,-347.9226079,-362.0056285,-376.0886492,-390.1716698,-404.2546904,-418.3377111,-432.4207317,-446.5037523,-460.586773,-474.6697936,-488.7528143,-502.8358349,-516.9188555,-531.0018762,-545.0848968,-559.1679174,-573.2509381,-587.3339587,-601.4169794,-615.5,-629.5830206,-643.6660413,-657.7490619,-671.8320826,-685.9151032,-699.9981238,-714.0811445,-728.1641651
12600,241.0415572,39.38273921,6.825515947,-16.42964353,-30.38273921,-35.03377111,-62.93996248,-81.54409006,-100.1482176,-118.7523452,-137.3564728,-155.9606004,-174.564728,-193.1688555,-207.263227,-221.3575985,-235.45197,-249.5463415,-263.6407129,-277.7350844,-291.8294559,-305.9238274,-320.0181989,-334.1125704,-348.2069418,-362.3013133,-376.3956848,-390.4900563,-404.5844278,-418.6787992,-432.7731707,-446.8675422,-460.9619137,-475.0562852,-489.1506567,-503.2450281,-517.3393996,-531.4337711,-545.5281426,-559.6225141,-573.7168856,-587.811257,-601.9056285,-616,-630.0943715,-644.188743,-658.2831144,-672.3774859,-686.4718574,-700.5662289,-714.6606004,-728.7549719
12610,241.2335835,39.4108818,6.82739212,-16.44652908,-30.4108818,-35.06566604,-62.99437148,-81.61350844,-100.2326454,-118.8517824,-137.4709193,-156.0900563,-174.7091932,-193.3283302,-207.4340525,-221.5397749,-235.6454972,-249.7512195,-263.8569418,-277.9626642,-292.0683865,-306.1741088,-320.2798311,-334.3855535,-348.4912758,-362.5969981,-376.7027205,-390.8084428,-404.9141651,-419.0198874,-433.1256098,-447.2313321,-461.3370544,-475.4427767,-489.5484991,-503.6542214,-517.7599437,-531.865666,-545.9713884,-560.0771107,-574.182833,-588.2885553,-602.3942777,-616.5,-630.6057223,-644.7114447,-658.817167,-672.9228893,-687.0286116,-701.134334,-715.2400563,-729.3457786
12620,241.4256098,39.43902439,6.829268293,-16.46341463,-30.43902439,-35.09756098,-63.04878049,-81.68292683,-100.3170732,-118.9512195,-137.5853659,-156.2195122,-174.8536585,-193.4878049,-207.604878,-221.7219512,-235.8390244,-249.9560976,-264.0731707,-278.1902439,-292.3073171,-306.4243902,-320.5414634,-334.6585366,-348.7756098,-362.8926829,-377.0097561,-391.1268293,-405.2439024,-419.3609756,-433.4780488,-447.595122,-461.7121951,-475.8292683,-489.9463415,-504.0634146,-518.1804878,-532.297561,-546.4146341,-560.5317073,-574.6487805,-588.7658537,-602.8829268,-617,-631.1170732,-645.2341463,-659.3512195,-673.4682927,-687.5853659,-701.702439,-715.8195122,-729.9365854
12630,241.617636,39.46716698,6.831144465,-16.48030019,-30.46716698,-35.12945591,-63.10318949,-81.75234522,-100.4015009,-119.0506567,-137.6998124,-156.3489681,-174.9981238,-193.6472795,-207.7757036,-221.9041276,-236.0325516,-250.1609756,-264.2893996,-278.4178236,-292.5462477,-306.6746717,-320.8030957,-334.9315197,-349.0599437,-363.1883677,-377.3167917,-391.4452158,-405.5736398,-419.7020638,-433.8304878,-447.9589118,-462.0873358,-476.2157598,-490.3441839,-504.4726079,-518.6010319,-532.7294559,-546.8578799,-560.9863039,-575.114728,-589.243152,-603.371576,-617.5,-631.628424,-645.756848,-659.885272,-674.0136961,-688.1421201,-702.2705441,-716.3989681,-730.5273921
12640,241.8096623,39.49530957,6.833020638,-16.49718574,-30.49530957,-35.16135084,-63.1575985,-81.8217636,-100.4859287,-119.1500938,-137.8142589,-156.478424,-175.1425891,-193.8067542,-207.9465291,-222.0863039,-236.2260788,-250.3658537,-264.5056285,-278.6454034,-292.7851782,-306.9249531,-321.064728,-335.2045028,-349.3442777,-363.4840525,-377.6238274,-391.7636023,-405.9033771,-420.043152,-434.1829268,-448.3227017,-462.4624765,-476.6022514,-490.7420263,-504.8818011,-519.021576,-533.1613508,-547.3011257,-561.4409006,-575.5806754,-589.7204503,-603.8602251,-618,-632.1397749,-646.2795497,-660.4193246,-674.5590994,-688.6988743,-702.8386492,-716.978424,-731.1181989
12650,242.0016886,39.52345216,6.834896811,-16.51407129,-30.52345216,-35.19324578,-63.2120075,-81.89118199,-100.5703565,-119.249531,-137.9287054,-156.6078799,-175.2870544,-193.9662289,-208.1173546,-222.2684803,-236.419606,-250.5707317,-264.7218574,-278.8729831,-293.0241088,-307.1752345,-321.3263602,-335.4774859,-349.6286116,-363.7797373,-377.930863,-392.0819887,-406.2331144,-420.3842402,-434.5353659,-448.6864916,-462.8376173,-476.988743,-491.1398687,-505.2909944,-519.4421201,-533.5932458,-547.7443715,-561.8954972,-576.0466229,-590.1977486,-604.3488743,-618.5,-632.6511257,-646.8022514,-660.9533771,-675.1045028,-689.2556285,-703.4067542,-717.5578799,-731.7090056
12660,242.1937148,39.55159475,6.836772983,-16.53095685,-30.55159475,-35.22514071,-63.26641651,-81.96060038,-100.6547842,-119.3489681,-138.043152,-156.7373358,-175.4315197,-194.1257036,-208.2881801,-222.4506567,-236.6131332,-250.7756098,-264.9380863,-279.1005629,-293.2630394,-307.4255159,-321.5879925,-335.750469,-349.9129456,-364.0754221,-378.2378987,-392.4003752,-406.5628518,-420.7253283,-434.8878049,-449.0502814,-463.212758,-477.3752345,-491.5377111,-505.7001876,-519.8626642,-534.0251407,-548.1876173,-562.3500938,-576.5125704,-590.6750469,-604.8375235,-619,-633.1624765,-647.3249531,-661.4874296,-675.6499062,-689.8123827,-703.9748593,-718.1373358,-732.2998124
12670,242.3857411,39.57973734,6.838649156,-16.5478424,-30.57973734,-35.25703565,-63.32082552,-82.03001876,-100.739212,-119.4484053,-138.1575985,-156.8667917,-175.575985,-194.2851782,-208.4590056,-222.632833,-236.8066604,-250.9804878,-265.1543152,-279.3281426,-293.50197,-307.6757974,-321.8496248,-336.0234522,-350.1972795,-364.3711069,-378.5449343,-392.7187617,-406.8925891,-421.0664165,-435.2402439,-449.4140713,-463.5878987,-477.7617261,-491.9355535,-506.1093809,-520.2832083,-534.4570356,-548.630863,-562.8046904,-576.9785178,-591.1523452,-605.3261726,-619.5,-633.6738274,-647.8476548,-662.0214822,-676.1953096,-690.369137,-704.5429644,-718.7167917,-732.8906191
12680,242.5777674,39.60787992,6.840525328,-16.56472795,-30.60787992,-35.28893058,-63.37523452,-82.09943715,-100.8236398,-119.5478424,-138.272045,-156.9962477,-175.7204503,-194.4446529,-208.6298311,-222.8150094,-237.0001876,-251.1853659,-265.3705441,-279.5557223,-293.7409006,-307.9260788,-322.111257,-336.2964353,-350.4816135,-364.6667917,-378.85197,-393.0371482,-407.2223265,-421.4075047,-435.5926829,-449.7778612,-463.9630394,-478.1482176,-492.3333959,-506.5185741,-520.7037523,-534.8889306,-549.0741088,-563.2592871,-577.4444653,-591.6296435,-605.8148218,-620,-634.1851782,-648.3703565,-662.5555347,-676.7407129,-690.9258912,-705.1110694,-719.2962477,-733.4814259
12690,242.7697936,39.63602251,6.842401501,-16.58161351,-30.63602251,-35.32082552,-63.42964353,-82.16885553,-100.9080675,-119.6472795,-138.3864916,-157.1257036,-175.8649156,-194.6041276,-208.8006567,-222.9971857,-237.1937148,-251.3902439,-265.586773,-279.7833021,-293.9798311,-308.1763602,-322.3728893,-336.5694184,-350.7659475,-364.9624765,-379.1590056,-393.3555347,-407.5520638,-421.7485929,-435.945122,-450.141651,-464.3381801,-478.5347092,-492.7312383,-506.9277674,-521.1242964,-535.3208255,-549.5173546,-563.7138837,-577.9104128,-592.1069418,-606.3034709,-620.5,-634.6965291,-648.8930582,-663.0895872,-677.2861163,-691.4826454,-705.6791745,-719.8757036,-734.0722326
12700,242.9618199,39.6641651,6.844277674,-16.59849906,-30.6641651,-35.35272045,-63.48405253,-82.23827392,-100.9924953,-119.7467167,-138.5009381,-157.2551595,-176.0093809,-194.7636023,-208.9714822,-223.1793621,-237.387242,-251.595122,-265.8030019,-280.0108818,-294.2187617,-308.4266417,-322.6345216,-336.8424015,-351.0502814,-365.2581614,-379.4660413,-393.6739212,-407.8818011,-422.0896811,-436.297561,-450.5054409,-464.7133208,-478.9212008,-493.1290807,-507.3369606,-521.5448405,-535.7527205,-549.9606004,-564.1684803,-578.3763602,-592.5842402,-606.7921201,-621,-635.2078799,-649.4157598,-663.6236398,-677.8315197,-692.0393996,-706.2472795,-720.4551595,-734.6630394
12710,243.1538462,39.69230769,6.846153846,-16.61538462,-30.69230769,-35.38461538,-63.53846154,-82.30769231,-101.0769231,-119.8461538,-138.6153846,-157.3846154,-176.1538462,-194.9230769,-209.1423077,-223.3615385,-237.5807692,-251.8,-266.0192308,-280.2384615,-294.4576923,-308.6769231,-322.8961538,-337.1153846,-351.3346154,-365.5538462,-379.7730769,-393.9923077,-408.2115385,-422.4307692,-436.65,-450.8692308,-465.0884615,-479.3076923,-493.5269231,-507.7461538,-521.9653846,-536.1846154,-550.4038462,-564.6230769,-578.8423077,-593.0615385,-607.2807692,-621.5,-635.7192308,-649.9384615,-664.1576923,-678.3769231,-692.5961538,-706.8153846,-721.0346154,-735.2538462
12720,243.3458724,39.72045028,6.848030019,-16.63227017,-30.72045028,-35.41651032,-63.59287054,-82.37711069,-101.1613508,-119.945591,-138.7298311,-157.5140713,-176.2983114,-195.0825516,-209.3131332,-223.5437148,-237.7742964,-252.004878,-266.2354597,-280.4660413,-294.6966229,-308.9272045,-323.1577861,-337.3883677,-351.6189493,-365.849531,-380.0801126,-394.3106942,-408.5412758,-422.7718574,-437.002439,-451.2330206,-465.4636023,-479.6941839,-493.9247655,-508.1553471,-522.3859287,-536.6165103,-550.8470919,-565.0776735,-579.3082552,-593.5388368,-607.7694184,-622,-636.2305816,-650.4611632,-664.6917448,-678.9223265,-693.1529081,-707.3834897,-721.6140713,-735.8446529
12730,243.5378987,39.74859287,6.849906191,-16.64915572,-30.74859287,-35.44840525,-63.64727955,-82.44652908,-101.2457786,-120.0450281,-138.8442777,-157.6435272,-176.4427767,-195.2420263,-209.4839587,-223.7258912,-237.9678236,-252.2097561,-266.4516886,-280.693621,-294.9355535,-309.1774859,-323.4194184,-337.6613508,-351.9032833,-366.1452158,-380.3871482,-394.6290807,-408.8710131,-423.1129456,-437.354878,-451.5968105,-465.838743,-480.0806754,-494.3226079,-508.5645403,-522.8064728,-537.0484053,-551.2903377,-565.5322702,-579.7742026,-594.0161351,-608.2580675,-622.5,-636.7419325,-650.9838649,-665.2257974,-679.4677298,-693.7096623,-707.9515947,-722.1935272,-736.4354597
12740,243.729925,39.77673546,6.851782364,-16.66604128,-30.77673546,-35.48030019,-63.70168856,-82.51594747,-101.3302064,-120.1444653,-138.9587242,-157.7729831,-176.587242,-195.4015009,-209.6547842,-223.9080675,-238.1613508,-252.4146341,-266.6679174,-280.9212008,-295.1744841,-309.4277674,-323.6810507,-337.934334,-352.1876173,-366.4409006,-380.6941839,-394.9474672,-409.2007505,-423.4540338,-437.7073171,-451.9606004,-466.2138837,-480.467167,-494.7204503,-508.9737336,-523.2270169,-537.4803002,-551.7335835,-565.9868668,-580.2401501,-594.4934334,-608.7467167,-623,-637.2532833,-651.5065666,-665.7598499,-680.0131332,-694.2664165,-708.5196998,-722.7729831,-737.0262664
12750,243.9219512,39.80487805,6.853658537,-16.68292683,-30.80487805,-35.51219512,-63.75609756,-82.58536585,-101.4146341,-120.2439024,-139.0731707,-157.902439,-176.7317073,-195.5609756,-209.8256098,-224.0902439,-238.354878,-252.6195122,-266.8841463,-281.1487805,-295.4134146,-309.6780488,-323.9426829,-338.2073171,-352.4719512,-366.7365854,-381.0012195,-395.2658537,-409.5304878,-423.795122,-438.0597561,-452.3243902,-466.5890244,-480.8536585,-495.1182927,-509.3829268,-523.647561,-537.9121951,-552.1768293,-566.4414634,-580.7060976,-594.9707317,-609.2353659,-623.5,-637.7646341,-652.0292683,-666.2939024,-680.5585366,-694.8231707,-709.0878049,-723.352439,-737.6170732
12760,244.1139775,39.83302064,6.855534709,-16.69981238,-30.83302064,-35.54409006,-63.81050657,-82.65478424,-101.4990619,-120.3433396,-139.1876173,-158.0318949,-176.8761726,-195.7204503,-209.9964353,-224.2724203,-238.5484053,-252.8243902,-267.1003752,-281.3763602,-295.6523452,-309.9283302,-324.2043152,-338.4803002,-352.7562852,-367.0322702,-381.3082552,-395.5842402,-409.8602251,-424.1362101,-438.4121951,-452.6881801,-466.9641651,-481.2401501,-495.5161351,-509.7921201,-524.0681051,-538.3440901,-552.620075,-566.89606,-581.172045,-595.44803,-609.724015,-624,-638.275985,-652.55197,-666.827955,-681.10394,-695.379925,-709.6559099,-723.9318949,-738.2078799
12770,244.3060038,39.86116323,6.857410882,-16.71669794,-30.86116323,-35.57598499,-63.86491557,-82.72420263,-101.5834897,-120.4427767,-139.3020638,-158.1613508,-177.0206379,-195.879925,-210.1672608,-224.4545966,-238.7419325,-253.0292683,-267.3166041,-281.60394,-295.8912758,-310.1786116,-324.4659475,-338.7532833,-353.0406191,-367.327955,-381.6152908,-395.9026266,-410.1899625,-424.4772983,-438.7646341,-453.05197,-467.3393058,-481.6266417,-495.9139775,-510.2013133,-524.4886492,-538.775985,-553.0633208,-567.3506567,-581.6379925,-595.9253283,-610.2126642,-624.5,-638.7873358,-653.0746717,-667.3620075,-681.6493433,-695.9366792,-710.224015,-724.5113508,-738.7986867
12780,244.49803,39.88930582,6.859287054,-16.73358349,-30.88930582,-35.60787992,-63.91932458,-82.79362101,-101.6679174,-120.5422139,-139.4165103,-158.2908068,-177.1651032,-196.0393996,-210.3380863,-224.636773,-238.9354597,-253.2341463,-267.532833,-281.8315197,-296.1302064,-310.4288931,-324.7275797,-339.0262664,-353.3249531,-367.6236398,-381.9223265,-396.2210131,-410.5196998,-424.8183865,-439.1170732,-453.4157598,-467.7144465,-482.0131332,-496.3118199,-510.6105066,-524.9091932,-539.2078799,-553.5065666,-567.8052533,-582.10394,-596.4026266,-610.7013133,-625,-639.2986867,-653.5973734,-667.89606,-682.1947467,-696.4934334,-710.7921201,-725.0908068,-739.3894934
12790,244.6900563,39.91744841,6.861163227,-16.75046904,-30.91744841,-35.63977486,-63.97373358,-82.8630394,-101.7523452,-120.641651,-139.5309568,-158.4202627,-177.3095685,-196.1988743,-210.5089118,-224.8189493,-239.1289869,-253.4390244,-267.7490619,-282.0590994,-296.369137,-310.6791745,-324.989212,-339.2992495,-353.6092871,-367.9193246,-382.2293621,-396.5393996,-410.8494371,-425.1594747,-439.4695122,-453.7795497,-468.0895872,-482.3996248,-496.7096623,-511.0196998,-525.3297373,-539.6397749,-553.9498124,-568.2598499,-582.5698874,-596.879925,-611.1899625,-625.5,-639.8100375,-654.120075,-668.4301126,-682.7401501,-697.0501876,-711.3602251,-725.6702627,-739.9803002
12800,244.8820826,39.94559099,6.8630394,-16.7673546,-30.94559099,-35.67166979,-64.02814259,-82.93245779,-101.836773,-120.7410882,-139.6454034,-158.5497186,-177.4540338,-196.358349,-210.6797373,-225.0011257,-239.3225141,-253.6439024,-267.9652908,-282.2866792,-296.6080675,-310.9294559,-325.2508443,-339.5722326,-353.893621,-368.2150094,-382.5363977,-396.8577861,-411.1791745,-425.5005629,-439.8219512,-454.1433396,-468.464728,-482.7861163,-497.1075047,-511.4288931,-525.7502814,-540.0716698,-554.3930582,-568.7144465,-583.0358349,-597.3572233,-611.6786116,-626,-640.3213884,-654.6427767,-668.9641651,-683.2855535,-697.6069418,-711.9283302,-726.2497186,-740.5711069
12810,245.0741088,39.97373358,6.864915572,-16.78424015,-30.97373358,-35.70356473,-64.08255159,-83.00187617,-101.9212008,-120.8405253,-139.7598499,-158.6791745,-177.5984991,-196.5178236,-210.8505629,-225.1833021,-239.5160413,-253.8487805,-268.1815197,-282.5142589,-296.8469981,-311.1797373,-325.5124765,-339.8452158,-354.177955,-368.5106942,-382.8434334,-397.1761726,-411.5089118,-425.841651,-440.1743902,-454.5071295,-468.8398687,-483.1726079,-497.5053471,-511.8380863,-526.1708255,-540.5035647,-554.8363039,-569.1690432,-583.5017824,-597.8345216,-612.1672608,-626.5,-640.8327392,-655.1654784,-669.4982176,-683.8309568,-698.1636961,-712.4964353,-726.8291745,-741.1619137
12820,245.2661351,40.00187617,6.866791745,-16.8011257,-31.00187617,-35.73545966,-64.1369606,-83.07129456,-102.0056285,-120.9399625,-139.8742964,-158.8086304,-177.7429644,-196.6772983,-211.0213884,-225.3654784,-239.7095685,-254.0536585,-268.3977486,-282.7418386,-297.0859287,-311.4300188,-325.7741088,-340.1181989,-354.4622889,-368.806379,-383.150469,-397.4945591,-411.8386492,-426.1827392,-440.5268293,-454.8709193,-469.2150094,-483.5590994,-497.9031895,-512.2472795,-526.5913696,-540.9354597,-555.2795497,-569.6236398,-583.9677298,-598.3118199,-612.6559099,-627,-641.3440901,-655.6881801,-670.0322702,-684.3763602,-698.7204503,-713.0645403,-727.4086304,-741.7527205
12830,245.4581614,40.03001876,6.868667917,-16.81801126,-31.03001876,-35.7673546,-64.19136961,-83.14071295,-102.0900563,-121.0393996,-139.988743,-158.9380863,-177.8874296,-196.836773,-211.1922139,-225.5476548,-239.9030957,-254.2585366,-268.6139775,-282.9694184,-297.3248593,-311.6803002,-326.0357411,-340.391182,-354.7466229,-369.1020638,-383.4575047,-397.8129456,-412.1683865,-426.5238274,-440.8792683,-455.2347092,-469.5901501,-483.945591,-498.3010319,-512.6564728,-527.0119137,-541.3673546,-555.7227955,-570.0782364,-584.4336773,-598.7891182,-613.1445591,-627.5,-641.8554409,-656.2108818,-670.5663227,-684.9217636,-699.2772045,-713.6326454,-727.9880863,-742.3435272
12840,245.6501876,40.05816135,6.87054409,-16.83489681,-31.05816135,-35.79924953,-64.24577861,-83.21013133,-102.1744841,-121.1388368,-140.1031895,-159.0675422,-178.0318949,-196.9962477,-211.3630394,-225.7298311,-240.0966229,-254.4634146,-268.8302064,-283.1969981,-297.5637899,-311.9305816,-326.2973734,-340.6641651,-355.0309568,-369.3977486,-383.7645403,-398.1313321,-412.4981238,-426.8649156,-441.2317073,-455.5984991,-469.9652908,-484.3320826,-498.6988743,-513.065666,-527.4324578,-541.7992495,-556.1660413,-570.532833,-584.8996248,-599.2664165,-613.6332083,-628,-642.3667917,-656.7335835,-671.1003752,-685.467167,-699.8339587,-714.2007505,-728.5675422,-742.934334
12850,245.8422139,40.08630394,6.872420263,-16.85178236,-31.08630394,-35.83114447,-64.30018762,-83.27954972,-102.2589118,-121.2382739,-140.217636,-159.1969981,-178.1763602,-197.1557223,-211.5338649,-225.9120075,-240.2901501,-254.6682927,-269.0464353,-283.4245779,-297.8027205,-312.180863,-326.5590056,-340.9371482,-355.3152908,-369.6934334,-384.071576,-398.4497186,-412.8278612,-427.2060038,-441.5841463,-455.9622889,-470.3404315,-484.7185741,-499.0967167,-513.4748593,-527.8530019,-542.2311445,-556.6092871,-570.9874296,-585.3655722,-599.7437148,-614.1218574,-628.5,-642.8781426,-657.2562852,-671.6344278,-686.0125704,-700.3907129,-714.7688555,-729.1469981,-743.5251407
12860,246.0342402,40.11444653,6.874296435,-16.86866792,-31.11444653,-35.8630394,-64.35459662,-83.34896811,-102.3433396,-121.3377111,-140.3320826,-159.326454,-178.3208255,-197.315197,-211.7046904,-226.0941839,-240.4836773,-254.8731707,-269.2626642,-283.6521576,-298.041651,-312.4311445,-326.8206379,-341.2101313,-355.5996248,-369.9891182,-384.3786116,-398.7681051,-413.1575985,-427.5470919,-441.9365854,-456.3260788,-470.7155722,-485.1050657,-499.4945591,-513.8840525,-528.273546,-542.6630394,-557.0525328,-571.4420263,-585.8315197,-600.2210131,-614.6105066,-629,-643.3894934,-657.7789869,-672.1684803,-686.5579737,-700.9474672,-715.3369606,-729.726454,-744.1159475
12870,246.2262664,40.14258912,6.876172608,-16.88555347,-31.14258912,-35.89493433,-64.40900563,-83.41838649,-102.4277674,-121.4371482,-140.4465291,-159.4559099,-178.4652908,-197.4746717,-211.8755159,-226.2763602,-240.6772045,-255.0780488,-269.4788931,-283.8797373,-298.2805816,-312.6814259,-327.0822702,-341.4831144,-355.8839587,-370.284803,-384.6856473,-399.0864916,-413.4873358,-427.8881801,-442.2890244,-456.6898687,-471.0907129,-485.4915572,-499.8924015,-514.2932458,-528.6940901,-543.0949343,-557.4957786,-571.8966229,-586.2974672,-600.6983114,-615.0991557,-629.5,-643.9008443,-658.3016886,-672.7025328,-687.1033771,-701.5042214,-715.9050657,-730.3059099,-744.7067542
12880,246.4182927,40.17073171,6.87804878,-16.90243902,-31.17073171,-35.92682927,-64.46341463,-83.48780488,-102.5121951,-121.5365854,-140.5609756,-159.5853659,-178.6097561,-197.6341463,-212.0463415,-226.4585366,-240.8707317,-255.2829268,-269.695122,-284.1073171,-298.5195122,-312.9317073,-327.3439024,-341.7560976,-356.1682927,-370.5804878,-384.9926829,-399.404878,-413.8170732,-428.2292683,-442.6414634,-457.0536585,-471.4658537,-485.8780488,-500.2902439,-514.702439,-529.1146341,-543.5268293,-557.9390244,-572.3512195,-586.7634146,-601.1756098,-615.5878049,-630,-644.4121951,-658.8243902,-673.2365854,-687.6487805,-702.0609756,-716.4731707,-730.8853659,-745.297561
12890,246.6103189,40.1988743,6.879924953,-16.91932458,-31.1988743,-35.9587242,-64.51782364,-83.55722326,-102.5966229,-121.6360225,-140.6754221,-159.7148218,-178.7542214,-197.793621,-212.217167,-226.6407129,-241.0642589,-255.4878049,-269.9113508,-284.3348968,-298.7584428,-313.1819887,-327.6055347,-342.0290807,-356.4526266,-370.8761726,-385.2997186,-399.7232645,-414.1468105,-428.5703565,-442.9939024,-457.4174484,-471.8409944,-486.2645403,-500.6880863,-515.1116323,-529.5351782,-543.9587242,-558.3822702,-572.8058161,-587.2293621,-601.6529081,-616.076454,-630.5,-644.923546,-659.3470919,-673.7706379,-688.1941839,-702.6177298,-717.0412758,-731.4648218,-745.8883677
12900,246.8023452,40.22701689,6.881801126,-16.93621013,-31.22701689,-35.99061914,-64.57223265,-83.62664165,-102.6810507,-121.7354597,-140.7898687,-159.8442777,-178.8986867,-197.9530957,-212.3879925,-226.8228893,-241.2577861,-255.6926829,-270.1275797,-284.5624765,-298.9973734,-313.4322702,-327.867167,-342.3020638,-356.7369606,-371.1718574,-385.6067542,-400.041651,-414.4765478,-428.9114447,-443.3463415,-457.7812383,-472.2161351,-486.6510319,-501.0859287,-515.5208255,-529.9557223,-544.3906191,-558.8255159,-573.2604128,-587.6953096,-602.1302064,-616.5651032,-631,-645.4348968,-659.8697936,-674.3046904,-688.7395872,-703.1744841,-717.6093809,-732.0442777,-746.4791745
12910,246.9943715,40.25515947,6.883677298,-16.95309568,-31.25515947,-36.02251407,-64.62664165,-83.69606004,-102.7654784,-121.8348968,-140.9043152,-159.9737336,-179.043152,-198.1125704,-212.558818,-227.0050657,-241.4513133,-255.897561,-270.3438086,-284.7900563,-299.2363039,-313.6825516,-328.1287992,-342.5750469,-357.0212946,-371.4675422,-385.9137899,-400.3600375,-414.8062852,-429.2525328,-443.6987805,-458.1450281,-472.5912758,-487.0375235,-501.4837711,-515.9300188,-530.3762664,-544.8225141,-559.2687617,-573.7150094,-588.161257,-602.6075047,-617.0537523,-631.5,-645.9462477,-660.3924953,-674.838743,-689.2849906,-703.7312383,-718.1774859,-732.6237336,-747.0699812
12920,247.1863977,40.28330206,6.885553471,-16.96998124,-31.28330206,-36.05440901,-64.68105066,-83.76547842,-102.8499062,-121.934334,-141.0187617,-160.1031895,-179.1876173,-198.272045,-212.7296435,-227.187242,-241.6448405,-256.102439,-270.5600375,-285.017636,-299.4752345,-313.932833,-328.3904315,-342.84803,-357.3056285,-371.763227,-386.2208255,-400.678424,-415.1360225,-429.593621,-444.0512195,-458.508818,-472.9664165,-487.424015,-501.8816135,-516.339212,-530.7968105,-545.254409,-559.7120075,-574.169606,-588.6272045,-603.084803,-617.5424015,-632,-646.4575985,-660.915197,-675.3727955,-689.830394,-704.2879925,-718.745591,-733.2031895,-747.660788
12930,247.378424,40.31144465,6.887429644,-16.98686679,-31.31144465,-36.08630394,-64.73545966,-83.83489681,-102.934334,-122.0337711,-141.1332083,-160.2326454,-179.3320826,-198.4315197,-212.900469,-227.3694184,-241.8383677,-256.3073171,-270.7762664,-285.2452158,-299.7141651,-314.1831144,-328.6520638,-343.1210131,-357.5899625,-372.0589118,-386.5278612,-400.9968105,-415.4657598,-429.9347092,-444.4036585,-458.8726079,-473.3415572,-487.8105066,-502.2794559,-516.7484053,-531.2173546,-545.6863039,-560.1552533,-574.6242026,-589.093152,-603.5621013,-618.0310507,-632.5,-646.9689493,-661.4378987,-675.906848,-690.3757974,-704.8447467,-719.3136961,-733.7826454,-748.2515947
12940,247.5704503,40.33958724,6.889305816,-17.00375235,-31.33958724,-36.11819887,-64.78986867,-83.9043152,-103.0187617,-122.1332083,-141.2476548,-160.3621013,-179.4765478,-198.5909944,-213.0712946,-227.5515947,-242.0318949,-256.5121951,-270.9924953,-285.4727955,-299.9530957,-314.4333959,-328.9136961,-343.3939962,-357.8742964,-372.3545966,-386.8348968,-401.315197,-415.7954972,-430.2757974,-444.7560976,-459.2363977,-473.7166979,-488.1969981,-502.6772983,-517.1575985,-531.6378987,-546.1181989,-560.5984991,-575.0787992,-589.5590994,-604.0393996,-618.5196998,-633,-647.4803002,-661.9606004,-676.4409006,-690.9212008,-705.4015009,-719.8818011,-734.3621013,-748.8424015
12950,247.7624765,40.36772983,6.891181989,-17.0206379,-31.36772983,-36.15009381,-64.84427767,-83.97373358,-103.1031895,-122.2326454,-141.3621013,-160.4915572,-179.6210131,-198.750469,-213.2421201,-227.7337711,-242.2254221,-256.7170732,-271.2087242,-285.7003752,-300.1920263,-314.6836773,-329.1753283,-343.6669794,-358.1586304,-372.6502814,-387.1419325,-401.6335835,-416.1252345,-430.6168856,-445.1085366,-459.6001876,-474.0918386,-488.5834897,-503.0751407,-517.5667917,-532.0584428,-546.5500938,-561.0417448,-575.5333959,-590.0250469,-604.5166979,-619.008349,-633.5,-647.991651,-662.4833021,-676.9749531,-691.4666041,-705.9582552,-720.4499062,-734.9415572,-749.4332083
12960,247.9545028,40.39587242,6.893058161,-17.03752345,-31.39587242,-36.18198874,-64.89868668,-84.04315197,-103.1876173,-122.3320826,-141.4765478,-160.6210131,-179.7654784,-198.9099437,-213.4129456,-227.9159475,-242.4189493,-256.9219512,-271.4249531,-285.927955,-300.4309568,-314.9339587,-329.4369606,-343.9399625,-358.4429644,-372.9459662,-387.4489681,-401.95197,-416.4549719,-430.9579737,-445.4609756,-459.9639775,-474.4669794,-488.9699812,-503.4729831,-517.975985,-532.4789869,-546.9819887,-561.4849906,-575.9879925,-590.4909944,-604.9939962,-619.4969981,-634,-648.5030019,-663.0060038,-677.5090056,-692.0120075,-706.5150094,-721.0180113,-735.5210131,-750.024015
12970,248.1465291,40.42401501,6.894934334,-17.05440901,-31.42401501,-36.21388368,-64.95309568,-84.11257036,-103.272045,-122.4315197,-141.5909944,-160.750469,-179.9099437,-199.0694184,-213.5837711,-228.0981238,-242.6124765,-257.1268293,-271.641182,-286.1555347,-300.6698874,-315.1842402,-329.6985929,-344.2129456,-358.7272983,-373.241651,-387.7560038,-402.2703565,-416.7847092,-431.2990619,-445.8134146,-460.3277674,-474.8421201,-489.3564728,-503.8708255,-518.3851782,-532.899531,-547.4138837,-561.9282364,-576.4425891,-590.9569418,-605.4712946,-619.9856473,-634.5,-649.0143527,-663.5287054,-678.0430582,-692.5574109,-707.0717636,-721.5861163,-736.100469,-750.6148218
12980,248.3385553,40.4521576,6.896810507,-17.07129456,-31.4521576,-36.24577861,-65.00750469,-84.18198874,-103.3564728,-122.5309568,-141.7054409,-160.879925,-180.054409,-199.2288931,-213.7545966,-228.2803002,-242.8060038,-257.3317073,-271.8574109,-286.3831144,-300.908818,-315.4345216,-329.9602251,-344.4859287,-359.0116323,-373.5373358,-388.0630394,-402.588743,-417.1144465,-431.6401501,-446.1658537,-460.6915572,-475.2172608,-489.7429644,-504.2686679,-518.7943715,-533.320075,-547.8457786,-562.3714822,-576.8971857,-591.4228893,-605.9485929,-620.4742964,-635,-649.5257036,-664.0514071,-678.5771107,-693.1028143,-707.6285178,-722.1542214,-736.679925,-751.2056285
12990,248.5305816,40.48030019,6.898686679,-17.08818011,-31.48030019,-36.27767355,-65.0619137,-84.25140713,-103.4409006,-122.630394,-141.8198874,-161.0093809,-180.1988743,-199.3883677,-213.9254221,-228.4624765,-242.999531,-257.5365854,-272.0736398,-286.6106942,-301.1477486,-315.684803,-330.2218574,-344.7589118,-359.2959662,-373.8330206,-388.370075,-402.9071295,-417.4441839,-431.9812383,-446.5182927,-461.0553471,-475.5924015,-490.1294559,-504.6665103,-519.2035647,-533.7406191,-548.2776735,-562.814728,-577.3517824,-591.8888368,-606.4258912,-620.9629456,-635.5,-650.0370544,-664.5741088,-679.1111632,-693.6482176,-708.185272,-722.7223265,-737.2593809,-751.7964353
13000,248.7226079,40.50844278,6.900562852,-17.10506567,-31.50844278,-36.30956848,-65.1163227,-84.32082552,-103.5253283,-122.7298311,-141.934334,-161.1388368,-180.3433396,-199.5478424,-214.0962477,-228.6446529,-243.1930582,-257.7414634,-272.2898687,-286.8382739,-301.3866792,-315.9350844,-330.4834897,-345.0318949,-359.5803002,-374.1287054,-388.6771107,-403.2255159,-417.7739212,-432.3223265,-446.8707317,-461.419137,-475.9675422,-490.5159475,-505.0643527,-519.612758,-534.1611632,-548.7095685,-563.2579737,-577.806379,-592.3547842,-606.9031895,-621.4515947,-636,-650.5484053,-665.0968105,-679.6452158,-694.193621,-708.7420263,-723.2904315,-737.8388368,-752.387242
13010,248.9146341,40.53658537,6.902439024,-17.12195122,-31.53658537,-36.34146341,-65.17073171,-84.3902439,-103.6097561,-122.8292683,-142.0487805,-161.2682927,-180.4878049,-199.7073171,-214.2670732,-228.8268293,-243.3865854,-257.9463415,-272.5060976,-287.0658537,-301.6256098,-316.1853659,-330.745122,-345.304878,-359.8646341,-374.4243902,-388.9841463,-403.5439024,-418.1036585,-432.6634146,-447.2231707,-461.7829268,-476.3426829,-490.902439,-505.4621951,-520.0219512,-534.5817073,-549.1414634,-563.7012195,-578.2609756,-592.8207317,-607.3804878,-621.9402439,-636.5,-651.0597561,-665.6195122,-680.1792683,-694.7390244,-709.2987805,-723.8585366,-738.4182927,-752.9780488
13020,249.1066604,40.56472795,6.904315197,-17.13883677,-31.56472795,-36.37335835,-65.22514071,-84.45966229,-103.6941839,-122.9287054,-142.163227,-161.3977486,-180.6322702,-199.8667917,-214.4378987,-229.0090056,-243.5801126,-258.1512195,-272.7223265,-287.2934334,-301.8645403,-316.4356473,-331.0067542,-345.5778612,-360.1489681,-374.720075,-389.291182,-403.8622889,-418.4333959,-433.0045028,-447.5756098,-462.1467167,-476.7178236,-491.2889306,-505.8600375,-520.4311445,-535.0022514,-549.5733583,-564.1444653,-578.7155722,-593.2866792,-607.8577861,-622.4288931,-637,-651.5711069,-666.1422139,-680.7133208,-695.2844278,-709.8555347,-724.4266417,-738.9977486,-753.5688555
13030,249.2986867,40.59287054,6.90619137,-17.15572233,-31.59287054,-36.40525328,-65.27954972,-84.52908068,-103.7786116,-123.0281426,-142.2776735,-161.5272045,-180.7767355,-200.0262664,-214.6087242,-229.191182,-243.7736398,-258.3560976,-272.9385553,-287.5210131,-302.1034709,-316.6859287,-331.2683865,-345.8508443,-360.4333021,-375.0157598,-389.5982176,-404.1806754,-418.7631332,-433.345591,-447.9280488,-462.5105066,-477.0929644,-491.6754221,-506.2578799,-520.8403377,-535.4227955,-550.0052533,-564.5877111,-579.1701689,-593.7526266,-608.3350844,-622.9175422,-637.5,-652.0824578,-666.6649156,-681.2473734,-695.8298311,-710.4122889,-724.9947467,-739.5772045,-754.1596623
13040,249.4907129,40.62101313,6.908067542,-17.17260788,-31.62101313,-36.43714822,-65.33395872,-84.59849906,-103.8630394,-123.1275797,-142.3921201,-161.6566604,-180.9212008,-200.1857411,-214.7795497,-229.3733583,-243.967167,-258.5609756,-273.1547842,-287.7485929,-302.3424015,-316.9362101,-331.5300188,-346.1238274,-360.717636,-375.3114447,-389.9052533,-404.4990619,-419.0928705,-433.6866792,-448.2804878,-462.8742964,-477.4681051,-492.0619137,-506.6557223,-521.249531,-535.8433396,-550.4371482,-565.0309568,-579.6247655,-594.2185741,-608.8123827,-623.4061914,-638,-652.5938086,-667.1876173,-681.7814259,-696.3752345,-710.9690432,-725.5628518,-740.1566604,-754.750469
13050,249.6827392,40.64915572,6.909943715,-17.18949343,-31.64915572,-36.46904315,-65.38836773,-84.66791745,-103.9474672,-123.2270169,-142.5065666,-161.7861163,-181.065666,-200.3452158,-214.9503752,-229.5555347,-244.1606942,-258.7658537,-273.3710131,-287.9761726,-302.5813321,-317.1864916,-331.791651,-346.3968105,-361.00197,-375.6071295,-390.2122889,-404.8174484,-419.4226079,-434.0277674,-448.6329268,-463.2380863,-477.8432458,-492.4484053,-507.0535647,-521.6587242,-536.2638837,-550.8690432,-565.4742026,-580.0793621,-594.6845216,-609.2896811,-623.8948405,-638.5,-653.1051595,-667.7103189,-682.3154784,-696.9206379,-711.5257974,-726.1309568,-740.7361163,-755.3412758
13060,249.8747655,40.67729831,6.911819887,-17.20637899,-31.67729831,-36.50093809,-65.44277674,-84.73733583,-104.0318949,-123.326454,-142.6210131,-161.9155722,-181.2101313,-200.5046904,-215.1212008,-229.7377111,-244.3542214,-258.9707317,-273.587242,-288.2037523,-302.8202627,-317.436773,-332.0532833,-346.6697936,-361.2863039,-375.9028143,-390.5193246,-405.1358349,-419.7523452,-434.3688555,-448.9853659,-463.6018762,-478.2183865,-492.8348968,-507.4514071,-522.0679174,-536.6844278,-551.3009381,-565.9174484,-580.5339587,-595.150469,-609.7669794,-624.3834897,-639,-653.6165103,-668.2330206,-682.849531,-697.4660413,-712.0825516,-726.6990619,-741.3155722,-755.9320826
13070,250.0667917,40.7054409,6.91369606,-17.22326454,-31.7054409,-36.53283302,-65.49718574,-84.80675422,-104.1163227,-123.4258912,-142.7354597,-162.0450281,-181.3545966,-200.6641651,-215.2920263,-229.9198874,-244.5477486,-259.1756098,-273.8034709,-288.4313321,-303.0591932,-317.6870544,-332.3149156,-346.9427767,-361.5706379,-376.1984991,-390.8263602,-405.4542214,-420.0820826,-434.7099437,-449.3378049,-463.965666,-478.5935272,-493.2213884,-507.8492495,-522.4771107,-537.1049719,-551.732833,-566.3606942,-580.9885553,-595.6164165,-610.2442777,-624.8721388,-639.5,-654.1278612,-668.7557223,-683.3835835,-698.0114447,-712.6393058,-727.267167,-741.8950281,-756.5228893
13080,250.258818,40.73358349,6.915572233,-17.24015009,-31.73358349,-36.56472795,-65.55159475,-84.87617261,-104.2007505,-123.5253283,-142.8499062,-162.1744841,-181.4990619,-200.8236398,-215.4628518,-230.1020638,-244.7412758,-259.3804878,-274.0196998,-288.6589118,-303.2981238,-317.9373358,-332.5765478,-347.2157598,-361.8549719,-376.4941839,-391.1333959,-405.7726079,-420.4118199,-435.0510319,-449.6902439,-464.3294559,-478.9686679,-493.6078799,-508.2470919,-522.8863039,-537.5255159,-552.164728,-566.80394,-581.443152,-596.082364,-610.721576,-625.360788,-640,-654.639212,-669.278424,-683.917636,-698.556848,-713.19606,-727.835272,-742.4744841,-757.1136961
13090,250.4508443,40.76172608,6.917448405,-17.25703565,-31.76172608,-36.59662289,-65.60600375,-84.94559099,-104.2851782,-123.6247655,-142.9643527,-162.30394,-181.6435272,-200.9831144,-215.6336773,-230.2842402,-244.934803,-259.5853659,-274.2359287,-288.8864916,-303.5370544,-318.1876173,-332.8381801,-347.488743,-362.1393058,-376.7898687,-391.4404315,-406.0909944,-420.7415572,-435.3921201,-450.0426829,-464.6932458,-479.3438086,-493.9943715,-508.6449343,-523.2954972,-537.94606,-552.5966229,-567.2471857,-581.8977486,-596.5483114,-611.1988743,-625.8494371,-640.5,-655.1505629,-669.8011257,-684.4516886,-699.1022514,-713.7528143,-728.4033771,-743.05394,-757.7045028
13100,250.6428705,40.78986867,6.919324578,-17.2739212,-31.78986867,-36.62851782,-65.66041276,-85.01500938,-104.369606,-123.7242026,-143.0787992,-162.4333959,-181.7879925,-201.1425891,-215.8045028,-230.4664165,-245.1283302,-259.7902439,-274.4521576,-289.1140713,-303.775985,-318.4378987,-333.0998124,-347.7617261,-362.4236398,-377.0855535,-391.7474672,-406.4093809,-421.0712946,-435.7332083,-450.395122,-465.0570356,-479.7189493,-494.380863,-509.0427767,-523.7046904,-538.3666041,-553.0285178,-567.6904315,-582.3523452,-597.0142589,-611.6761726,-626.3380863,-641,-655.6619137,-670.3238274,-684.9857411,-699.6476548,-714.3095685,-728.9714822,-743.6333959,-758.2953096
13110,250.8348968,40.81801126,6.92120075,-17.29080675,-31.81801126,-36.66041276,-65.71482176,-85.08442777,-104.4540338,-123.8236398,-143.1932458,-162.5628518,-181.9324578,-201.3020638,-215.9753283,-230.6485929,-245.3218574,-259.995122,-274.6683865,-289.341651,-304.0149156,-318.6881801,-333.3614447,-348.0347092,-362.7079737,-377.3812383,-392.0545028,-406.7277674,-421.4010319,-436.0742964,-450.747561,-465.4208255,-480.0940901,-494.7673546,-509.4406191,-524.1138837,-538.7871482,-553.4604128,-568.1336773,-582.8069418,-597.4802064,-612.1534709,-626.8267355,-641.5,-656.1732645,-670.8465291,-685.5197936,-700.1930582,-714.8663227,-729.5395872,-744.2128518,-758.8861163
13120,251.0269231,40.84615385,6.923076923,-17.30769231,-31.84615385,-36.69230769,-65.76923077,-85.15384615,-104.5384615,-123.9230769,-143.3076923,-162.6923077,-182.0769231,-201.4615385,-216.1461538,-230.8307692,-245.5153846,-260.2,-274.8846154,-289.5692308,-304.2538462,-318.9384615,-333.6230769,-348.3076923,-362.9923077,-377.6769231,-392.3615385,-407.0461538,-421.7307692,-436.4153846,-451.1,-465.7846154,-480.4692308,-495.1538462,-509.8384615,-524.5230769,-539.2076923,-553.8923077,-568.5769231,-583.2615385,-597.9461538,-612.6307692,-627.3153846,-642,-656.6846154,-671.3692308,-686.0538462,-700.7384615,-715.4230769,-730.1076923,-744.7923077,-759.4769231
13130,251.2189493,40.87429644,6.924953096,-17.32457786,-31.87429644,-36.72420263,-65.82363977,-85.22326454,-104.6228893,-124.0225141,-143.4221388,-162.8217636,-182.2213884,-201.6210131,-216.3169794,-231.0129456,-245.7089118,-260.404878,-275.1008443,-289.7968105,-304.4927767,-319.188743,-333.8847092,-348.5806754,-363.2766417,-377.9726079,-392.6685741,-407.3645403,-422.0605066,-436.7564728,-451.452439,-466.1484053,-480.8443715,-495.5403377,-510.2363039,-524.9322702,-539.6282364,-554.3242026,-569.0201689,-583.7161351,-598.4121013,-613.1080675,-627.8040338,-642.5,-657.1959662,-671.8919325,-686.5878987,-701.2838649,-715.9798311,-730.6757974,-745.3717636,-760.0677298
13140,251.4109756,40.90243902,6.926829268,-17.34146341,-31.90243902,-36.75609756,-65.87804878,-85.29268293,-104.7073171,-124.1219512,-143.5365854,-162.9512195,-182.3658537,-201.7804878,-216.4878049,-231.195122,-245.902439,-260.6097561,-275.3170732,-290.0243902,-304.7317073,-319.4390244,-334.1463415,-348.8536585,-363.5609756,-378.2682927,-392.9756098,-407.6829268,-422.3902439,-437.097561,-451.804878,-466.5121951,-481.2195122,-495.9268293,-510.6341463,-525.3414634,-540.0487805,-554.7560976,-569.4634146,-584.1707317,-598.8780488,-613.5853659,-628.2926829,-643,-657.7073171,-672.4146341,-687.1219512,-701.8292683,-716.5365854,-731.2439024,-745.9512195,-760.6585366
13150,251.6030019,40.93058161,6.928705441,-17.35834897,-31.93058161,-36.7879925,-65.93245779,-85.36210131,-104.7917448,-124.2213884,-143.6510319,-163.0806754,-182.5103189,-201.9399625,-216.6586304,-231.3772983,-246.0959662,-260.8146341,-275.5333021,-290.25197,-304.9706379,-319.6893058,-334.4079737,-349.1266417,-363.8453096,-378.5639775,-393.2826454,-408.0013133,-422.7199812,-437.4386492,-452.1573171,-466.875985,-481.5946529,-496.3133208,-511.0319887,-525.7506567,-540.4693246,-555.1879925,-569.9066604,-584.6253283,-599.3439962,-614.0626642,-628.7813321,-643.5,-658.2186679,-672.9373358,-687.6560038,-702.3746717,-717.0933396,-731.8120075,-746.5306754,-761.2493433
13160,251.7950281,40.9587242,6.930581614,-17.37523452,-31.9587242,-36.81988743,-65.98686679,-85.4315197,-104.8761726,-124.3208255,-143.7654784,-163.2101313,-182.6547842,-202.0994371,-216.8294559,-231.5594747,-246.2894934,-261.0195122,-275.749531,-290.4795497,-305.2095685,-319.9395872,-334.669606,-349.3996248,-364.1296435,-378.8596623,-393.5896811,-408.3196998,-423.0497186,-437.7797373,-452.5097561,-467.2397749,-481.9697936,-496.6998124,-511.4298311,-526.1598499,-540.8898687,-555.6198874,-570.3499062,-585.079925,-599.8099437,-614.5399625,-629.2699812,-644,-658.7300188,-673.4600375,-688.1900563,-702.920075,-717.6500938,-732.3801126,-747.1101313,-761.8401501
13170,251.9870544,40.98686679,6.932457786,-17.39212008,-31.98686679,-36.85178236,-66.0412758,-85.50093809,-104.9606004,-124.4202627,-143.879925,-163.3395872,-182.7992495,-202.2589118,-217.0002814,-231.741651,-246.4830206,-261.2243902,-275.9657598,-290.7071295,-305.4484991,-320.1898687,-334.9312383,-349.6726079,-364.4139775,-379.1553471,-393.8967167,-408.6380863,-423.3794559,-438.1208255,-452.8621951,-467.6035647,-482.3449343,-497.0863039,-511.8276735,-526.5690432,-541.3104128,-556.0517824,-570.793152,-585.5345216,-600.2758912,-615.0172608,-629.7586304,-644.5,-659.2413696,-673.9827392,-688.7241088,-703.4654784,-718.206848,-732.9482176,-747.6895872,-762.4309568
13180,252.1790807,41.01500938,6.934333959,-17.40900563,-32.01500938,-36.8836773,-66.0956848,-85.57035647,-105.0450281,-124.5196998,-143.9943715,-163.4690432,-182.9437148,-202.4183865,-217.1711069,-231.9238274,-246.6765478,-261.4292683,-276.1819887,-290.9347092,-305.6874296,-320.4401501,-335.1928705,-349.945591,-364.6983114,-379.4510319,-394.2037523,-408.9564728,-423.7091932,-438.4619137,-453.2146341,-467.9673546,-482.720075,-497.4727955,-512.2255159,-526.9782364,-541.7309568,-556.4836773,-571.2363977,-585.9891182,-600.7418386,-615.4945591,-630.2472795,-645,-659.7527205,-674.5054409,-689.2581614,-704.0108818,-718.7636023,-733.5163227,-748.2690432,-763.0217636
13190,252.3711069,41.04315197,6.936210131,-17.42589118,-32.04315197,-36.91557223,-66.15009381,-85.63977486,-105.1294559,-124.619137,-144.108818,-163.5984991,-183.0881801,-202.5778612,-217.3419325,-232.1060038,-246.870075,-261.6341463,-276.3982176,-291.1622889,-305.9263602,-320.6904315,-335.4545028,-350.2185741,-364.9826454,-379.7467167,-394.510788,-409.2748593,-424.0389306,-438.8030019,-453.5670732,-468.3311445,-483.0952158,-497.8592871,-512.6233583,-527.3874296,-542.1515009,-556.9155722,-571.6796435,-586.4437148,-601.2077861,-615.9718574,-630.7359287,-645.5,-660.2640713,-675.0281426,-689.7922139,-704.5562852,-719.3203565,-734.0844278,-748.8484991,-763.6125704
13200,252.5631332,41.07129456,6.938086304,-17.44277674,-32.07129456,-36.94746717,-66.20450281,-85.70919325,-105.2138837,-124.7185741,-144.2232645,-163.727955,-183.2326454,-202.7373358,-217.512758,-232.2881801,-247.0636023,-261.8390244,-276.6144465,-291.3898687,-306.1652908,-320.9407129,-335.7161351,-350.4915572,-365.2669794,-380.0424015,-394.8178236,-409.5932458,-424.3686679,-439.1440901,-453.9195122,-468.6949343,-483.4703565,-498.2457786,-513.0212008,-527.7966229,-542.572045,-557.3474672,-572.1228893,-586.8983114,-601.6737336,-616.4491557,-631.2245779,-646,-660.7754221,-675.5508443,-690.3262664,-705.1016886,-719.8771107,-734.6525328,-749.427955,-764.2033771
13210,252.7551595,41.09943715,6.939962477,-17.45966229,-32.09943715,-36.9793621,-66.25891182,-85.77861163,-105.2983114,-124.8180113,-144.3377111,-163.8574109,-183.3771107,-202.8968105,-217.6835835,-232.4703565,-247.2571295,-262.0439024,-276.8306754,-291.6174484,-306.4042214,-321.1909944,-335.9777674,-350.7645403,-365.5513133,-380.3380863,-395.1248593,-409.9116323,-424.6984053,-439.4851782,-454.2719512,-469.0587242,-483.8454972,-498.6322702,-513.4190432,-528.2058161,-542.9925891,-557.7793621,-572.5661351,-587.3529081,-602.1396811,-616.926454,-631.713227,-646.5,-661.286773,-676.073546,-690.8603189,-705.6470919,-720.4338649,-735.2206379,-750.0074109,-764.7941839
13220,252.9471857,41.12757974,6.941838649,-17.47654784,-32.12757974,-37.01125704,-66.31332083,-85.84803002,-105.3827392,-124.9174484,-144.4521576,-163.9868668,-183.521576,-203.0562852,-217.854409,-232.6525328,-247.4506567,-262.2487805,-277.0469043,-291.8450281,-306.643152,-321.4412758,-336.2393996,-351.0375235,-365.8356473,-380.6337711,-395.4318949,-410.2300188,-425.0281426,-439.8262664,-454.6243902,-469.4225141,-484.2206379,-499.0187617,-513.8168856,-528.6150094,-543.4131332,-558.211257,-573.0093809,-587.8075047,-602.6056285,-617.4037523,-632.2018762,-647,-661.7981238,-676.5962477,-691.3943715,-706.1924953,-720.9906191,-735.788743,-750.5868668,-765.3849906
13230,253.139212,41.15572233,6.943714822,-17.4934334,-32.15572233,-37.04315197,-66.36772983,-85.91744841,-105.467167,-125.0168856,-144.5666041,-164.1163227,-183.6660413,-203.2157598,-218.0252345,-232.8347092,-247.6441839,-262.4536585,-277.2631332,-292.0726079,-306.8820826,-321.6915572,-336.5010319,-351.3105066,-366.1199812,-380.9294559,-395.7389306,-410.5484053,-425.3578799,-440.1673546,-454.9768293,-469.7863039,-484.5957786,-499.4052533,-514.214728,-529.0242026,-543.8336773,-558.643152,-573.4526266,-588.2621013,-603.071576,-617.8810507,-632.6905253,-647.5,-662.3094747,-677.1189493,-691.928424,-706.7378987,-721.5473734,-736.356848,-751.1663227,-765.9757974
13240,253.3312383,41.18386492,6.945590994,-17.51031895,-32.18386492,-37.0750469,-66.42213884,-85.98686679,-105.5515947,-125.1163227,-144.6810507,-164.2457786,-183.8105066,-203.3752345,-218.19606,-233.0168856,-247.8377111,-262.6585366,-277.4793621,-292.3001876,-307.1210131,-321.9418386,-336.7626642,-351.5834897,-366.4043152,-381.2251407,-396.0459662,-410.8667917,-425.6876173,-440.5084428,-455.3292683,-470.1500938,-484.9709193,-499.7917448,-514.6125704,-529.4333959,-544.2542214,-559.0750469,-573.8958724,-588.7166979,-603.5375235,-618.358349,-633.1791745,-648,-662.8208255,-677.641651,-692.4624765,-707.2833021,-722.1041276,-736.9249531,-751.7457786,-766.5666041
13250,253.5232645,41.2120075,6.947467167,-17.5272045,-32.2120075,-37.10694184,-66.47654784,-86.05628518,-105.6360225,-125.2157598,-144.7954972,-164.3752345,-183.9549719,-203.5347092,-218.3668856,-233.1990619,-248.0312383,-262.8634146,-277.695591,-292.5277674,-307.3599437,-322.1921201,-337.0242964,-351.8564728,-366.6886492,-381.5208255,-396.3530019,-411.1851782,-426.0173546,-440.849531,-455.6817073,-470.5138837,-485.34606,-500.1782364,-515.0104128,-529.8425891,-544.6747655,-559.5069418,-574.3391182,-589.1712946,-604.0034709,-618.8356473,-633.6678236,-648.5,-663.3321764,-678.1643527,-692.9965291,-707.8287054,-722.6608818,-737.4930582,-752.3252345,-767.1574109
13260,253.7152908,41.24015009,6.94934334,-17.54409006,-32.24015009,-37.13883677,-66.53095685,-86.12570356,-105.7204503,-125.315197,-144.9099437,-164.5046904,-184.0994371,-203.6941839,-218.5377111,-233.3812383,-248.2247655,-263.0682927,-277.9118199,-292.7553471,-307.5988743,-322.4424015,-337.2859287,-352.1294559,-366.9729831,-381.8165103,-396.6600375,-411.5035647,-426.3470919,-441.1906191,-456.0341463,-470.8776735,-485.7212008,-500.564728,-515.4082552,-530.2517824,-545.0953096,-559.9388368,-574.782364,-589.6258912,-604.4694184,-619.3129456,-634.1564728,-649,-663.8435272,-678.6870544,-693.5305816,-708.3741088,-723.217636,-738.0611632,-752.9046904,-767.7482176
13270,253.9073171,41.26829268,6.951219512,-17.56097561,-32.26829268,-37.17073171,-66.58536585,-86.19512195,-105.804878,-125.4146341,-145.0243902,-164.6341463,-184.2439024,-203.8536585,-218.7085366,-233.5634146,-248.4182927,-263.2731707,-278.1280488,-292.9829268,-307.8378049,-322.6926829,-337.547561,-352.402439,-367.2573171,-382.1121951,-396.9670732,-411.8219512,-426.6768293,-441.5317073,-456.3865854,-471.2414634,-486.0963415,-500.9512195,-515.8060976,-530.6609756,-545.5158537,-560.3707317,-575.2256098,-590.0804878,-604.9353659,-619.7902439,-634.645122,-649.5,-664.354878,-679.2097561,-694.0646341,-708.9195122,-723.7743902,-738.6292683,-753.4841463,-768.3390244
13280,254.0993433,41.29643527,6.953095685,-17.57786116,-32.29643527,-37.20262664,-66.63977486,-86.26454034,-105.8893058,-125.5140713,-145.1388368,-164.7636023,-184.3883677,-204.0131332,-218.8793621,-233.745591,-248.6118199,-263.4780488,-278.3442777,-293.2105066,-308.0767355,-322.9429644,-337.8091932,-352.6754221,-367.541651,-382.4078799,-397.2741088,-412.1403377,-427.0065666,-441.8727955,-456.7390244,-471.6052533,-486.4714822,-501.3377111,-516.20394,-531.0701689,-545.9363977,-560.8026266,-575.6688555,-590.5350844,-605.4013133,-620.2675422,-635.1337711,-650,-664.8662289,-679.7324578,-694.5986867,-709.4649156,-724.3311445,-739.1973734,-754.0636023,-768.9298311
13290,254.2913696,41.32457786,6.954971857,-17.59474672,-32.32457786,-37.23452158,-66.69418386,-86.33395872,-105.9737336,-125.6135084,-145.2532833,-164.8930582,-184.532833,-204.1726079,-219.0501876,-233.9277674,-248.8053471,-263.6829268,-278.5605066,-293.4380863,-308.315666,-323.1932458,-338.0708255,-352.9484053,-367.825985,-382.7035647,-397.5811445,-412.4587242,-427.3363039,-442.2138837,-457.0914634,-471.9690432,-486.8466229,-501.7242026,-516.6017824,-531.4793621,-546.3569418,-561.2345216,-576.1121013,-590.9896811,-605.8672608,-620.7448405,-635.6224203,-650.5,-665.3775797,-680.2551595,-695.1327392,-710.0103189,-724.8878987,-739.7654784,-754.6430582,-769.5206379
13300,254.4833959,41.35272045,6.95684803,-17.61163227,-32.35272045,-37.26641651,-66.74859287,-86.40337711,-106.0581614,-125.7129456,-145.3677298,-165.0225141,-184.6772983,-204.3320826,-219.2210131,-234.1099437,-248.9988743,-263.8878049,-278.7767355,-293.665666,-308.5545966,-323.4435272,-338.3324578,-353.2213884,-368.1103189,-382.9992495,-397.8881801,-412.7771107,-427.6660413,-442.5549719,-457.4439024,-472.332833,-487.2217636,-502.1106942,-516.9996248,-531.8885553,-546.7774859,-561.6664165,-576.5553471,-591.4442777,-606.3332083,-621.2221388,-636.1110694,-651,-665.8889306,-680.7778612,-695.6667917,-710.5557223,-725.4446529,-740.3335835,-755.2225141,-770.1114447
13310,254.6754221,41.38086304,6.958724203,-17.62851782,-32.38086304,-37.29831144,-66.80300188,-86.4727955,-106.1425891,-125.8123827,-145.4821764,-165.15197,-184.8217636,-204.4915572,-219.3918386,-234.2921201,-249.1924015,-264.0926829,-278.9929644,-293.8932458,-308.7935272,-323.6938086,-338.5940901,-353.4943715,-368.3946529,-383.2949343,-398.1952158,-413.0954972,-427.9957786,-442.89606,-457.7963415,-472.6966229,-487.5969043,-502.4971857,-517.3974672,-532.2977486,-547.19803,-562.0983114,-576.9985929,-591.8988743,-606.7991557,-621.6994371,-636.5997186,-651.5,-666.4002814,-681.3005629,-696.2008443,-711.1011257,-726.0014071,-740.9016886,-755.80197,-770.7022514
13320,254.8674484,41.40900563,6.960600375,-17.64540338,-32.40900563,-37.33020638,-66.85741088,-86.54221388,-106.2270169,-125.9118199,-145.5966229,-165.2814259,-184.9662289,-204.6510319,-219.5626642,-234.4742964,-249.3859287,-264.297561,-279.2091932,-294.1208255,-309.0324578,-323.9440901,-338.8557223,-353.7673546,-368.6789869,-383.5906191,-398.5022514,-413.4138837,-428.3255159,-443.2371482,-458.1487805,-473.0604128,-487.972045,-502.8836773,-517.7953096,-532.7069418,-547.6185741,-562.5302064,-577.4418386,-592.3534709,-607.2651032,-622.1767355,-637.0883677,-652,-666.9116323,-681.8232645,-696.7348968,-711.6465291,-726.5581614,-741.4697936,-756.3814259,-771.2930582
13330,255.0594747,41.43714822,6.962476548,-17.66228893,-32.43714822,-37.36210131,-66.91181989,-86.61163227,-106.3114447,-126.011257,-145.7110694,-165.4108818,-185.1106942,-204.8105066,-219.7334897,-234.6564728,-249.5794559,-264.502439,-279.4254221,-294.3484053,-309.2713884,-324.1943715,-339.1173546,-354.0403377,-368.9633208,-383.8863039,-398.8092871,-413.7322702,-428.6552533,-443.5782364,-458.5012195,-473.4242026,-488.3471857,-503.2701689,-518.193152,-533.1161351,-548.0391182,-562.9621013,-577.8850844,-592.8080675,-607.7310507,-622.6540338,-637.5770169,-652.5,-667.4229831,-682.3459662,-697.2689493,-712.1919325,-727.1149156,-742.0378987,-756.9608818,-771.8838649
13340,255.2515009,41.46529081,6.96435272,-17.67917448,-32.46529081,-37.39399625,-66.96622889,-86.68105066,-106.3958724,-126.1106942,-145.8255159,-165.5403377,-185.2551595,-204.9699812,-219.9043152,-234.8386492,-249.7729831,-264.7073171,-279.641651,-294.575985,-309.5103189,-324.4446529,-339.3789869,-354.3133208,-369.2476548,-384.1819887,-399.1163227,-414.0506567,-428.9849906,-443.9193246,-458.8536585,-473.7879925,-488.7223265,-503.6566604,-518.5909944,-533.5253283,-548.4596623,-563.3939962,-578.3283302,-593.2626642,-608.1969981,-623.1313321,-638.065666,-653,-667.934334,-682.8686679,-697.8030019,-712.7373358,-727.6716698,-742.6060038,-757.5403377,-772.4746717
13350,255.4435272,41.4934334,6.966228893,-17.69606004,-32.4934334,-37.42589118,-67.0206379,-86.75046904,-106.4803002,-126.2101313,-145.9399625,-165.6697936,-185.3996248,-205.1294559,-220.0751407,-235.0208255,-249.9665103,-264.9121951,-279.8578799,-294.8035647,-309.7492495,-324.6949343,-339.6406191,-354.5863039,-369.5319887,-384.4776735,-399.4233583,-414.3690432,-429.314728,-444.2604128,-459.2060976,-474.1517824,-489.0974672,-504.043152,-518.9888368,-533.9345216,-548.8802064,-563.8258912,-578.771576,-593.7172608,-608.6629456,-623.6086304,-638.5543152,-653.5,-668.4456848,-683.3913696,-698.3370544,-713.2827392,-728.228424,-743.1741088,-758.1197936,-773.0654784
13360,255.6355535,41.52157598,6.968105066,-17.71294559,-32.52157598,-37.45778612,-67.0750469,-86.81988743,-106.564728,-126.3095685,-146.054409,-165.7992495,-185.5440901,-205.2889306,-220.2459662,-235.2030019,-250.1600375,-265.1170732,-280.0741088,-295.0311445,-309.9881801,-324.9452158,-339.9022514,-354.8592871,-369.8163227,-384.7733583,-399.730394,-414.6874296,-429.6444653,-444.6015009,-459.5585366,-474.5155722,-489.4726079,-504.4296435,-519.3866792,-534.3437148,-549.3007505,-564.2577861,-579.2148218,-594.1718574,-609.1288931,-624.0859287,-639.0429644,-654,-668.9570356,-683.9140713,-698.8711069,-713.8281426,-728.7851782,-743.7422139,-758.6992495,-773.6562852
13370,255.8275797,41.54971857,6.969981238,-17.72983114,-32.54971857,-37.48968105,-67.12945591,-86.88930582,-106.6491557,-126.4090056,-146.1688555,-165.9287054,-185.6885553,-205.4484053,-220.4167917,-235.3851782,-250.3535647,-265.3219512,-280.2903377,-295.2587242,-310.2271107,-325.1954972,-340.1638837,-355.1322702,-370.1006567,-385.0690432,-400.0374296,-415.0058161,-429.9742026,-444.9425891,-459.9109756,-474.8793621,-489.8477486,-504.8161351,-519.7845216,-534.7529081,-549.7212946,-564.6896811,-579.6580675,-594.626454,-609.5948405,-624.563227,-639.5316135,-654.5,-669.4683865,-684.436773,-699.4051595,-714.373546,-729.3419325,-744.3103189,-759.2787054,-774.2470919
13380,256.019606,41.57786116,6.971857411,-17.7467167,-32.57786116,-37.52157598,-67.18386492,-86.9587242,-106.7335835,-126.5084428,-146.2833021,-166.0581614,-185.8330206,-205.6078799,-220.5876173,-235.5673546,-250.5470919,-265.5268293,-280.5065666,-295.4863039,-310.4660413,-325.4457786,-340.4255159,-355.4052533,-370.3849906,-385.364728,-400.3444653,-415.3242026,-430.30394,-445.2836773,-460.2634146,-475.243152,-490.2228893,-505.2026266,-520.182364,-535.1621013,-550.1418386,-565.121576,-580.1013133,-595.0810507,-610.060788,-625.0405253,-640.0202627,-655,-669.9797373,-684.9594747,-699.939212,-714.9189493,-729.8986867,-744.878424,-759.8581614,-774.8378987
13390,256.2116323,41.60600375,6.973733583,-17.76360225,-32.60600375,-37.55347092,-67.23827392,-87.02814259,-106.8180113,-126.6078799,-146.3977486,-166.1876173,-185.9774859,-205.7673546,-220.7584428,-235.749531,-250.7406191,-265.7317073,-280.7227955,-295.7138837,-310.7049719,-325.69606,-340.6871482,-355.6782364,-370.6693246,-385.6604128,-400.6515009,-415.6425891,-430.6336773,-445.6247655,-460.6158537,-475.6069418,-490.59803,-505.5891182,-520.5802064,-535.5712946,-550.5623827,-565.5534709,-580.5445591,-595.5356473,-610.5267355,-625.5178236,-640.5089118,-655.5,-670.4910882,-685.4821764,-700.4732645,-715.4643527,-730.4554409,-745.4465291,-760.4376173,-775.4287054
13400,256.4036585,41.63414634,6.975609756,-17.7804878,-32.63414634,-37.58536585,-67.29268293,-87.09756098,-106.902439,-126.7073171,-146.5121951,-166.3170732,-186.1219512,-205.9268293,-220.9292683,-235.9317073,-250.9341463,-265.9365854,-280.9390244,-295.9414634,-310.9439024,-325.9463415,-340.9487805,-355.9512195,-370.9536585,-385.9560976,-400.9585366,-415.9609756,-430.9634146,-445.9658537,-460.9682927,-475.9707317,-490.9731707,-505.9756098,-520.9780488,-535.9804878,-550.9829268,-565.9853659,-580.9878049,-595.9902439,-610.9926829,-625.995122,-640.997561,-656,-671.002439,-686.004878,-701.0073171,-716.0097561,-731.0121951,-746.0146341,-761.0170732,-776.0195122
13410,256.5956848,41.66228893,6.977485929,-17.79737336,-32.66228893,-37.61726079,-67.34709193,-87.16697936,-106.9868668,-126.8067542,-146.6266417,-166.4465291,-186.2664165,-206.0863039,-221.1000938,-236.1138837,-251.1276735,-266.1414634,-281.1552533,-296.1690432,-311.182833,-326.1966229,-341.2104128,-356.2242026,-371.2379925,-386.2517824,-401.2655722,-416.2793621,-431.293152,-446.3069418,-461.3207317,-476.3345216,-491.3483114,-506.3621013,-521.3758912,-536.3896811,-551.4034709,-566.4172608,-581.4310507,-596.4448405,-611.4586304,-626.4724203,-641.4862101,-656.5,-671.5137899,-686.5275797,-701.5413696,-716.5551595,-731.5689493,-746.5827392,-761.5965291,-776.6103189
13420,256.7877111,41.69043152,6.979362101,-17.81425891,-32.69043152,-37.64915572,-67.40150094,-87.23639775,-107.0712946,-126.9061914,-146.7410882,-166.575985,-186.4108818,-206.2457786,-221.2709193,-236.29606,-251.3212008,-266.3463415,-281.3714822,-296.3966229,-311.4217636,-326.4469043,-341.472045,-356.4971857,-371.5223265,-386.5474672,-401.5726079,-416.5977486,-431.6228893,-446.64803,-461.6731707,-476.6983114,-491.7234522,-506.7485929,-521.7737336,-536.7988743,-551.824015,-566.8491557,-581.8742964,-596.8994371,-611.9245779,-626.9497186,-641.9748593,-657,-672.0251407,-687.0502814,-702.0754221,-717.1005629,-732.1257036,-747.1508443,-762.175985,-777.2011257
13430,256.9797373,41.71857411,6.981238274,-17.83114447,-32.71857411,-37.68105066,-67.45590994,-87.30581614,-107.1557223,-127.0056285,-146.8555347,-166.7054409,-186.5553471,-206.4052533,-221.4417448,-236.4782364,-251.514728,-266.5512195,-281.5877111,-296.6242026,-311.6606942,-326.6971857,-341.7336773,-356.7701689,-371.8066604,-386.843152,-401.8796435,-416.9161351,-431.9526266,-446.9891182,-462.0256098,-477.0621013,-492.0985929,-507.1350844,-522.171576,-537.2080675,-552.2445591,-567.2810507,-582.3175422,-597.3540338,-612.3905253,-627.4270169,-642.4635084,-657.5,-672.5364916,-687.5729831,-702.6094747,-717.6459662,-732.6824578,-747.7189493,-762.7554409,-777.7919325
13440,257.1717636,41.7467167,6.983114447,-17.84803002,-32.7467167,-37.71294559,-67.51031895,-87.37523452,-107.2401501,-127.1050657,-146.9699812,-166.8348968,-186.6998124,-206.564728,-221.6125704,-236.6604128,-251.7082552,-266.7560976,-281.80394,-296.8517824,-311.8996248,-326.9474672,-341.9953096,-357.043152,-372.0909944,-387.1388368,-402.1866792,-417.2345216,-432.282364,-447.3302064,-462.3780488,-477.4258912,-492.4737336,-507.521576,-522.5694184,-537.6172608,-552.6651032,-567.7129456,-582.760788,-597.8086304,-612.8564728,-627.9043152,-642.9521576,-658,-673.0478424,-688.0956848,-703.1435272,-718.1913696,-733.239212,-748.2870544,-763.3348968,-778.3827392
13450,257.3637899,41.77485929,6.984990619,-17.86491557,-32.77485929,-37.74484053,-67.56472795,-87.44465291,-107.3245779,-127.2045028,-147.0844278,-166.9643527,-186.8442777,-206.7242026,-221.7833959,-236.8425891,-251.9017824,-266.9609756,-282.0201689,-297.0793621,-312.1385553,-327.1977486,-342.2569418,-357.3161351,-372.3753283,-387.4345216,-402.4937148,-417.5529081,-432.6121013,-447.6712946,-462.7304878,-477.7896811,-492.8488743,-507.9080675,-522.9672608,-538.026454,-553.0856473,-568.1448405,-583.2040338,-598.263227,-613.3224203,-628.3816135,-643.4408068,-658.5,-673.5591932,-688.6183865,-703.6775797,-718.736773,-733.7959662,-748.8551595,-763.9143527,-778.973546
13460,257.5558161,41.80300188,6.986866792,-17.88180113,-32.80300188,-37.77673546,-67.61913696,-87.51407129,-107.4090056,-127.30394,-147.1988743,-167.0938086,-186.988743,-206.8836773,-221.9542214,-237.0247655,-252.0953096,-267.1658537,-282.2363977,-297.3069418,-312.3774859,-327.44803,-342.5185741,-357.5891182,-372.6596623,-387.7302064,-402.8007505,-417.8712946,-432.9418386,-448.0123827,-463.0829268,-478.1534709,-493.224015,-508.2945591,-523.3651032,-538.4356473,-553.5061914,-568.5767355,-583.6472795,-598.7178236,-613.7883677,-628.8589118,-643.9294559,-659,-674.0705441,-689.1410882,-704.2116323,-719.2821764,-734.3527205,-749.4232645,-764.4938086,-779.5643527
13470,257.7478424,41.83114447,6.988742964,-17.89868668,-32.83114447,-37.80863039,-67.67354597,-87.58348968,-107.4934334,-127.4033771,-147.3133208,-167.2232645,-187.1332083,-207.043152,-222.1250469,-237.2069418,-252.2888368,-267.3707317,-282.4526266,-297.5345216,-312.6164165,-327.6983114,-342.7802064,-357.8621013,-372.9439962,-388.0258912,-403.1077861,-418.1896811,-433.271576,-448.3534709,-463.4353659,-478.5172608,-493.5991557,-508.6810507,-523.7629456,-538.8448405,-553.9267355,-569.0086304,-584.0905253,-599.1724203,-614.2543152,-629.3362101,-644.4181051,-659.5,-674.5818949,-689.6637899,-704.7456848,-719.8275797,-734.9094747,-749.9913696,-765.0732645,-780.1551595
13480,257.9398687,41.85928705,6.990619137,-17.91557223,-32.85928705,-37.84052533,-67.72795497,-87.65290807,-107.5778612,-127.5028143,-147.4277674,-167.3527205,-187.2776735,-207.2026266,-222.2958724,-237.3891182,-252.482364,-267.5756098,-282.6688555,-297.7621013,-312.8553471,-327.9485929,-343.0418386,-358.1350844,-373.2283302,-388.321576,-403.4148218,-418.5080675,-433.6013133,-448.6945591,-463.7878049,-478.8810507,-493.9742964,-509.0675422,-524.160788,-539.2540338,-554.3472795,-569.4405253,-584.5337711,-599.6270169,-614.7202627,-629.8135084,-644.9067542,-660,-675.0932458,-690.1864916,-705.2797373,-720.3729831,-735.4662289,-750.5594747,-765.6527205,-780.7459662
13490,258.1318949,41.88742964,6.99249531,-17.93245779,-32.88742964,-37.87242026,-67.78236398,-87.72232645,-107.6622889,-127.6022514,-147.5422139,-167.4821764,-187.4221388,-207.3621013,-222.4666979,-237.5712946,-252.6758912,-267.7804878,-282.8850844,-297.9896811,-313.0942777,-328.1988743,-343.3034709,-358.4080675,-373.5126642,-388.6172608,-403.7218574,-418.826454,-433.9310507,-449.0356473,-464.1402439,-479.2448405,-494.3494371,-509.4540338,-524.5586304,-539.663227,-554.7678236,-569.8724203,-584.9770169,-600.0816135,-615.1862101,-630.2908068,-645.3954034,-660.5,-675.6045966,-690.7091932,-705.8137899,-720.9183865,-736.0229831,-751.1275797,-766.2321764,-781.336773
13500,258.3239212,41.91557223,6.994371482,-17.94934334,-32.91557223,-37.9043152,-67.83677298,-87.79174484,-107.7467167,-127.7016886,-147.6566604,-167.6116323,-187.5666041,-207.521576,-222.6375235,-237.7534709,-252.8694184,-267.9853659,-283.1013133,-298.2172608,-313.3332083,-328.4491557,-343.5651032,-358.6810507,-373.7969981,-388.9129456,-404.0288931,-419.1448405,-434.260788,-449.3767355,-464.4926829,-479.6086304,-494.7245779,-509.8405253,-524.9564728,-540.0724203,-555.1883677,-570.3043152,-585.4202627,-600.5362101,-615.6521576,-630.7681051,-645.8840525,-661,-676.1159475,-691.2318949,-706.3478424,-721.4637899,-736.5797373,-751.6956848,-766.8116323,-781.9275797
13510,258.5159475,41.94371482,6.996247655,-17.96622889,-32.94371482,-37.93621013,-67.89118199,-87.86116323,-107.8311445,-127.8011257,-147.7711069,-167.7410882,-187.7110694,-207.6810507,-222.808349,-237.9356473,-253.0629456,-268.1902439,-283.3175422,-298.4448405,-313.5721388,-328.6994371,-343.8267355,-358.9540338,-374.0813321,-389.2086304,-404.3359287,-419.463227,-434.5905253,-449.7178236,-464.845122,-479.9724203,-495.0997186,-510.2270169,-525.3543152,-540.4816135,-555.6089118,-570.7362101,-585.8635084,-600.9908068,-616.1181051,-631.2454034,-646.3727017,-661.5,-676.6272983,-691.7545966,-706.8818949,-722.0091932,-737.1364916,-752.2637899,-767.3910882,-782.5183865
13520,258.7079737,41.97185741,6.998123827,-17.98311445,-32.97185741,-37.96810507,-67.94559099,-87.93058161,-107.9155722,-127.9005629,-147.8855535,-167.8705441,-187.8555347,-207.8405253,-222.9791745,-238.1178236,-253.2564728,-268.395122,-283.5337711,-298.6724203,-313.8110694,-328.9497186,-344.0883677,-359.2270169,-374.365666,-389.5043152,-404.6429644,-419.7816135,-434.9202627,-450.0589118,-465.197561,-480.3362101,-495.4748593,-510.6135084,-525.7521576,-540.8908068,-556.0294559,-571.1681051,-586.3067542,-601.4454034,-616.5840525,-631.7227017,-646.8613508,-662,-677.1386492,-692.2772983,-707.4159475,-722.5545966,-737.6932458,-752.8318949,-767.9705441,-783.1091932
13530,258.9,42,7,-18,-33,-38,-68,-88,-108,-128,-148,-168,-188,-208,-223.15,-238.3,-253.45,-268.6,-283.75,-298.9,-314.05,-329.2,-344.35,-359.5,-374.65,-389.8,-404.95,-420.1,-435.25,-450.4,-465.55,-480.7,-495.85,-511,-526.15,-541.3,-556.45,-571.6,-586.75,-601.9,-617.05,-632.2,-647.35,-662.5,-677.65,-692.8,-707.95,-723.1,-738.25,-753.4,-768.55,-783.7
13540,259.0920263,42.02814259,7.001876173,-18.01688555,-33.02814259,-38.03189493,-68.05440901,-88.06941839,-108.0844278,-128.0994371,-148.1144465,-168.1294559,-188.1444653,-208.1594747,-223.3208255,-238.4821764,-253.6435272,-268.804878,-283.9662289,-299.1275797,-314.2889306,-329.4502814,-344.6116323,-359.7729831,-374.934334,-390.0956848,-405.2570356,-420.4183865,-435.5797373,-450.7410882,-465.902439,-481.0637899,-496.2251407,-511.3864916,-526.5478424,-541.7091932,-556.8705441,-572.0318949,-587.1932458,-602.3545966,-617.5159475,-632.6772983,-647.8386492,-663,-678.1613508,-693.3227017,-708.4840525,-723.6454034,-738.8067542,-753.9681051,-769.1294559,-784.2908068
13550,259.2840525,42.05628518,7.003752345,-18.03377111,-33.05628518,-38.06378987,-68.10881801,-88.13883677,-108.1688555,-128.1988743,-148.2288931,-168.2589118,-188.2889306,-208.3189493,-223.491651,-238.6643527,-253.8370544,-269.0097561,-284.1824578,-299.3551595,-314.5278612,-329.7005629,-344.8732645,-360.0459662,-375.2186679,-390.3913696,-405.5640713,-420.736773,-435.9094747,-451.0821764,-466.254878,-481.4275797,-496.6002814,-511.7729831,-526.9456848,-542.1183865,-557.2910882,-572.4637899,-587.6364916,-602.8091932,-617.9818949,-633.1545966,-648.3272983,-663.5,-678.6727017,-693.8454034,-709.0181051,-724.1908068,-739.3635084,-754.5362101,-769.7089118,-784.8816135
13560,259.4760788,42.08442777,7.005628518,-18.05065666,-33.08442777,-38.0956848,-68.16322702,-88.20825516,-108.2532833,-128.2983114,-148.3433396,-168.3883677,-188.4333959,-208.478424,-223.6624765,-238.8465291,-254.0305816,-269.2146341,-284.3986867,-299.5827392,-314.7667917,-329.9508443,-345.1348968,-360.3189493,-375.5030019,-390.6870544,-405.8711069,-421.0551595,-436.239212,-451.4232645,-466.6073171,-481.7913696,-496.9754221,-512.1594747,-527.3435272,-542.5275797,-557.7116323,-572.8956848,-588.0797373,-603.2637899,-618.4478424,-633.6318949,-648.8159475,-664,-679.1840525,-694.3681051,-709.5521576,-724.7362101,-739.9202627,-755.1043152,-770.2883677,-785.4724203
13570,259.6681051,42.11257036,7.00750469,-18.06754221,-33.11257036,-38.12757974,-68.21763602,-88.27767355,-108.3377111,-128.3977486,-148.4577861,-168.5178236,-188.5778612,-208.6378987,-223.8333021,-239.0287054,-254.2241088,-269.4195122,-284.6149156,-299.8103189,-315.0057223,-330.2011257,-345.3965291,-360.5919325,-375.7873358,-390.9827392,-406.1781426,-421.373546,-436.5689493,-451.7643527,-466.9597561,-482.1551595,-497.3505629,-512.5459662,-527.7413696,-542.936773,-558.1321764,-573.3275797,-588.5229831,-603.7183865,-618.9137899,-634.1091932,-649.3045966,-664.5,-679.6954034,-694.8908068,-710.0862101,-725.2816135,-740.4770169,-755.6724203,-770.8678236,-786.063227
13580,259.8601313,42.14071295,7.009380863,-18.08442777,-33.14071295,-38.15947467,-68.27204503,-88.34709193,-108.4221388,-128.4971857,-148.5722326,-168.6472795,-188.7223265,-208.7973734,-224.0041276,-239.2108818,-254.417636,-269.6243902,-284.8311445,-300.0378987,-315.2446529,-330.4514071,-345.6581614,-360.8649156,-376.0716698,-391.278424,-406.4851782,-421.6919325,-436.8986867,-452.1054409,-467.3121951,-482.5189493,-497.7257036,-512.9324578,-528.139212,-543.3459662,-558.5527205,-573.7594747,-588.9662289,-604.1729831,-619.3797373,-634.5864916,-649.7932458,-665,-680.2067542,-695.4135084,-710.6202627,-725.8270169,-741.0337711,-756.2405253,-771.4472795,-786.6540338
13590,260.0521576,42.16885553,7.011257036,-18.10131332,-33.16885553,-38.19136961,-68.32645403,-88.41651032,-108.5065666,-128.5966229,-148.6866792,-168.7767355,-188.8667917,-208.956848,-224.1749531,-239.3930582,-254.6111632,-269.8292683,-285.0473734,-300.2654784,-315.4835835,-330.7016886,-345.9197936,-361.1378987,-376.3560038,-391.5741088,-406.7922139,-422.0103189,-437.228424,-452.4465291,-467.6646341,-482.8827392,-498.1008443,-513.3189493,-528.5370544,-543.7551595,-558.9732645,-574.1913696,-589.4094747,-604.6275797,-619.8456848,-635.0637899,-650.2818949,-665.5,-680.7181051,-695.9362101,-711.1543152,-726.3724203,-741.5905253,-756.8086304,-772.0267355,-787.2448405
13600,260.2441839,42.19699812,7.013133208,-18.11819887,-33.19699812,-38.22326454,-68.38086304,-88.48592871,-108.5909944,-128.69606,-148.8011257,-168.9061914,-189.011257,-209.1163227,-224.3457786,-239.5752345,-254.8046904,-270.0341463,-285.2636023,-300.4930582,-315.7225141,-330.95197,-346.1814259,-361.4108818,-376.6403377,-391.8697936,-407.0992495,-422.3287054,-437.5581614,-452.7876173,-468.0170732,-483.2465291,-498.475985,-513.7054409,-528.9348968,-544.1643527,-559.3938086,-574.6232645,-589.8527205,-605.0821764,-620.3116323,-635.5410882,-650.7705441,-666,-681.2294559,-696.4589118,-711.6883677,-726.9178236,-742.1472795,-757.3767355,-772.6061914,-787.8356473
13610,260.4362101,42.22514071,7.015009381,-18.13508443,-33.22514071,-38.25515947,-68.43527205,-88.55534709,-108.6754221,-128.7954972,-148.9155722,-169.0356473,-189.1557223,-209.2757974,-224.5166041,-239.7574109,-254.9982176,-270.2390244,-285.4798311,-300.7206379,-315.9614447,-331.2022514,-346.4430582,-361.6838649,-376.9246717,-392.1654784,-407.4062852,-422.6470919,-437.8878987,-453.1287054,-468.3695122,-483.6103189,-498.8511257,-514.0919325,-529.3327392,-544.573546,-559.8143527,-575.0551595,-590.2959662,-605.536773,-620.7775797,-636.0183865,-651.2591932,-666.5,-681.7408068,-696.9816135,-712.2224203,-727.463227,-742.7040338,-757.9448405,-773.1856473,-788.426454
13620,260.6282364,42.2532833,7.016885553,-18.15196998,-33.2532833,-38.28705441,-68.48968105,-88.62476548,-108.7598499,-128.8949343,-149.0300188,-169.1651032,-189.3001876,-209.435272,-224.6874296,-239.9395872,-255.1917448,-270.4439024,-285.69606,-300.9482176,-316.2003752,-331.4525328,-346.7046904,-361.956848,-377.2090056,-392.4611632,-407.7133208,-422.9654784,-438.217636,-453.4697936,-468.7219512,-483.9741088,-499.2262664,-514.478424,-529.7305816,-544.9827392,-560.2348968,-575.4870544,-590.739212,-605.9913696,-621.2435272,-636.4956848,-651.7478424,-667,-682.2521576,-697.5043152,-712.7564728,-728.0086304,-743.260788,-758.5129456,-773.7651032,-789.0172608
13630,260.8202627,42.28142589,7.018761726,-18.16885553,-33.28142589,-38.31894934,-68.54409006,-88.69418386,-108.8442777,-128.9943715,-149.1444653,-169.2945591,-189.4446529,-209.5947467,-224.8582552,-240.1217636,-255.385272,-270.6487805,-285.9122889,-301.1757974,-316.4393058,-331.7028143,-346.9663227,-362.2298311,-377.4933396,-392.756848,-408.0203565,-423.2838649,-438.5473734,-453.8108818,-469.0743902,-484.3378987,-499.6014071,-514.8649156,-530.128424,-545.3919325,-560.6554409,-575.9189493,-591.1824578,-606.4459662,-621.7094747,-636.9729831,-652.2364916,-667.5,-682.7635084,-698.0270169,-713.2905253,-728.5540338,-743.8175422,-759.0810507,-774.3445591,-789.6080675
13640,261.0122889,42.30956848,7.020637899,-18.18574109,-33.30956848,-38.35084428,-68.59849906,-88.76360225,-108.9287054,-129.0938086,-149.2589118,-169.424015,-189.5891182,-209.7542214,-225.0290807,-240.30394,-255.5787992,-270.8536585,-286.1285178,-301.4033771,-316.6782364,-331.9530957,-347.227955,-362.5028143,-377.7776735,-393.0525328,-408.3273921,-423.6022514,-438.8771107,-454.15197,-469.4268293,-484.7016886,-499.9765478,-515.2514071,-530.5262664,-545.8011257,-561.075985,-576.3508443,-591.6257036,-606.9005629,-622.1754221,-637.4502814,-652.7251407,-668,-683.2748593,-698.5497186,-713.8245779,-729.0994371,-744.3742964,-759.6491557,-774.924015,-790.1988743
13650,261.2043152,42.33771107,7.022514071,-18.20262664,-33.33771107,-38.38273921,-68.65290807,-88.83302064,-109.0131332,-129.1932458,-149.3733583,-169.5534709,-189.7335835,-209.9136961,-225.1999062,-240.4861163,-255.7723265,-271.0585366,-286.3447467,-301.6309568,-316.917167,-332.2033771,-347.4895872,-362.7757974,-378.0620075,-393.3482176,-408.6344278,-423.9206379,-439.206848,-454.4930582,-469.7792683,-485.0654784,-500.3516886,-515.6378987,-530.9241088,-546.2103189,-561.4965291,-576.7827392,-592.0689493,-607.3551595,-622.6413696,-637.9275797,-653.2137899,-668.5,-683.7862101,-699.0724203,-714.3586304,-729.6448405,-744.9310507,-760.2172608,-775.5034709,-790.7896811
13660,261.3963415,42.36585366,7.024390244,-18.2195122,-33.36585366,-38.41463415,-68.70731707,-88.90243902,-109.097561,-129.2926829,-149.4878049,-169.6829268,-189.8780488,-210.0731707,-225.3707317,-240.6682927,-255.9658537,-271.2634146,-286.5609756,-301.8585366,-317.1560976,-332.4536585,-347.7512195,-363.0487805,-378.3463415,-393.6439024,-408.9414634,-424.2390244,-439.5365854,-454.8341463,-470.1317073,-485.4292683,-500.7268293,-516.0243902,-531.3219512,-546.6195122,-561.9170732,-577.2146341,-592.5121951,-607.8097561,-623.1073171,-638.404878,-653.702439,-669,-684.297561,-699.595122,-714.8926829,-730.1902439,-745.4878049,-760.7853659,-776.0829268,-791.3804878
13670,261.5883677,42.39399625,7.026266417,-18.23639775,-33.39399625,-38.44652908,-68.76172608,-88.97185741,-109.1819887,-129.3921201,-149.6022514,-169.8123827,-190.0225141,-210.2326454,-225.5415572,-240.850469,-256.1593809,-271.4682927,-286.7772045,-302.0861163,-317.3950281,-332.70394,-348.0128518,-363.3217636,-378.6306754,-393.9395872,-409.2484991,-424.5574109,-439.8663227,-455.1752345,-470.4841463,-485.7930582,-501.10197,-516.4108818,-531.7197936,-547.0287054,-562.3376173,-577.6465291,-592.9554409,-608.2643527,-623.5732645,-638.8821764,-654.1910882,-669.5,-684.8089118,-700.1178236,-715.4267355,-730.7356473,-746.0445591,-761.3534709,-776.6623827,-791.9712946
13680,261.780394,42.42213884,7.028142589,-18.2532833,-33.42213884,-38.47842402,-68.81613508,-89.0412758,-109.2664165,-129.4915572,-149.7166979,-169.9418386,-190.1669794,-210.3921201,-225.7123827,-241.0326454,-256.3529081,-271.6731707,-286.9934334,-302.3136961,-317.6339587,-332.9542214,-348.2744841,-363.5947467,-378.9150094,-394.235272,-409.5555347,-424.8757974,-440.19606,-455.5163227,-470.8365854,-486.156848,-501.4771107,-516.7973734,-532.117636,-547.4378987,-562.7581614,-578.078424,-593.3986867,-608.7189493,-624.039212,-639.3594747,-654.6797373,-670,-685.3202627,-700.6405253,-715.960788,-731.2810507,-746.6013133,-761.921576,-777.2418386,-792.5621013
13690,261.9724203,42.45028143,7.030018762,-18.27016886,-33.45028143,-38.51031895,-68.87054409,-89.11069418,-109.3508443,-129.5909944,-149.8311445,-170.0712946,-190.3114447,-210.5515947,-225.8832083,-241.2148218,-256.5464353,-271.8780488,-287.2096623,-302.5412758,-317.8728893,-333.2045028,-348.5361163,-363.8677298,-379.1993433,-394.5309568,-409.8625704,-425.1941839,-440.5257974,-455.8574109,-471.1890244,-486.5206379,-501.8522514,-517.1838649,-532.5154784,-547.8470919,-563.1787054,-578.5103189,-593.8419325,-609.173546,-624.5051595,-639.836773,-655.1683865,-670.5,-685.8316135,-701.163227,-716.4948405,-731.826454,-747.1580675,-762.4896811,-777.8212946,-793.1529081
13700,262.1644465,42.47842402,7.031894934,-18.28705441,-33.47842402,-38.54221388,-68.9249531,-89.18011257,-109.435272,-129.6904315,-149.945591,-170.2007505,-190.4559099,-210.7110694,-226.0540338,-241.3969981,-256.7399625,-272.0829268,-287.4258912,-302.7688555,-318.1118199,-333.4547842,-348.7977486,-364.1407129,-379.4836773,-394.8266417,-410.169606,-425.5125704,-440.8555347,-456.1984991,-471.5414634,-486.8844278,-502.2273921,-517.5703565,-532.9133208,-548.2562852,-563.5992495,-578.9422139,-594.2851782,-609.6281426,-624.9711069,-640.3140713,-655.6570356,-671,-686.3429644,-701.6859287,-717.0288931,-732.3718574,-747.7148218,-763.0577861,-778.4007505,-793.7437148
13710,262.3564728,42.5065666,7.033771107,-18.30393996,-33.5065666,-38.57410882,-68.9793621,-89.24953096,-109.5196998,-129.7898687,-150.0600375,-170.3302064,-190.6003752,-210.8705441,-226.2248593,-241.5791745,-256.9334897,-272.2878049,-287.6421201,-302.9964353,-318.3507505,-333.7050657,-349.0593809,-364.4136961,-379.7680113,-395.1223265,-410.4766417,-425.8309568,-441.185272,-456.5395872,-471.8939024,-487.2482176,-502.6025328,-517.956848,-533.3111632,-548.6654784,-564.0197936,-579.3741088,-594.728424,-610.0827392,-625.4370544,-640.7913696,-656.1456848,-671.5,-686.8543152,-702.2086304,-717.5629456,-732.9172608,-748.271576,-763.6258912,-778.9802064,-794.3345216
13720,262.5484991,42.53470919,7.03564728,-18.32082552,-33.53470919,-38.60600375,-69.03377111,-89.31894934,-109.6041276,-129.8893058,-150.1744841,-170.4596623,-190.7448405,-211.0300188,-226.3956848,-241.7613508,-257.1270169,-272.4926829,-287.858349,-303.224015,-318.5896811,-333.9553471,-349.3210131,-364.6866792,-380.0523452,-395.4180113,-410.7836773,-426.1493433,-441.5150094,-456.8806754,-472.2463415,-487.6120075,-502.9776735,-518.3433396,-533.7090056,-549.0746717,-564.4403377,-579.8060038,-595.1716698,-610.5373358,-625.9030019,-641.2686679,-656.634334,-672,-687.365666,-702.7313321,-718.0969981,-733.4626642,-748.8283302,-764.1939962,-779.5596623,-794.9253283
13730,262.7405253,42.56285178,7.037523452,-18.33771107,-33.56285178,-38.63789869,-69.08818011,-89.38836773,-109.6885553,-129.988743,-150.2889306,-170.5891182,-190.8893058,-211.1894934,-226.5665103,-241.9435272,-257.3205441,-272.697561,-288.0745779,-303.4515947,-318.8286116,-334.2056285,-349.5826454,-364.9596623,-380.3366792,-395.7136961,-411.0907129,-426.4677298,-441.8447467,-457.2217636,-472.5987805,-487.9757974,-503.3528143,-518.7298311,-534.106848,-549.4838649,-564.8608818,-580.2378987,-595.6149156,-610.9919325,-626.3689493,-641.7459662,-657.1229831,-672.5,-687.8770169,-703.2540338,-718.6310507,-734.0080675,-749.3850844,-764.7621013,-780.1391182,-795.5161351
13740,262.9325516,42.59099437,7.039399625,-18.35459662,-33.59099437,-38.66979362,-69.14258912,-89.45778612,-109.7729831,-130.0881801,-150.4033771,-170.7185741,-191.0337711,-211.3489681,-226.7373358,-242.1257036,-257.5140713,-272.902439,-288.2908068,-303.6791745,-319.0675422,-334.4559099,-349.8442777,-365.2326454,-380.6210131,-396.0093809,-411.3977486,-426.7861163,-442.1744841,-457.5628518,-472.9512195,-488.3395872,-503.727955,-519.1163227,-534.5046904,-549.8930582,-565.2814259,-580.6697936,-596.0581614,-611.4465291,-626.8348968,-642.2232645,-657.6116323,-673,-688.3883677,-703.7767355,-719.1651032,-734.5534709,-749.9418386,-765.3302064,-780.7185741,-796.1069418
13750,263.1245779,42.61913696,7.041275797,-18.37148218,-33.61913696,-38.70168856,-69.19699812,-89.5272045,-109.8574109,-130.1876173,-150.5178236,-170.84803,-191.1782364,-211.5084428,-226.9081614,-242.3078799,-257.7075985,-273.1073171,-288.5070356,-303.9067542,-319.3064728,-334.7061914,-350.1059099,-365.5056285,-380.9053471,-396.3050657,-411.7047842,-427.1045028,-442.5042214,-457.90394,-473.3036585,-488.7033771,-504.1030957,-519.5028143,-534.9025328,-550.3022514,-565.70197,-581.1016886,-596.5014071,-611.9011257,-627.3008443,-642.7005629,-658.1002814,-673.5,-688.8997186,-704.2994371,-719.6991557,-735.0988743,-750.4985929,-765.8983114,-781.29803,-796.6977486
13760,263.3166041,42.64727955,7.04315197,-18.38836773,-33.64727955,-38.73358349,-69.25140713,-89.59662289,-109.9418386,-130.2870544,-150.6322702,-170.9774859,-191.3227017,-211.6679174,-227.0789869,-242.4900563,-257.9011257,-273.3121951,-288.7232645,-304.134334,-319.5454034,-334.9564728,-350.3675422,-365.7786116,-381.1896811,-396.6007505,-412.0118199,-427.4228893,-442.8339587,-458.2450281,-473.6560976,-489.067167,-504.4782364,-519.8893058,-535.3003752,-550.7114447,-566.1225141,-581.5335835,-596.9446529,-612.3557223,-627.7667917,-643.1778612,-658.5889306,-674,-689.4110694,-704.8221388,-720.2332083,-735.6442777,-751.0553471,-766.4664165,-781.8774859,-797.2885553
13770,263.5086304,42.67542214,7.045028143,-18.40525328,-33.67542214,-38.76547842,-69.30581614,-89.66604128,-110.0262664,-130.3864916,-150.7467167,-171.1069418,-191.467167,-211.8273921,-227.2498124,-242.6722326,-258.0946529,-273.5170732,-288.9394934,-304.3619137,-319.784334,-335.2067542,-350.6291745,-366.0515947,-381.474015,-396.8964353,-412.3188555,-427.7412758,-443.1636961,-458.5861163,-474.0085366,-489.4309568,-504.8533771,-520.2757974,-535.6982176,-551.1206379,-566.5430582,-581.9654784,-597.3878987,-612.8103189,-628.2327392,-643.6551595,-659.0775797,-674.5,-689.9224203,-705.3448405,-720.7672608,-736.1896811,-751.6121013,-767.0345216,-782.4569418,-797.8793621
13780,263.7006567,42.70356473,7.046904315,-18.42213884,-33.70356473,-38.79737336,-69.36022514,-89.73545966,-110.1106942,-130.4859287,-150.8611632,-171.2363977,-191.6116323,-211.9868668,-227.4206379,-242.854409,-258.2881801,-273.7219512,-289.1557223,-304.5894934,-320.0232645,-335.4570356,-350.8908068,-366.3245779,-381.758349,-397.1921201,-412.6258912,-428.0596623,-443.4934334,-458.9272045,-474.3609756,-489.7947467,-505.2285178,-520.6622889,-536.09606,-551.5298311,-566.9636023,-582.3973734,-597.8311445,-613.2649156,-628.6986867,-644.1324578,-659.5662289,-675,-690.4337711,-705.8675422,-721.3013133,-736.7350844,-752.1688555,-767.6026266,-783.0363977,-798.4701689
13790,263.8926829,42.73170732,7.048780488,-18.43902439,-33.73170732,-38.82926829,-69.41463415,-89.80487805,-110.195122,-130.5853659,-150.9756098,-171.3658537,-191.7560976,-212.1463415,-227.5914634,-243.0365854,-258.4817073,-273.9268293,-289.3719512,-304.8170732,-320.2621951,-335.7073171,-351.152439,-366.597561,-382.0426829,-397.4878049,-412.9329268,-428.3780488,-443.8231707,-459.2682927,-474.7134146,-490.1585366,-505.6036585,-521.0487805,-536.4939024,-551.9390244,-567.3841463,-582.8292683,-598.2743902,-613.7195122,-629.1646341,-644.6097561,-660.054878,-675.5,-690.945122,-706.3902439,-721.8353659,-737.2804878,-752.7256098,-768.1707317,-783.6158537,-799.0609756
13800,264.0847092,42.75984991,7.05065666,-18.45590994,-33.75984991,-38.86116323,-69.46904315,-89.87429644,-110.2795497,-130.684803,-151.0900563,-171.4953096,-191.9005629,-212.3058161,-227.7622889,-243.2187617,-258.6752345,-274.1317073,-289.5881801,-305.0446529,-320.5011257,-335.9575985,-351.4140713,-366.8705441,-382.3270169,-397.7834897,-413.2399625,-428.6964353,-444.1529081,-459.6093809,-475.0658537,-490.5223265,-505.9787992,-521.435272,-536.8917448,-552.3482176,-567.8046904,-583.2611632,-598.717636,-614.1741088,-629.6305816,-645.0870544,-660.5435272,-676,-691.4564728,-706.9129456,-722.3694184,-737.8258912,-753.282364,-768.7388368,-784.1953096,-799.6517824
13810,264.2767355,42.7879925,7.052532833,-18.4727955,-33.7879925,-38.89305816,-69.52345216,-89.94371482,-110.3639775,-130.7842402,-151.2045028,-171.6247655,-192.0450281,-212.4652908,-227.9331144,-243.4009381,-258.8687617,-274.3365854,-289.804409,-305.2722326,-320.7400563,-336.2078799,-351.6757036,-367.1435272,-382.6113508,-398.0791745,-413.5469981,-429.0148218,-444.4826454,-459.950469,-475.4182927,-490.8861163,-506.35394,-521.8217636,-537.2895872,-552.7574109,-568.2252345,-583.6930582,-599.1608818,-614.6287054,-630.0965291,-645.5643527,-661.0321764,-676.5,-691.9678236,-707.4356473,-722.9034709,-738.3712946,-753.8391182,-769.3069418,-784.7747655,-800.2425891
13820,264.4687617,42.81613508,7.054409006,-18.48968105,-33.81613508,-38.9249531,-69.57786116,-90.01313321,-110.4484053,-130.8836773,-151.3189493,-171.7542214,-192.1894934,-212.6247655,-228.10394,-243.5831144,-259.0622889,-274.5414634,-290.0206379,-305.4998124,-320.9789869,-336.4581614,-351.9373358,-367.4165103,-382.8956848,-398.3748593,-413.8540338,-429.3332083,-444.8123827,-460.2915572,-475.7707317,-491.2499062,-506.7290807,-522.2082552,-537.6874296,-553.1666041,-568.6457786,-584.1249531,-599.6041276,-615.0833021,-630.5624765,-646.041651,-661.5208255,-677,-692.4791745,-707.958349,-723.4375235,-738.9166979,-754.3958724,-769.8750469,-785.3542214,-800.8333959
13830,264.660788,42.84427767,7.056285178,-18.5065666,-33.84427767,-38.95684803,-69.63227017,-90.08255159,-110.532833,-130.9831144,-151.4333959,-171.8836773,-192.3339587,-212.7842402,-228.2747655,-243.7652908,-259.2558161,-274.7463415,-290.2368668,-305.7273921,-321.2179174,-336.7084428,-352.1989681,-367.6894934,-383.1800188,-398.6705441,-414.1610694,-429.6515947,-445.1421201,-460.6326454,-476.1231707,-491.6136961,-507.1042214,-522.5947467,-538.085272,-553.5757974,-569.0663227,-584.556848,-600.0473734,-615.5378987,-631.028424,-646.5189493,-662.0094747,-677.5,-692.9905253,-708.4810507,-723.971576,-739.4621013,-754.9526266,-770.443152,-785.9336773,-801.4242026
13840,264.8528143,42.87242026,7.058161351,-18.52345216,-33.87242026,-38.98874296,-69.68667917,-90.15196998,-110.6172608,-131.0825516,-151.5478424,-172.0131332,-192.478424,-212.9437148,-228.445591,-243.9474672,-259.4493433,-274.9512195,-290.4530957,-305.9549719,-321.456848,-336.9587242,-352.4606004,-367.9624765,-383.4643527,-398.9662289,-414.4681051,-429.9699812,-445.4718574,-460.9737336,-476.4756098,-491.9774859,-507.4793621,-522.9812383,-538.4831144,-553.9849906,-569.4868668,-584.988743,-600.4906191,-615.9924953,-631.4943715,-646.9962477,-662.4981238,-678,-693.5018762,-709.0037523,-724.5056285,-740.0075047,-755.5093809,-771.011257,-786.5131332,-802.0150094
13850,265.0448405,42.90056285,7.060037523,-18.54033771,-33.90056285,-39.0206379,-69.74108818,-90.22138837,-110.7016886,-131.1819887,-151.6622889,-172.1425891,-192.6228893,-213.1031895,-228.6164165,-244.1296435,-259.6428705,-275.1560976,-290.6693246,-306.1825516,-321.6957786,-337.2090056,-352.7222326,-368.2354597,-383.7486867,-399.2619137,-414.7751407,-430.2883677,-445.8015947,-461.3148218,-476.8280488,-492.3412758,-507.8545028,-523.3677298,-538.8809568,-554.3941839,-569.9074109,-585.4206379,-600.9338649,-616.4470919,-631.9603189,-647.473546,-662.986773,-678.5,-694.013227,-709.526454,-725.0396811,-740.5529081,-756.0661351,-771.5793621,-787.0925891,-802.6058161
13860,265.2368668,42.92870544,7.061913696,-18.55722326,-33.92870544,-39.05253283,-69.79549719,-90.29080675,-110.7861163,-131.2814259,-151.7767355,-172.272045,-192.7673546,-213.2626642,-228.787242,-244.3118199,-259.8363977,-275.3609756,-290.8855535,-306.4101313,-321.9347092,-337.4592871,-352.9838649,-368.5084428,-384.0330206,-399.5575985,-415.0821764,-430.6067542,-446.1313321,-461.6559099,-477.1804878,-492.7050657,-508.2296435,-523.7542214,-539.2787992,-554.8033771,-570.327955,-585.8525328,-601.3771107,-616.9016886,-632.4262664,-647.9508443,-663.4754221,-679,-694.5245779,-710.0491557,-725.5737336,-741.0983114,-756.6228893,-772.1474672,-787.672045,-803.1966229
13870,265.4288931,42.95684803,7.063789869,-18.57410882,-33.95684803,-39.08442777,-69.84990619,-90.36022514,-110.8705441,-131.380863,-151.891182,-172.4015009,-192.9118199,-213.4221388,-228.9580675,-244.4939962,-260.029925,-275.5658537,-291.1017824,-306.6377111,-322.1736398,-337.7095685,-353.2454972,-368.7814259,-384.3173546,-399.8532833,-415.389212,-430.9251407,-446.4610694,-461.9969981,-477.5329268,-493.0688555,-508.6047842,-524.1407129,-539.6766417,-555.2125704,-570.7484991,-586.2844278,-601.8203565,-617.3562852,-632.8922139,-648.4281426,-663.9640713,-679.5,-695.0359287,-710.5718574,-726.1077861,-741.6437148,-757.1796435,-772.7155722,-788.2515009,-803.7874296
13880,265.6209193,42.98499062,7.065666041,-18.59099437,-33.98499062,-39.1163227,-69.9043152,-90.42964353,-110.9549719,-131.4803002,-152.0056285,-172.5309568,-193.0562852,-213.5816135,-229.1288931,-244.6761726,-260.2234522,-275.7707317,-291.3180113,-306.8652908,-322.4125704,-337.9598499,-353.5071295,-369.054409,-384.6016886,-400.1489681,-415.6962477,-431.2435272,-446.7908068,-462.3380863,-477.8853659,-493.4326454,-508.979925,-524.5272045,-540.0744841,-555.6217636,-571.1690432,-586.7163227,-602.2636023,-617.8108818,-633.3581614,-648.9054409,-664.4527205,-680,-695.5472795,-711.0945591,-726.6418386,-742.1891182,-757.7363977,-773.2836773,-788.8309568,-804.3782364
13890,265.8129456,43.01313321,7.067542214,-18.60787992,-34.01313321,-39.14821764,-69.9587242,-90.49906191,-111.0393996,-131.5797373,-152.120075,-172.6604128,-193.2007505,-213.7410882,-229.2997186,-244.858349,-260.4169794,-275.9756098,-291.5342402,-307.0928705,-322.6515009,-338.2101313,-353.7687617,-369.3273921,-384.8860225,-400.4446529,-416.0032833,-431.5619137,-447.1205441,-462.6791745,-478.2378049,-493.7964353,-509.3550657,-524.9136961,-540.4723265,-556.0309568,-571.5895872,-587.1482176,-602.706848,-618.2654784,-633.8241088,-649.3827392,-664.9413696,-680.5,-696.0586304,-711.6172608,-727.1758912,-742.7345216,-758.293152,-773.8517824,-789.4104128,-804.9690432
13900,266.0049719,43.0412758,7.069418386,-18.62476548,-34.0412758,-39.18011257,-70.01313321,-90.5684803,-111.1238274,-131.6791745,-152.2345216,-172.7898687,-193.3452158,-213.9005629,-229.4705441,-245.0405253,-260.6105066,-276.1804878,-291.750469,-307.3204503,-322.8904315,-338.4604128,-354.030394,-369.6003752,-385.1703565,-400.7403377,-416.3103189,-431.8803002,-447.4502814,-463.0202627,-478.5902439,-494.1602251,-509.7302064,-525.3001876,-540.8701689,-556.4401501,-572.0101313,-587.5801126,-603.1500938,-618.720075,-634.2900563,-649.8600375,-665.4300188,-681,-696.5699812,-712.1399625,-727.7099437,-743.279925,-758.8499062,-774.4198874,-789.9898687,-805.5598499
13910,266.1969981,43.06941839,7.071294559,-18.64165103,-34.06941839,-39.2120075,-70.06754221,-90.63789869,-111.2082552,-131.7786116,-152.3489681,-172.9193246,-193.4896811,-214.0600375,-229.6413696,-245.2227017,-260.8040338,-276.3853659,-291.9666979,-307.54803,-323.1293621,-338.7106942,-354.2920263,-369.8733583,-385.4546904,-401.0360225,-416.6173546,-432.1986867,-447.7800188,-463.3613508,-478.9426829,-494.524015,-510.1053471,-525.6866792,-541.2680113,-556.8493433,-572.4306754,-588.0120075,-603.5933396,-619.1746717,-634.7560038,-650.3373358,-665.9186679,-681.5,-697.0813321,-712.6626642,-728.2439962,-743.8253283,-759.4066604,-774.9879925,-790.5693246,-806.1506567
13920,266.3890244,43.09756098,7.073170732,-18.65853659,-34.09756098,-39.24390244,-70.12195122,-90.70731707,-111.2926829,-131.8780488,-152.4634146,-173.0487805,-193.6341463,-214.2195122,-229.8121951,-245.404878,-260.997561,-276.5902439,-292.1829268,-307.7756098,-323.3682927,-338.9609756,-354.5536585,-370.1463415,-385.7390244,-401.3317073,-416.9243902,-432.5170732,-448.1097561,-463.702439,-479.295122,-494.8878049,-510.4804878,-526.0731707,-541.6658537,-557.2585366,-572.8512195,-588.4439024,-604.0365854,-619.6292683,-635.2219512,-650.8146341,-666.4073171,-682,-697.5926829,-713.1853659,-728.7780488,-744.3707317,-759.9634146,-775.5560976,-791.1487805,-806.7414634
13930,266.5810507,43.12570356,7.075046904,-18.67542214,-34.12570356,-39.27579737,-70.17636023,-90.77673546,-111.3771107,-131.9774859,-152.5778612,-173.1782364,-193.7786116,-214.3789869,-229.9830206,-245.5870544,-261.1910882,-276.795122,-292.3991557,-308.0031895,-323.6072233,-339.211257,-354.8152908,-370.4193246,-386.0233583,-401.6273921,-417.2314259,-432.8354597,-448.4394934,-464.0435272,-479.647561,-495.2515947,-510.8556285,-526.4596623,-542.0636961,-557.6677298,-573.2717636,-588.8757974,-604.4798311,-620.0838649,-635.6878987,-651.2919325,-666.8959662,-682.5,-698.1040338,-713.7080675,-729.3121013,-744.9161351,-760.5201689,-776.1242026,-791.7282364,-807.3322702
13940,266.7730769,43.15384615,7.076923077,-18.69230769,-34.15384615,-39.30769231,-70.23076923,-90.84615385,-111.4615385,-132.0769231,-152.6923077,-173.3076923,-193.9230769,-214.5384615,-230.1538462,-245.7692308,-261.3846154,-277,-292.6153846,-308.2307692,-323.8461538,-339.4615385,-355.0769231,-370.6923077,-386.3076923,-401.9230769,-417.5384615,-433.1538462,-448.7692308,-464.3846154,-480,-495.6153846,-511.2307692,-526.8461538,-542.4615385,-558.0769231,-573.6923077,-589.3076923,-604.9230769,-620.5384615,-636.1538462,-651.7692308,-667.3846154,-683,-698.6153846,-714.2307692,-729.8461538,-745.4615385,-761.0769231,-776.6923077,-792.3076923,-807.9230769
13950,266.9651032,43.18198874,7.07879925,-18.70919325,-34.18198874,-39.33958724,-70.28517824,-90.91557223,-111.5459662,-132.1763602,-152.8067542,-173.4371482,-194.0675422,-214.6979362,-230.3246717,-245.9514071,-261.5781426,-277.204878,-292.8316135,-308.458349,-324.0850844,-339.7118199,-355.3385553,-370.9652908,-386.5920263,-402.2187617,-417.8454972,-433.4722326,-449.0989681,-464.7257036,-480.352439,-495.9791745,-511.6059099,-527.2326454,-542.8593809,-558.4861163,-574.1128518,-589.7395872,-605.3663227,-620.9930582,-636.6197936,-652.2465291,-667.8732645,-683.5,-699.1267355,-714.7534709,-730.3802064,-746.0069418,-761.6336773,-777.2604128,-792.8871482,-808.5138837
13960,267.1571295,43.21013133,7.080675422,-18.7260788,-34.21013133,-39.37148218,-70.33958724,-90.98499062,-111.630394,-132.2757974,-152.9212008,-173.5666041,-194.2120075,-214.8574109,-230.4954972,-246.1335835,-261.7716698,-277.4097561,-293.0478424,-308.6859287,-324.324015,-339.9621013,-355.6001876,-371.2382739,-386.8763602,-402.5144465,-418.1525328,-433.7906191,-449.4287054,-465.0667917,-480.704878,-496.3429644,-511.9810507,-527.619137,-543.2572233,-558.8953096,-574.5333959,-590.1714822,-605.8095685,-621.4476548,-637.0857411,-652.7238274,-668.3619137,-684,-699.6380863,-715.2761726,-730.9142589,-746.5523452,-762.1904315,-777.8285178,-793.4666041,-809.1046904
13970,267.3491557,43.23827392,7.082551595,-18.74296435,-34.23827392,-39.40337711,-70.39399625,-91.05440901,-111.7148218,-132.3752345,-153.0356473,-173.69606,-194.3564728,-215.0168856,-230.6663227,-246.3157598,-261.965197,-277.6146341,-293.2640713,-308.9135084,-324.5629456,-340.2123827,-355.8618199,-371.511257,-387.1606942,-402.8101313,-418.4595685,-434.1090056,-449.7584428,-465.4078799,-481.0573171,-496.7067542,-512.3561914,-528.0056285,-543.6550657,-559.3045028,-574.95394,-590.6033771,-606.2528143,-621.9022514,-637.5516886,-653.2011257,-668.8505629,-684.5,-700.1494371,-715.7988743,-731.4483114,-747.0977486,-762.7471857,-778.3966229,-794.04606,-809.6954972
13980,267.541182,43.26641651,7.084427767,-18.75984991,-34.26641651,-39.43527205,-70.44840525,-91.12382739,-111.7992495,-132.4746717,-153.1500938,-173.8255159,-194.5009381,-215.1763602,-230.8371482,-246.4979362,-262.1587242,-277.8195122,-293.4803002,-309.1410882,-324.8018762,-340.4626642,-356.1234522,-371.7842402,-387.4450281,-403.1058161,-418.7666041,-434.4273921,-450.0881801,-465.7489681,-481.4097561,-497.0705441,-512.7313321,-528.3921201,-544.0529081,-559.7136961,-575.3744841,-591.035272,-606.69606,-622.356848,-638.017636,-653.678424,-669.339212,-685,-700.660788,-716.321576,-731.982364,-747.643152,-763.30394,-778.964728,-794.6255159,-810.2863039
13990,267.7332083,43.2945591,7.08630394,-18.77673546,-34.2945591,-39.46716698,-70.50281426,-91.19324578,-111.8836773,-132.5741088,-153.2645403,-173.9549719,-194.6454034,-215.3358349,-231.0079737,-246.6801126,-262.3522514,-278.0243902,-293.6965291,-309.3686679,-325.0408068,-340.7129456,-356.3850844,-372.0572233,-387.7293621,-403.4015009,-419.0736398,-434.7457786,-450.4179174,-466.0900563,-481.7621951,-497.434334,-513.1064728,-528.7786116,-544.4507505,-560.1228893,-575.7950281,-591.467167,-607.1393058,-622.8114447,-638.4835835,-654.1557223,-669.8278612,-685.5,-701.1721388,-716.8442777,-732.5164165,-748.1885553,-763.8606942,-779.532833,-795.2049719,-810.8771107
14000,267.9252345,43.32270169,7.088180113,-18.79362101,-34.32270169,-39.49906191,-70.55722326,-91.26266417,-111.9681051,-132.673546,-153.3789869,-174.0844278,-194.7898687,-215.4953096,-231.1787992,-246.8622889,-262.5457786,-278.2292683,-293.912758,-309.5962477,-325.2797373,-340.963227,-356.6467167,-372.3302064,-388.0136961,-403.6971857,-419.3806754,-435.0641651,-450.7476548,-466.4311445,-482.1146341,-497.7981238,-513.4816135,-529.1651032,-544.8485929,-560.5320826,-576.2155722,-591.8990619,-607.5825516,-623.2660413,-638.949531,-654.6330206,-670.3165103,-686,-701.6834897,-717.3669794,-733.050469,-748.7339587,-764.4174484,-780.1009381,-795.7844278,-811.4679174
14010,268.1172608,43.35084428,7.090056285,-18.81050657,-34.35084428,-39.53095685,-70.61163227,-91.33208255,-112.0525328,-132.7729831,-153.4934334,-174.2138837,-194.934334,-215.6547842,-231.3496248,-247.0444653,-262.7393058,-278.4341463,-294.1289869,-309.8238274,-325.5186679,-341.2135084,-356.908349,-372.6031895,-388.29803,-403.9928705,-419.6877111,-435.3825516,-451.0773921,-466.7722326,-482.4670732,-498.1619137,-513.8567542,-529.5515947,-545.2464353,-560.9412758,-576.6361163,-592.3309568,-608.0257974,-623.7206379,-639.4154784,-655.1103189,-670.8051595,-686.5,-702.1948405,-717.8896811,-733.5845216,-749.2793621,-764.9742026,-780.6690432,-796.3638837,-812.0587242
14020,268.3092871,43.37898687,7.091932458,-18.82739212,-34.37898687,-39.56285178,-70.66604128,-91.40150094,-112.1369606,-132.8724203,-153.6078799,-174.3433396,-195.0787992,-215.8142589,-231.5204503,-247.2266417,-262.932833,-278.6390244,-294.3452158,-310.0514071,-325.7575985,-341.4637899,-357.1699812,-372.8761726,-388.582364,-404.2885553,-419.9947467,-435.7009381,-451.4071295,-467.1133208,-482.8195122,-498.5257036,-514.2318949,-529.9380863,-545.6442777,-561.350469,-577.0566604,-592.7628518,-608.4690432,-624.1752345,-639.8814259,-655.5876173,-671.2938086,-687,-702.7061914,-718.4123827,-734.1185741,-749.8247655,-765.5309568,-781.2371482,-796.9433396,-812.649531
14030,268.5013133,43.40712946,7.09380863,-18.84427767,-34.40712946,-39.59474672,-70.72045028,-91.47091932,-112.2213884,-132.9718574,-153.7223265,-174.4727955,-195.2232645,-215.9737336,-231.6912758,-247.408818,-263.1263602,-278.8439024,-294.5614447,-310.2789869,-325.9965291,-341.7140713,-357.4316135,-373.1491557,-388.8666979,-404.5842402,-420.3017824,-436.0193246,-451.7368668,-467.454409,-483.1719512,-498.8894934,-514.6070356,-530.3245779,-546.0421201,-561.7596623,-577.4772045,-593.1947467,-608.9122889,-624.6298311,-640.3473734,-656.0649156,-671.7824578,-687.5,-703.2175422,-718.9350844,-734.6526266,-750.3701689,-766.0877111,-781.8052533,-797.5227955,-813.2403377
14040,268.6933396,43.43527205,7.095684803,-18.86116323,-34.43527205,-39.62664165,-70.77485929,-91.54033771,-112.3058161,-133.0712946,-153.836773,-174.6022514,-195.3677298,-216.1332083,-231.8621013,-247.5909944,-263.3198874,-279.0487805,-294.7776735,-310.5065666,-326.2354597,-341.9643527,-357.6932458,-373.4221388,-389.1510319,-404.879925,-420.608818,-436.3377111,-452.0666041,-467.7954972,-483.5243902,-499.2532833,-514.9821764,-530.7110694,-546.4399625,-562.1688555,-577.8977486,-593.6266417,-609.3555347,-625.0844278,-640.8133208,-656.5422139,-672.2711069,-688,-703.7288931,-719.4577861,-735.1866792,-750.9155722,-766.6444653,-782.3733583,-798.1022514,-813.8311445
14050,268.8853659,43.46341463,7.097560976,-18.87804878,-34.46341463,-39.65853659,-70.82926829,-91.6097561,-112.3902439,-133.1707317,-153.9512195,-174.7317073,-195.5121951,-216.2926829,-232.0329268,-247.7731707,-263.5134146,-279.2536585,-294.9939024,-310.7341463,-326.4743902,-342.2146341,-357.954878,-373.695122,-389.4353659,-405.1756098,-420.9158537,-436.6560976,-452.3963415,-468.1365854,-483.8768293,-499.6170732,-515.3573171,-531.097561,-546.8378049,-562.5780488,-578.3182927,-594.0585366,-609.7987805,-625.5390244,-641.2792683,-657.0195122,-672.7597561,-688.5,-704.2402439,-719.9804878,-735.7207317,-751.4609756,-767.2012195,-782.9414634,-798.6817073,-814.4219512
14060,269.0773921,43.49155722,7.099437148,-18.89493433,-34.49155722,-39.69043152,-70.8836773,-91.67917448,-112.4746717,-133.2701689,-154.065666,-174.8611632,-195.6566604,-216.4521576,-232.2037523,-247.9553471,-263.7069418,-279.4585366,-295.2101313,-310.9617261,-326.7133208,-342.4649156,-358.2165103,-373.9681051,-389.7196998,-405.4712946,-421.2228893,-436.9744841,-452.7260788,-468.4776735,-484.2292683,-499.980863,-515.7324578,-531.4840525,-547.2356473,-562.987242,-578.7388368,-594.4904315,-610.2420263,-625.993621,-641.7452158,-657.4968105,-673.2484053,-689,-704.7515947,-720.5031895,-736.2547842,-752.006379,-767.7579737,-783.5095685,-799.2611632,-815.012758
14070,269.2694184,43.51969981,7.101313321,-18.91181989,-34.51969981,-39.72232645,-70.9380863,-91.74859287,-112.5590994,-133.369606,-154.1801126,-174.9906191,-195.8011257,-216.6116323,-232.3745779,-248.1375235,-263.900469,-279.6634146,-295.4263602,-311.1893058,-326.9522514,-342.715197,-358.4781426,-374.2410882,-390.0040338,-405.7669794,-421.529925,-437.2928705,-453.0558161,-468.8187617,-484.5817073,-500.3446529,-516.1075985,-531.8705441,-547.6334897,-563.3964353,-579.1593809,-594.9223265,-610.685272,-626.4482176,-642.2111632,-657.9741088,-673.7370544,-689.5,-705.2629456,-721.0258912,-736.7888368,-752.5517824,-768.314728,-784.0776735,-799.8406191,-815.6035647
14080,269.4614447,43.5478424,7.103189493,-18.92870544,-34.5478424,-39.75422139,-70.99249531,-91.81801126,-112.6435272,-133.4690432,-154.2945591,-175.120075,-195.945591,-216.7711069,-232.5454034,-248.3196998,-264.0939962,-279.8682927,-295.6425891,-311.4168856,-327.191182,-342.9654784,-358.7397749,-374.5140713,-390.2883677,-406.0626642,-421.8369606,-437.611257,-453.3855535,-469.1598499,-484.9341463,-500.7084428,-516.4827392,-532.2570356,-548.0313321,-563.8056285,-579.579925,-595.3542214,-611.1285178,-626.9028143,-642.6771107,-658.4514071,-674.2257036,-690,-705.7742964,-721.5485929,-737.3228893,-753.0971857,-768.8714822,-784.6457786,-800.420075,-816.1943715
14090,269.6534709,43.57598499,7.105065666,-18.94559099,-34.57598499,-39.78611632,-71.04690432,-91.88742964,-112.727955,-133.5684803,-154.4090056,-175.249531,-196.0900563,-216.9305816,-232.7162289,-248.5018762,-264.2875235,-280.0731707,-295.858818,-311.6444653,-327.4301126,-343.2157598,-359.0014071,-374.7870544,-390.5727017,-406.358349,-422.1439962,-437.9296435,-453.7152908,-469.5009381,-485.2865854,-501.0722326,-516.8578799,-532.6435272,-548.4291745,-564.2148218,-580.000469,-595.7861163,-611.5717636,-627.3574109,-643.1430582,-658.9287054,-674.7143527,-690.5,-706.2856473,-722.0712946,-737.8569418,-753.6425891,-769.4282364,-785.2138837,-800.999531,-816.7851782
14100,269.8454972,43.60412758,7.106941839,-18.96247655,-34.60412758,-39.81801126,-71.10131332,-91.95684803,-112.8123827,-133.6679174,-154.5234522,-175.3789869,-196.2345216,-217.0900563,-232.8870544,-248.6840525,-264.4810507,-280.2780488,-296.0750469,-311.872045,-327.6690432,-343.4660413,-359.2630394,-375.0600375,-390.8570356,-406.6540338,-422.4510319,-438.24803,-454.0450281,-469.8420263,-485.6390244,-501.4360225,-517.2330206,-533.0300188,-548.8270169,-564.624015,-580.4210131,-596.2180113,-612.0150094,-627.8120075,-643.6090056,-659.4060038,-675.2030019,-691,-706.7969981,-722.5939962,-738.3909944,-754.1879925,-769.9849906,-785.7819887,-801.5789869,-817.375985
14110,270.0375235,43.63227017,7.108818011,-18.9793621,-34.63227017,-39.84990619,-71.15572233,-92.02626642,-112.8968105,-133.7673546,-154.6378987,-175.5084428,-196.3789869,-217.249531,-233.0578799,-248.8662289,-264.6745779,-280.4829268,-296.2912758,-312.0996248,-327.9079737,-343.7163227,-359.5246717,-375.3330206,-391.1413696,-406.9497186,-422.7580675,-438.5664165,-454.3747655,-470.1831144,-485.9914634,-501.7998124,-517.6081614,-533.4165103,-549.2248593,-565.0332083,-580.8415572,-596.6499062,-612.4582552,-628.2666041,-644.0749531,-659.8833021,-675.691651,-691.5,-707.308349,-723.1166979,-738.9250469,-754.7333959,-770.5417448,-786.3500938,-802.1584428,-817.9667917
14120,270.2295497,43.66041276,7.110694184,-18.99624765,-34.66041276,-39.88180113,-71.21013133,-92.0956848,-112.9812383,-133.8667917,-154.7523452,-175.6378987,-196.5234522,-217.4090056,-233.2287054,-249.0484053,-264.8681051,-280.6878049,-296.5075047,-312.3272045,-328.1469043,-343.9666041,-359.7863039,-375.6060038,-391.4257036,-407.2454034,-423.0651032,-438.884803,-454.7045028,-470.5242026,-486.3439024,-502.1636023,-517.9833021,-533.8030019,-549.6227017,-565.4424015,-581.2621013,-597.0818011,-612.9015009,-628.7212008,-644.5409006,-660.3606004,-676.1803002,-692,-707.8196998,-723.6393996,-739.4590994,-755.2787992,-771.0984991,-786.9181989,-802.7378987,-818.5575985
14130,270.421576,43.68855535,7.112570356,-19.01313321,-34.68855535,-39.91369606,-71.26454034,-92.16510319,-113.065666,-133.9662289,-154.8667917,-175.7673546,-196.6679174,-217.5684803,-233.399531,-249.2305816,-265.0616323,-280.8926829,-296.7237336,-312.5547842,-328.3858349,-344.2168856,-360.0479362,-375.8789869,-391.7100375,-407.5410882,-423.3721388,-439.2031895,-455.0342402,-470.8652908,-486.6963415,-502.5273921,-518.3584428,-534.1894934,-550.0205441,-565.8515947,-581.6826454,-597.5136961,-613.3447467,-629.1757974,-645.006848,-660.8378987,-676.6689493,-692.5,-708.3310507,-724.1621013,-739.993152,-755.8242026,-771.6552533,-787.4863039,-803.3173546,-819.1484053
14140,270.6136023,43.71669794,7.114446529,-19.03001876,-34.71669794,-39.94559099,-71.31894934,-92.23452158,-113.1500938,-134.065666,-154.9812383,-175.8968105,-196.8123827,-217.727955,-233.5703565,-249.412758,-265.2551595,-281.097561,-296.9399625,-312.782364,-328.6247655,-344.467167,-360.3095685,-376.15197,-391.9943715,-407.836773,-423.6791745,-439.521576,-455.3639775,-471.206379,-487.0487805,-502.891182,-518.7335835,-534.575985,-550.4183865,-566.260788,-582.1031895,-597.945591,-613.7879925,-629.630394,-645.4727955,-661.315197,-677.1575985,-693,-708.8424015,-724.684803,-740.5272045,-756.369606,-772.2120075,-788.054409,-803.8968105,-819.739212
14150,270.8056285,43.74484053,7.116322702,-19.04690432,-34.74484053,-39.97748593,-71.37335835,-92.30393996,-113.2345216,-134.1651032,-155.0956848,-176.0262664,-196.956848,-217.8874296,-233.741182,-249.5949343,-265.4486867,-281.302439,-297.1561914,-313.0099437,-328.8636961,-344.7174484,-360.5712008,-376.4249531,-392.2787054,-408.1324578,-423.9862101,-439.8399625,-455.6937148,-471.5474672,-487.4012195,-503.2549719,-519.1087242,-534.9624765,-550.8162289,-566.6699812,-582.5237336,-598.3774859,-614.2312383,-630.0849906,-645.938743,-661.7924953,-677.6462477,-693.5,-709.3537523,-725.2075047,-741.061257,-756.9150094,-772.7687617,-788.6225141,-804.4762664,-820.3300188
14160,270.9976548,43.77298311,7.118198874,-19.06378987,-34.77298311,-40.00938086,-71.42776735,-92.37335835,-113.3189493,-134.2645403,-155.2101313,-176.1557223,-197.1013133,-218.0469043,-233.9120075,-249.7771107,-265.6422139,-281.5073171,-297.3724203,-313.2375235,-329.1026266,-344.9677298,-360.832833,-376.6979362,-392.5630394,-408.4281426,-424.2932458,-440.158349,-456.0234522,-471.8885553,-487.7536585,-503.6187617,-519.4838649,-535.3489681,-551.2140713,-567.0791745,-582.9442777,-598.8093809,-614.6744841,-630.5395872,-646.4046904,-662.2697936,-678.1348968,-694,-709.8651032,-725.7302064,-741.5953096,-757.4604128,-773.3255159,-789.1906191,-805.0557223,-820.9208255
14170,271.1896811,43.8011257,7.120075047,-19.08067542,-34.8011257,-40.0412758,-71.48217636,-92.44277674,-113.4033771,-134.3639775,-155.3245779,-176.2851782,-197.2457786,-218.206379,-234.082833,-249.9592871,-265.8357411,-281.7121951,-297.5886492,-313.4651032,-329.3415572,-345.2180113,-361.0944653,-376.9709193,-392.8473734,-408.7238274,-424.6002814,-440.4767355,-456.3531895,-472.2296435,-488.1060976,-503.9825516,-519.8590056,-535.7354597,-551.6119137,-567.4883677,-583.3648218,-599.2412758,-615.1177298,-630.9941839,-646.8706379,-662.7470919,-678.623546,-694.5,-710.376454,-726.2529081,-742.1293621,-758.0058161,-773.8822702,-789.7587242,-805.6351782,-821.5116323
14180,271.3817073,43.82926829,7.12195122,-19.09756098,-34.82926829,-40.07317073,-71.53658537,-92.51219512,-113.4878049,-134.4634146,-155.4390244,-176.4146341,-197.3902439,-218.3658537,-234.2536585,-250.1414634,-266.0292683,-281.9170732,-297.804878,-313.6926829,-329.5804878,-345.4682927,-361.3560976,-377.2439024,-393.1317073,-409.0195122,-424.9073171,-440.795122,-456.6829268,-472.5707317,-488.4585366,-504.3463415,-520.2341463,-536.1219512,-552.0097561,-567.897561,-583.7853659,-599.6731707,-615.5609756,-631.4487805,-647.3365854,-663.2243902,-679.1121951,-695,-710.8878049,-726.7756098,-742.6634146,-758.5512195,-774.4390244,-790.3268293,-806.2146341,-822.102439
14190,271.5737336,43.85741088,7.123827392,-19.11444653,-34.85741088,-40.10506567,-71.59099437,-92.58161351,-113.5722326,-134.5628518,-155.5534709,-176.5440901,-197.5347092,-218.5253283,-234.4244841,-250.3236398,-266.2227955,-282.1219512,-298.0211069,-313.9202627,-329.8194184,-345.7185741,-361.6177298,-377.5168856,-393.4160413,-409.315197,-425.2143527,-441.1135084,-457.0126642,-472.9118199,-488.8109756,-504.7101313,-520.6092871,-536.5084428,-552.4075985,-568.3067542,-584.2059099,-600.1050657,-616.0042214,-631.9033771,-647.8025328,-663.7016886,-679.6008443,-695.5,-711.3991557,-727.2983114,-743.1974672,-759.0966229,-774.9957786,-790.8949343,-806.7940901,-822.6932458
14200,271.7657598,43.88555347,7.125703565,-19.13133208,-34.88555347,-40.1369606,-71.64540338,-92.65103189,-113.6566604,-134.6622889,-155.6679174,-176.673546,-197.6791745,-218.684803,-234.5953096,-250.5058161,-266.4163227,-282.3268293,-298.2373358,-314.1478424,-330.058349,-345.9688555,-361.8793621,-377.7898687,-393.7003752,-409.6108818,-425.5213884,-441.4318949,-457.3424015,-473.2529081,-489.1634146,-505.0739212,-520.9844278,-536.8949343,-552.8054409,-568.7159475,-584.626454,-600.5369606,-616.4474672,-632.3579737,-648.2684803,-664.1789869,-680.0894934,-696,-711.9105066,-727.8210131,-743.7315197,-759.6420263,-775.5525328,-791.4630394,-807.373546,-823.2840525
14210,271.9577861,43.91369606,7.127579737,-19.14821764,-34.91369606,-40.16885553,-71.69981238,-92.72045028,-113.7410882,-134.7617261,-155.782364,-176.8030019,-197.8236398,-218.8442777,-234.7661351,-250.6879925,-266.6098499,-282.5317073,-298.4535647,-314.3754221,-330.2972795,-346.219137,-362.1409944,-378.0628518,-393.9847092,-409.9065666,-425.828424,-441.7502814,-457.6721388,-473.5939962,-489.5158537,-505.4377111,-521.3595685,-537.2814259,-553.2032833,-569.1251407,-585.0469981,-600.9688555,-616.8907129,-632.8125704,-648.7344278,-664.6562852,-680.5781426,-696.5,-712.4218574,-728.3437148,-744.2655722,-760.1874296,-776.1092871,-792.0311445,-807.9530019,-823.8748593
14220,272.1498124,43.94183865,7.12945591,-19.16510319,-34.94183865,-40.20075047,-71.75422139,-92.78986867,-113.8255159,-134.8611632,-155.8968105,-176.9324578,-197.9681051,-219.0037523,-234.9369606,-250.8701689,-266.8033771,-282.7365854,-298.6697936,-314.6030019,-330.5362101,-346.4694184,-362.4026266,-378.3358349,-394.2690432,-410.2022514,-426.1354597,-442.0686679,-458.0018762,-473.9350844,-489.8682927,-505.8015009,-521.7347092,-537.6679174,-553.6011257,-569.534334,-585.4675422,-601.4007505,-617.3339587,-633.267167,-649.2003752,-665.1335835,-681.0667917,-697,-712.9332083,-728.8664165,-744.7996248,-760.732833,-776.6660413,-792.5992495,-808.5324578,-824.465666
14230,272.3418386,43.96998124,7.131332083,-19.18198874,-34.96998124,-40.2326454,-71.80863039,-92.85928705,-113.9099437,-134.9606004,-156.011257,-177.0619137,-198.1125704,-219.163227,-235.1077861,-251.0523452,-266.9969043,-282.9414634,-298.8860225,-314.8305816,-330.7751407,-346.7196998,-362.6642589,-378.608818,-394.5533771,-410.4979362,-426.4424953,-442.3870544,-458.3316135,-474.2761726,-490.2207317,-506.1652908,-522.1098499,-538.054409,-553.9989681,-569.9435272,-585.8880863,-601.8326454,-617.7772045,-633.7217636,-649.6663227,-665.6108818,-681.5554409,-697.5,-713.4445591,-729.3891182,-745.3336773,-761.2782364,-777.2227955,-793.1673546,-809.1119137,-825.0564728
14240,272.5338649,43.99812383,7.133208255,-19.1988743,-34.99812383,-40.26454034,-71.8630394,-92.92870544,-113.9943715,-135.0600375,-156.1257036,-177.1913696,-198.2570356,-219.3227017,-235.2786116,-251.2345216,-267.1904315,-283.1463415,-299.1022514,-315.0581614,-331.0140713,-346.9699812,-362.9258912,-378.8818011,-394.8377111,-410.793621,-426.749531,-442.7054409,-458.6613508,-474.6172608,-490.5731707,-506.5290807,-522.4849906,-538.4409006,-554.3968105,-570.3527205,-586.3086304,-602.2645403,-618.2204503,-634.1763602,-650.1322702,-666.0881801,-682.0440901,-698,-713.9559099,-729.9118199,-745.8677298,-761.8236398,-777.7795497,-793.7354597,-809.6913696,-825.6472795
14250,272.7258912,44.02626642,7.135084428,-19.21575985,-35.02626642,-40.29643527,-71.91744841,-92.99812383,-114.0787992,-135.1594747,-156.2401501,-177.3208255,-198.4015009,-219.4821764,-235.4494371,-251.4166979,-267.3839587,-283.3512195,-299.3184803,-315.2857411,-331.2530019,-347.2202627,-363.1875235,-379.1547842,-395.122045,-411.0893058,-427.0565666,-443.0238274,-458.9910882,-474.958349,-490.9256098,-506.8928705,-522.8601313,-538.8273921,-554.7946529,-570.7619137,-586.7291745,-602.6964353,-618.6636961,-634.6309568,-650.5982176,-666.5654784,-682.5327392,-698.5,-714.4672608,-730.4345216,-746.4017824,-762.3690432,-778.3363039,-794.3035647,-810.2708255,-826.2380863
14260,272.9179174,44.05440901,7.1369606,-19.2326454,-35.05440901,-40.32833021,-71.97185741,-93.06754221,-114.163227,-135.2589118,-156.3545966,-177.4502814,-198.5459662,-219.641651,-235.6202627,-251.5988743,-267.5774859,-283.5560976,-299.5347092,-315.5133208,-331.4919325,-347.4705441,-363.4491557,-379.4277674,-395.406379,-411.3849906,-427.3636023,-443.3422139,-459.3208255,-475.2994371,-491.2780488,-507.2566604,-523.235272,-539.2138837,-555.1924953,-571.1711069,-587.1497186,-603.1283302,-619.1069418,-635.0855535,-651.0641651,-667.0427767,-683.0213884,-699,-714.9786116,-730.9572233,-746.9358349,-762.9144465,-778.8930582,-794.8716698,-810.8502814,-826.8288931
14270,273.1099437,44.08255159,7.138836773,-19.24953096,-35.08255159,-40.36022514,-72.02626642,-93.1369606,-114.2476548,-135.358349,-156.4690432,-177.5797373,-198.6904315,-219.8011257,-235.7910882,-251.7810507,-267.7710131,-283.7609756,-299.7509381,-315.7409006,-331.730863,-347.7208255,-363.710788,-379.7007505,-395.6907129,-411.6806754,-427.6706379,-443.6606004,-459.6505629,-475.6405253,-491.6304878,-507.6204503,-523.6104128,-539.6003752,-555.5903377,-571.5803002,-587.5702627,-603.5602251,-619.5501876,-635.5401501,-651.5301126,-667.520075,-683.5100375,-699.5,-715.4899625,-731.479925,-747.4698874,-763.4598499,-779.4498124,-795.4397749,-811.4297373,-827.4196998
14280,273.30197,44.11069418,7.140712946,-19.26641651,-35.11069418,-40.39212008,-72.08067542,-93.20637899,-114.3320826,-135.4577861,-156.5834897,-177.7091932,-198.8348968,-219.9606004,-235.9619137,-251.963227,-267.9645403,-283.9658537,-299.967167,-315.9684803,-331.9697936,-347.9711069,-363.9724203,-379.9737336,-395.9750469,-411.9763602,-427.9776735,-443.9789869,-459.9803002,-475.9816135,-491.9829268,-507.9842402,-523.9855535,-539.9868668,-555.9881801,-571.9894934,-587.9908068,-603.9921201,-619.9934334,-635.9947467,-651.99606,-667.9973734,-683.9986867,-700,-716.0013133,-732.0026266,-748.00394,-764.0052533,-780.0065666,-796.0078799,-812.0091932,-828.0105066
14290,273.4939962,44.13883677,7.142589118,-19.28330206,-35.13883677,-40.42401501,-72.13508443,-93.27579737,-114.4165103,-135.5572233,-156.6979362,-177.8386492,-198.9793621,-220.120075,-236.1327392,-252.1454034,-268.1580675,-284.1707317,-300.1833959,-316.19606,-332.2087242,-348.2213884,-364.2340525,-380.2467167,-396.2593809,-412.272045,-428.2847092,-444.2973734,-460.3100375,-476.3227017,-492.3353659,-508.34803,-524.3606942,-540.3733583,-556.3860225,-572.3986867,-588.4113508,-604.424015,-620.4366792,-636.4493433,-652.4620075,-668.4746717,-684.4873358,-700.5,-716.5126642,-732.5253283,-748.5379925,-764.5506567,-780.5633208,-796.575985,-812.5886492,-828.6013133
14300,273.6860225,44.16697936,7.144465291,-19.30018762,-35.16697936,-40.45590994,-72.18949343,-93.34521576,-114.5009381,-135.6566604,-156.8123827,-177.9681051,-199.1238274,-220.2795497,-236.3035647,-252.3275797,-268.3515947,-284.3756098,-300.3996248,-316.4236398,-332.4476548,-348.4716698,-364.4956848,-380.5196998,-396.5437148,-412.5677298,-428.5917448,-444.6157598,-460.6397749,-476.6637899,-492.6878049,-508.7118199,-524.7358349,-540.7598499,-556.7838649,-572.8078799,-588.8318949,-604.8559099,-620.879925,-636.90394,-652.927955,-668.95197,-684.975985,-701,-717.024015,-733.04803,-749.072045,-765.09606,-781.120075,-797.1440901,-813.1681051,-829.1921201
